ISO-10303-21;
HEADER;
FILE_DESCRIPTION (( 'STEP AP214' ),
    '1' );
FILE_NAME ('User Library-Terminal lug 70mm2-M8-1.STEP',
    '2026-08-22T13:05:00',
    ( '' ),
    ( '' ),
    'SwSTEP 2.0',
    'SolidWorks 2022',
    '' );
FILE_SCHEMA (( 'AUTOMOTIVE_DESIGN' ));
ENDSEC;

DATA;
#1 =( LENGTH_UNIT ( ) NAMED_UNIT ( * ) SI_UNIT ( .MILLI., .METRE. ) );
#2 = CARTESIAN_POINT ( 'NONE',  ( -8.280317437332000097, -1.704236015952000027, -0.08980800602768000684 ) ) ;
#3 = ORIENTED_EDGE ( 'NONE', *, *, #266, .T. ) ;
#4 = CARTESIAN_POINT ( 'NONE',  ( -11.43451363111132757, -7.757621524501373322, -7.499999160239538831 ) ) ;
#5 = CARTESIAN_POINT ( 'NONE',  ( -8.493997859281002150, 1.119149846842000029, -0.5414816038199999904 ) ) ;
#6 = PRODUCT_DEFINITION_SHAPE ( 'NONE', 'NONE',  #3663 ) ;
#7 =( LENGTH_UNIT ( ) NAMED_UNIT ( * ) SI_UNIT ( .MILLI., .METRE. ) );
#8 = CARTESIAN_POINT ( 'NONE',  ( 11.40444011692600057, -5.323717190452000203, -7.224693696491000239 ) ) ;
#9 = UNCERTAINTY_MEASURE_WITH_UNIT (LENGTH_MEASURE( 1.000000000000000082E-05 ), #3448, 'distance_accuracy_value', 'NONE');
#10 = ORIENTED_EDGE ( 'NONE', *, *, #670, .T. ) ;
#11 = CARTESIAN_POINT ( 'NONE',  ( 8.989002855355002097, 0.4209507362250000106, -1.718327544618000191 ) ) ;
#12 = CARTESIAN_POINT ( 'NONE',  ( 9.449647339194001461, -4.876487022479000899, -3.344124696183000456 ) ) ;
#13 = CARTESIAN_POINT ( 'NONE',  ( -8.280670063002000703, -1.677057522999999994, -0.08148242163216001810 ) ) ;
#14 = CARTESIAN_POINT ( 'NONE',  ( 9.219762020098999145, -3.615401479356000536, -2.225147121746999801 ) ) ;
#15 = CARTESIAN_POINT ( 'NONE',  ( -8.481776234750000754, -2.216301217663999790, -0.5954114732969999491 ) ) ;
#16 = CARTESIAN_POINT ( 'NONE',  ( 8.504815531322000410, 1.237736931086000025, -0.6883509961870001304 ) ) ;
#17 = CARTESIAN_POINT ( 'NONE',  ( 10.87640278049129705, -4.183646482391688792, -7.500371971555201078 ) ) ;
#18 = EDGE_CURVE ( 'NONE', #871, #3455, #2773, .T. ) ;
#19 = FILL_AREA_STYLE_COLOUR ( '', #2733 ) ;
#20 = CARTESIAN_POINT ( 'NONE',  ( -8.338785874761999395, -1.851157140195000217, -0.2344852441249999919 ) ) ;
#21 = CARTESIAN_POINT ( 'NONE',  ( -8.259559143622000832, 1.589519621308999930, -0.03923086679721000253 ) ) ;
#22 = CARTESIAN_POINT ( 'NONE',  ( 11.51929999999999943, -6.582740000000000258, -7.500000000000000000 ) ) ;
#23 = CARTESIAN_POINT ( 'NONE',  ( -8.586693767875001271, 0.9314568113279999562, -0.7431811544480001475 ) ) ;
#24 = PRESENTATION_STYLE_ASSIGNMENT (( #2313 ) ) ;
#25 = ORIENTED_EDGE ( 'NONE', *, *, #34, .T. ) ;
#26 = CARTESIAN_POINT ( 'NONE',  ( 9.872423200794999687, -0.9962626613180001200, -3.722339010232000422 ) ) ;
#27 = CARTESIAN_POINT ( 'NONE',  ( -8.257148307400999698, -1.650188969862999899, -0.03412234970504000181 ) ) ;
#28 = CARTESIAN_POINT ( 'NONE',  ( -4.871484326706999823, 7.779158573559000089, 0.0000000000000000000 ) ) ;
#29 = CARTESIAN_POINT ( 'NONE',  ( 9.018521152911999295, -3.201994165882999788, -1.766798008392999719 ) ) ;
#30 = CARTESIAN_POINT ( 'NONE',  ( 3.851859888774000017E-34, -8.400000000000002132, -13.99999999999999822 ) ) ;
#31 = CARTESIAN_POINT ( 'NONE',  ( -9.051082750244999531, -3.762803365139999912, -2.158937310850999935 ) ) ;
#32 = CARTESIAN_POINT ( 'NONE',  ( 10.63226398023300057, -5.190308203810999998, -8.944854957659000405 ) ) ;
#33 =( LENGTH_UNIT ( ) NAMED_UNIT ( * ) SI_UNIT ( .MILLI., .METRE. ) );
#34 = EDGE_CURVE ( 'NONE', #2855, #2657, #1806, .T. ) ;
#35 = CARTESIAN_POINT ( 'NONE',  ( -9.629818329934167309, -2.369635357685649701, -5.831439535320870782 ) ) ;
#36 = CARTESIAN_POINT ( 'NONE',  ( -8.407592356532999744, -2.025830487308000638, -0.4068855512139999409 ) ) ;
#37 = CARTESIAN_POINT ( 'NONE',  ( -11.87933581447000009, -4.553189918047999996, -8.463270961358999145 ) ) ;
#38 = CYLINDRICAL_SURFACE ( 'NONE', #3242, 1.000000000000000000 ) ;
#39 =( GEOMETRIC_REPRESENTATION_CONTEXT ( 3 ) GLOBAL_UNCERTAINTY_ASSIGNED_CONTEXT ( ( #3385 ) ) GLOBAL_UNIT_ASSIGNED_CONTEXT ( ( #1707, #3351, #1146 ) ) REPRESENTATION_CONTEXT ( 'NONE', 'WORKASPACE' ) );
#40 = ORIENTED_EDGE ( 'NONE', *, *, #1186, .T. ) ;
#41 = ADVANCED_FACE ( 'NONE', ( #2908 ), #3249, .T. ) ;
#42 = COLOUR_RGB ( '',0.8000000000000000444, 0.8000000000000000444, 0.8000000000000000444 ) ;
#43 = CARTESIAN_POINT ( 'NONE',  ( -10.35283814910011557, -3.045303550515267244, -4.778138434630275988 ) ) ;
#44 = CARTESIAN_POINT ( 'NONE',  ( -8.617430252771999477, 0.8685159574030000273, -0.8102084351399999607 ) ) ;
#45 = CARTESIAN_POINT ( 'NONE',  ( -8.399999999999996803, -16.79999999999999361, 23.69999999999999929 ) ) ;
#46 = CARTESIAN_POINT ( 'NONE',  ( 9.959649999999999892, -3.066369999999999152, -3.750000000000000000 ) ) ;
#47 = STYLED_ITEM ( 'NONE', ( #2943 ), #2290 ) ;
#48 = VERTEX_POINT ( 'NONE', #1591 ) ;
#49 = CARTESIAN_POINT ( 'NONE',  ( 11.86771729292800082, -4.455309571891000076, -8.333397458074999875 ) ) ;
#50 = CARTESIAN_POINT ( 'NONE',  ( -8.247530796059999503, -1.626433866141000051, -0.01065680120763000047 ) ) ;
#51 = CARTESIAN_POINT ( 'NONE',  ( 11.51929999999999943, -3.882740000000000080, -7.500000000000000000 ) ) ;
#52 = CARTESIAN_POINT ( 'NONE',  ( 8.372774151706000367, -1.877464823579000130, -0.2947258065239999891 ) ) ;
#53 = CARTESIAN_POINT ( 'NONE',  ( -8.686653011319000584, -2.755125409546999915, -1.132621248348999909 ) ) ;
#54 = CARTESIAN_POINT ( 'NONE',  ( 8.339934950239999978, 1.453859747749999709, -0.2216599203209999869 ) ) ;
#55 = DIRECTION ( 'NONE',  ( 1.000000000000000000, 0.0000000000000000000, 0.0000000000000000000 ) ) ;
#56 =( BOUNDED_CURVE ( )  B_SPLINE_CURVE ( 3, ( #2261, #2301, #1970, #2011 ),
 .UNSPECIFIED., .F., .T. ) 
 B_SPLINE_CURVE_WITH_KNOTS ( ( 4, 4 ),
 ( 0.0000000000000000000, 0.5000000000000000000 ),
 .UNSPECIFIED. ) 
 CURVE ( )  GEOMETRIC_REPRESENTATION_ITEM ( )  RATIONAL_B_SPLINE_CURVE ( ( 1.000000000000000000, 0.3333333333333333703, 0.3333333333333333703, 1.000000000000000000 ) ) 
 REPRESENTATION_ITEM ( '' )  );
#57 = CARTESIAN_POINT ( 'NONE',  ( 8.334079881948001756, -1.768213038205000087, -0.1972152007999999901 ) ) ;
#58 = SURFACE_STYLE_USAGE ( .BOTH. , #2588 ) ;
#59 = CARTESIAN_POINT ( 'NONE',  ( -9.701665819292232484, -2.606873215461010140, -6.094683602127422439 ) ) ;
#60 = CARTESIAN_POINT ( 'NONE',  ( -8.469480790767999423, -2.184563971613000533, -0.5639537972410001432 ) ) ;
#61 = CARTESIAN_POINT ( 'NONE',  ( -10.08132401686999913, -3.782442710818000098, -7.389100129921000182 ) ) ;
#62 = CARTESIAN_POINT ( 'NONE',  ( 0.0000000000000000000, 0.0000000000000000000, 23.99999999994406608 ) ) ;
#63 = EDGE_CURVE ( 'NONE', #3423, #641, #2172, .T. ) ;
#64 = VERTEX_POINT ( 'NONE', #1366 ) ;
#65 = CARTESIAN_POINT ( 'NONE',  ( 8.644554229947999602, -2.628133854001000191, -1.005969990244999890 ) ) ;
#66 = CARTESIAN_POINT ( 'NONE',  ( -10.18852441189999958, -5.047637829143000410, -4.432979771843999828 ) ) ;
#67 = CARTESIAN_POINT ( 'NONE',  ( -2.576003697127999814, 8.942378205016000337, 0.0000000000000000000 ) ) ;
#68 = CARTESIAN_POINT ( 'NONE',  ( 8.401463530556000592, -1.936272839553000003, -0.3602054475359999786 ) ) ;
#69 = CARTESIAN_POINT ( 'NONE',  ( -8.345076206392000984, -1.867039012975000301, -0.2501405719320000109 ) ) ;
#70 = CARTESIAN_POINT ( 'NONE',  ( 8.364024960240000084, 1.414324199873999710, -0.2772220857699999597 ) ) ;
#71 = CARTESIAN_POINT ( 'NONE',  ( 11.21678944184722937, -4.578309693134952063, -7.500138729218568834 ) ) ;
#72 = CARTESIAN_POINT ( 'NONE',  ( 8.277127524354000343, -1.670310308350000161, -0.07285967163518999867 ) ) ;
#73 =( NAMED_UNIT ( * ) SI_UNIT ( $, .STERADIAN. ) SOLID_ANGLE_UNIT ( ) );
#74 = SURFACE_STYLE_USAGE ( .BOTH. , #882 ) ;
#75 = CARTESIAN_POINT ( 'NONE',  ( -8.291420722358001427, -1.732033615176000296, -0.1171598382490000034 ) ) ;
#76 = CARTESIAN_POINT ( 'NONE',  ( -9.187072740557999495, -0.7348869748659999646, -3.940328561675999985 ) ) ;
#77 =( NAMED_UNIT ( * ) PLANE_ANGLE_UNIT ( ) SI_UNIT ( $, .RADIAN. ) );
#78 = SURFACE_STYLE_USAGE ( .BOTH. , #2964 ) ;
#79 = AXIS2_PLACEMENT_3D ( 'NONE', #3088, #3345, #529 ) ;
#80 = CARTESIAN_POINT ( 'NONE',  ( -10.96189005325745747, -4.005009845256773282, -24.47733994598269192 ) ) ;
#81 = CARTESIAN_POINT ( 'NONE',  ( -8.267491609877001935, 1.575698439666000095, -0.05728418685674999816 ) ) ;
#82 = ORIENTED_EDGE ( 'NONE', *, *, #18, .T. ) ;
#83 = CARTESIAN_POINT ( 'NONE',  ( 8.460013212035999430, -2.152630465644000068, -0.5326031826260001489 ) ) ;
#84 = CARTESIAN_POINT ( 'NONE',  ( -8.553809393652999304, -2.152574399150000151, -0.6872565621949999759 ) ) ;
#85 = LINE ( 'NONE', #134, #404 ) ;
#86 = CARTESIAN_POINT ( 'NONE',  ( -8.326826694629518855, -1.757226387398246770, -0.1833794806656430798 ) ) ;
#87 = CARTESIAN_POINT ( 'NONE',  ( 11.49830420428799904, -8.350015386337998891, -7.440224876228000994 ) ) ;
#88 = CARTESIAN_POINT ( 'NONE',  ( 8.300043864305999719, 1.533472337665000129, -0.1389933541280000129 ) ) ;
#89 = CARTESIAN_POINT ( 'NONE',  ( 8.275161967354002002, -1.666933512464000122, -0.06857304274169999381 ) ) ;
#90 = CARTESIAN_POINT ( 'NONE',  ( 3.851859888774000017E-34, -3.899999999999999911, -18.25000000000000000 ) ) ;
#91 = CARTESIAN_POINT ( 'NONE',  ( -8.984022202247379241, 0.1200250385612889742, -2.766734680193823959 ) ) ;
#92 =( NAMED_UNIT ( * ) PLANE_ANGLE_UNIT ( ) SI_UNIT ( $, .RADIAN. ) );
#93 = CARTESIAN_POINT ( 'NONE',  ( -8.557007608773000484, 1.151735940091000110, -0.8541970210499999494 ) ) ;
#94 =( LENGTH_UNIT ( ) NAMED_UNIT ( * ) SI_UNIT ( .MILLI., .METRE. ) );
#95 =( NAMED_UNIT ( * ) PLANE_ANGLE_UNIT ( ) SI_UNIT ( $, .RADIAN. ) );
#96 = CARTESIAN_POINT ( 'NONE',  ( -8.306576852884999695, 1.482108348314999935, -0.1298519786890000027 ) ) ;
#97 = EDGE_LOOP ( 'NONE', ( #2314, #2141 ) ) ;
#98 = COLOUR_RGB ( '',0.8000000000000000444, 0.8000000000000000444, 0.8000000000000000444 ) ;
#99 = CARTESIAN_POINT ( 'NONE',  ( 8.378180003789999830, -1.946320813827999929, -0.3285253366870000136 ) ) ;
#100 = CARTESIAN_POINT ( 'NONE',  ( -8.661700296069000160, -2.341123105517000091, -0.9283813116489999517 ) ) ;
#101 = DIRECTION ( 'NONE',  ( 0.0000000000000000000, -2.220446049250000002E-16, 1.000000000000000000 ) ) ;
#102 =( GEOMETRIC_REPRESENTATION_CONTEXT ( 3 ) GLOBAL_UNCERTAINTY_ASSIGNED_CONTEXT ( ( #2860 ) ) GLOBAL_UNIT_ASSIGNED_CONTEXT ( ( #1273, #420, #1204 ) ) REPRESENTATION_CONTEXT ( 'NONE', 'WORKASPACE' ) );
#103 = COLOUR_RGB ( '',0.8000000000000000444, 0.8000000000000000444, 0.8000000000000000444 ) ;
#104 = CARTESIAN_POINT ( 'NONE',  ( 10.53845963365000138, -4.940833559519000495, -8.668356004312000707 ) ) ;
#105 = CARTESIAN_POINT ( 'NONE',  ( 9.299231187433999679, -3.442544981888000066, -2.344538620199000167 ) ) ;
#106 = EDGE_CURVE ( 'NONE', #3415, #2894, #2413, .T. ) ;
#107 = CARTESIAN_POINT ( 'NONE',  ( 8.712609780160304851, 0.8988872858127541221, -1.355714098945489443 ) ) ;
#108 = FACE_OUTER_BOUND ( 'NONE', #2597, .T. ) ;
#109 = CARTESIAN_POINT ( 'NONE',  ( -9.825470981685999305, -3.014324686085000593, -6.545408078981999722 ) ) ;
#110 = CARTESIAN_POINT ( 'NONE',  ( 8.745284645225000375, 0.6151082802090001023, -1.077647025956000038 ) ) ;
#111 = VERTEX_POINT ( 'NONE', #2981 ) ;
#112 = DIRECTION ( 'NONE',  ( 0.0000000000000000000, 1.000000000000000000, 0.0000000000000000000 ) ) ;
#113 = CARTESIAN_POINT ( 'NONE',  ( -10.01524473525000047, -2.266948754091000051, -3.977226561236999913 ) ) ;
#114 = EDGE_LOOP ( 'NONE', ( #3066, #1096 ) ) ;
#115 = CARTESIAN_POINT ( 'NONE',  ( 8.583654857582999398, -2.469741053541000042, -0.8478149779439999589 ) ) ;
#116 = CARTESIAN_POINT ( 'NONE',  ( -9.287910897830000678, -3.442375419261999969, -2.345955125791999940 ) ) ;
#117 = CARTESIAN_POINT ( 'NONE',  ( -9.921211253098109140, -4.568612938751142494, -3.808901996864476835 ) ) ;
#118 = CARTESIAN_POINT ( 'NONE',  ( 11.47010275414799807, -8.290847375101002115, -7.375196204921999232 ) ) ;
#119 = CARTESIAN_POINT ( 'NONE',  ( -8.275592129953999176, -1.679039114667999932, -0.07370896765098999825 ) ) ;
#120 = DIRECTION ( 'NONE',  ( 1.000000000000000000, 0.0000000000000000000, 0.0000000000000000000 ) ) ;
#121 = CARTESIAN_POINT ( 'NONE',  ( 8.666147006657000773, -2.341193621134999958, -0.9278195710529999474 ) ) ;
#122 = CARTESIAN_POINT ( 'NONE',  ( -2.576003697126000080, -8.942378205011999981, 0.0000000000000000000 ) ) ;
#123 = CARTESIAN_POINT ( 'NONE',  ( -8.746923257086299586, 0.8176421383050117564, -1.517660219320160264 ) ) ;
#124 = ADVANCED_FACE ( 'NONE', ( #517, #1612 ), #3015, .F. ) ;
#125 = CARTESIAN_POINT ( 'NONE',  ( -8.622742642082000586, 1.045063986735000228, -1.063694639390000196 ) ) ;
#126 = CARTESIAN_POINT ( 'NONE',  ( 8.243698300824000569, -1.612897493640000013, 0.0000000000000000000 ) ) ;
#127 = CARTESIAN_POINT ( 'NONE',  ( 11.49999999999999645, -7.553871317061349622, -23.99999999999384315 ) ) ;
#128 = CARTESIAN_POINT ( 'NONE',  ( -8.283225957599997358, 1.545284926858000230, -0.09141309606972999879 ) ) ;
#129 = CARTESIAN_POINT ( 'NONE',  ( -11.36725477148000252, -5.319591997083001012, -7.224701465706999670 ) ) ;
#130 = AXIS2_PLACEMENT_3D ( 'NONE', #1604, #781, #2203 ) ;
#131 = ORIENTED_EDGE ( 'NONE', *, *, #1006, .F. ) ;
#132 = CARTESIAN_POINT ( 'NONE',  ( 8.880982765227999565, -3.259763873805999967, -1.643473257456000036 ) ) ;
#133 = CARTESIAN_POINT ( 'NONE',  ( -8.375832505057999811, -1.842431287629999970, -0.2917841431459999857 ) ) ;
#134 = CARTESIAN_POINT ( 'NONE',  ( -6.000000000000000000, 7.347880794884119736E-16, 0.0000000000000000000 ) ) ;
#135 =( GEOMETRIC_REPRESENTATION_CONTEXT ( 3 ) GLOBAL_UNCERTAINTY_ASSIGNED_CONTEXT ( ( #1037 ) ) GLOBAL_UNIT_ASSIGNED_CONTEXT ( ( #33, #317, #901 ) ) REPRESENTATION_CONTEXT ( 'NONE', 'WORKASPACE' ) );
#136 = CARTESIAN_POINT ( 'NONE',  ( -8.271537322655952096, -1.661199842895026979, -0.06134198439936702774 ) ) ;
#137 = CARTESIAN_POINT ( 'NONE',  ( 8.243698300824000569, -1.612897493638999924, -1.465494392504999952E-14 ) ) ;
#138 = CARTESIAN_POINT ( 'NONE',  ( -8.272048221404000756, -1.671689705743000021, -0.06551942825985999919 ) ) ;
#139 = FILL_AREA_STYLE ('',( #2667 ) ) ;
#140 = FILL_AREA_STYLE_COLOUR ( '', #158 ) ;
#141 = CARTESIAN_POINT ( 'NONE',  ( 8.898875140603999867, -2.744736610051000447, -1.445095548220000081 ) ) ;
#142 = UNCERTAINTY_MEASURE_WITH_UNIT (LENGTH_MEASURE( 1.000000000000000082E-05 ), #1383, 'distance_accuracy_value', 'NONE');
#143 = ORIENTED_EDGE ( 'NONE', *, *, #1931, .T. ) ;
#144 = FILL_AREA_STYLE_COLOUR ( '', #3417 ) ;
#145 =( LENGTH_UNIT ( ) NAMED_UNIT ( * ) SI_UNIT ( .MILLI., .METRE. ) );
#146 =( NAMED_UNIT ( * ) SI_UNIT ( $, .STERADIAN. ) SOLID_ANGLE_UNIT ( ) );
#147 = CARTESIAN_POINT ( 'NONE',  ( 11.51929999999999943, -8.382740000000000080, -7.500000000000000000 ) ) ;
#148 = SURFACE_STYLE_USAGE ( .BOTH. , #2675 ) ;
#149 = CARTESIAN_POINT ( 'NONE',  ( -8.449996787056999636, 1.269619930226999927, -0.4811227813499999728 ) ) ;
#150 = EDGE_LOOP ( 'NONE', ( #3176, #618, #700 ) ) ;
#151 = CARTESIAN_POINT ( 'NONE',  ( 9.449647339194003237, -4.876487022479000899, -3.344124696183000456 ) ) ;
#152 = MANIFOLD_SOLID_BREP ( 'Imported1', #1352 ) ;
#153 = CARTESIAN_POINT ( 'NONE',  ( -8.280106655871009025, -1.676076060923557431, -0.08023812260601317914 ) ) ;
#154 = CONICAL_SURFACE ( 'NONE', #3524, 6.999999999891315383, 0.7853981634258699884 ) ;
#155 = CARTESIAN_POINT ( 'NONE',  ( 8.447490248473000563, -2.120897127787999992, -0.5011714681929999582 ) ) ;
#156 = CARTESIAN_POINT ( 'NONE',  ( -10.68890833272000052, -8.466138102166999246, -7.604852395353001171 ) ) ;
#157 = PRESENTATION_LAYER_ASSIGNMENT (  '', '', ( #2298 ) ) ;
#158 = COLOUR_RGB ( '',0.7921568627450980005, 0.8196078431372548767, 0.9333333333333333481 ) ;
#159 = SURFACE_SIDE_STYLE ('',( #412 ) ) ;
#160 = CARTESIAN_POINT ( 'NONE',  ( 10.21010802791100147, -5.047881453420999698, -4.430368368014000247 ) ) ;
#161 = VECTOR ( 'NONE', #3062, 1000.000000000000000 ) ;
#162 = CARTESIAN_POINT ( 'NONE',  ( 9.634405792520684741, -2.301531908031872575, -5.757104178601707645 ) ) ;
#163 = CARTESIAN_POINT ( 'NONE',  ( -8.746872164353293400, 0.8177472893356324546, -1.517450108426705579 ) ) ;
#164 = CARTESIAN_POINT ( 'NONE',  ( -11.20633757271310493, -4.620100487053154126, -7.500062534183858709 ) ) ;
#165 =( LENGTH_UNIT ( ) NAMED_UNIT ( * ) SI_UNIT ( .MILLI., .METRE. ) );
#166 = CARTESIAN_POINT ( 'NONE',  ( 8.283698680746002907, 1.545411011190000128, -0.09150451750199002643 ) ) ;
#167 =( GEOMETRIC_REPRESENTATION_CONTEXT ( 3 ) GLOBAL_UNCERTAINTY_ASSIGNED_CONTEXT ( ( #2799 ) ) GLOBAL_UNIT_ASSIGNED_CONTEXT ( ( #448, #1302, #3224 ) ) REPRESENTATION_CONTEXT ( 'NONE', 'WORKASPACE' ) );
#168 = FILL_AREA_STYLE ('',( #456 ) ) ;
#169 = DIRECTION ( 'NONE',  ( -1.000000000000000000, -0.0000000000000000000, -0.0000000000000000000 ) ) ;
#170 = CARTESIAN_POINT ( 'NONE',  ( -8.434093589279001435, 1.295858614142999965, -0.4440136499149999749 ) ) ;
#171 = CARTESIAN_POINT ( 'NONE',  ( -11.24763763636000036, -6.979171658593999794, -6.942030984140999728 ) ) ;
#172 = ADVANCED_FACE ( 'NONE', ( #1764 ), #2870, .F. ) ;
#173 = DIRECTION ( 'NONE',  ( -1.224646799147353207E-16, 1.000000000000000000, 0.0000000000000000000 ) ) ;
#174 = CARTESIAN_POINT ( 'NONE',  ( 8.418195742309000806, 1.274481545165000007, -0.3728856573640000338 ) ) ;
#175 = CARTESIAN_POINT ( 'NONE',  ( 8.346413062998999877, -1.866946467196999970, -0.2501837599399999723 ) ) ;
#176 = CARTESIAN_POINT ( 'NONE',  ( -8.328755080804997490, -1.789290550525999945, -0.1965411064929999674 ) ) ;
#177 = PRODUCT_DEFINITION_SHAPE ( 'NONE', 'NONE',  #2025 ) ;
#178 = CARTESIAN_POINT ( 'NONE',  ( 9.037003656279777530, -0.04162388263910155733, -3.013139737161098175 ) ) ;
#179 = CARTESIAN_POINT ( 'NONE',  ( -8.267603777435999390, -1.672466613304000038, -0.05855985816721000214 ) ) ;
#180 = FILL_AREA_STYLE_COLOUR ( '', #98 ) ;
#181 = CARTESIAN_POINT ( 'NONE',  ( 9.692280025006999367, -1.482198819426000069, -3.182934488618000213 ) ) ;
#182 = CARTESIAN_POINT ( 'NONE',  ( 0.0000000000000000000, 0.0000000000000000000, 0.0000000000000000000 ) ) ;
#183 = DIRECTION ( 'NONE',  ( -0.0000000000000000000, -1.000000000000000000, -2.220446049250000002E-16 ) ) ;
#184 = CARTESIAN_POINT ( 'NONE',  ( -8.686653011319000584, -2.755125409547000359, -1.132621248348999909 ) ) ;
#185 = CARTESIAN_POINT ( 'NONE',  ( 9.238272392887999729, -4.260744591785999624, -2.681338488341999948 ) ) ;
#186 = CARTESIAN_POINT ( 'NONE',  ( -8.478479316266000154, 1.150274457839000286, -0.5077794360200000856 ) ) ;
#187 =( BOUNDED_CURVE ( )  B_SPLINE_CURVE ( 3, ( #1530, #388, #3509, #372 ),
 .UNSPECIFIED., .F., .T. ) 
 B_SPLINE_CURVE_WITH_KNOTS ( ( 4, 4 ),
 ( 0.5000000000000000000, 1.000000000000000000 ),
 .UNSPECIFIED. ) 
 CURVE ( )  GEOMETRIC_REPRESENTATION_ITEM ( )  RATIONAL_B_SPLINE_CURVE ( ( 1.000000000000000000, 0.3333333333333333703, 0.3333333333333333703, 1.000000000000000000 ) ) 
 REPRESENTATION_ITEM ( '' )  );
#188 = FACE_OUTER_BOUND ( 'NONE', #2975, .T. ) ;
#189 = CARTESIAN_POINT ( 'NONE',  ( 10.03580973592199932, -2.268973617490000372, -3.977272169607999786 ) ) ;
#190 = CARTESIAN_POINT ( 'NONE',  ( -8.598219774540000415, -2.348204860098999980, -0.8186082657570000753 ) ) ;
#191 = PRESENTATION_STYLE_ASSIGNMENT (( #2723 ) ) ;
#192 = CARTESIAN_POINT ( 'NONE',  ( 8.326158101092001829, -1.781913429722000508, -0.1883092464280000378 ) ) ;
#193 = CARTESIAN_POINT ( 'NONE',  ( -11.48069999999707846, -5.567139929301507806, -7.500000000000826006 ) ) ;
#194 =( NAMED_UNIT ( * ) SI_UNIT ( $, .STERADIAN. ) SOLID_ANGLE_UNIT ( ) );
#195 = CARTESIAN_POINT ( 'NONE',  ( 10.60497388973698740, -3.561477726831970614, -5.316413219306969751 ) ) ;
#196 = FILL_AREA_STYLE ('',( #2731 ) ) ;
#197 = FILL_AREA_STYLE ('',( #3034 ) ) ;
#198 = CARTESIAN_POINT ( 'NONE',  ( -11.49999999999692513, -3.899999999999997247, -23.99999999999667821 ) ) ;
#199 = CARTESIAN_POINT ( 'NONE',  ( -9.992230000178000893, -6.554416319842000682, -5.250793569115001169 ) ) ;
#200 = CARTESIAN_POINT ( 'NONE',  ( -9.077235570250000052, 0.2686797878450000177, -1.943362222980999920 ) ) ;
#201 = CARTESIAN_POINT ( 'NONE',  ( 10.43588432036800029, -7.705310536282000022, -6.652287292072000646 ) ) ;
#202 = DIRECTION ( 'NONE',  ( 0.0000000000000000000, -1.000000000000000000, -2.153159805334000109E-16 ) ) ;
#203 = CARTESIAN_POINT ( 'NONE',  ( 9.461200972521000452, -0.9540908914440000554, -2.656907004933000582 ) ) ;
#204 = B_SPLINE_CURVE_WITH_KNOTS ( 'NONE', 3,
 ( #1257, #2346, #983, #2043, #2366, #2876, #656, #1556, #80, #1525, #1489, #2595 ),
 .UNSPECIFIED., .F., .F.,
 ( 4, 2, 2, 2, 2, 4 ),
 ( 3.839592049009259495E-16, 0.0004537793468709890379, 0.0006806690203062925205, 0.0009075586937415960030, 0.001361338040612194294, 0.001815117387482792586 ),
 .UNSPECIFIED. ) ;
#205 = CARTESIAN_POINT ( 'NONE',  ( 8.559159386696002514, -2.406357451648999835, -0.7846361527540000047 ) ) ;
#206 = CARTESIAN_POINT ( 'NONE',  ( -8.399651399283998288, -1.936323814415999989, -0.3602887977909999817 ) ) ;
#207 = CARTESIAN_POINT ( 'NONE',  ( -8.243698300824000569, 1.612897493640000013, 0.0000000000000000000 ) ) ;
#208 =( GEOMETRIC_REPRESENTATION_CONTEXT ( 3 ) GLOBAL_UNCERTAINTY_ASSIGNED_CONTEXT ( ( #1169 ) ) GLOBAL_UNIT_ASSIGNED_CONTEXT ( ( #3286, #1072, #3566 ) ) REPRESENTATION_CONTEXT ( 'NONE', 'WORKASPACE' ) );
#209 = CARTESIAN_POINT ( 'NONE',  ( 8.959611795119229782, 0.2603490266804046604, -2.546363185639192395 ) ) ;
#210 = COLOUR_RGB ( '',0.8000000000000000444, 0.8000000000000000444, 0.8000000000000000444 ) ;
#211 = CARTESIAN_POINT ( 'NONE',  ( -8.286664009044999446, -1.720120418825000108, -0.1054367768490000051 ) ) ;
#212 = CARTESIAN_POINT ( 'NONE',  ( 8.275651286943002560, 1.560662754802000007, -0.07450985392702000332 ) ) ;
#213 = CARTESIAN_POINT ( 'NONE',  ( 11.41715295780614348, -4.991647979772934285, -7.499991808900320578 ) ) ;
#214 = EDGE_CURVE ( 'NONE', #3531, #2420, #1114, .T. ) ;
#215 = PRESENTATION_LAYER_ASSIGNMENT (  '', '', ( #2417 ) ) ;
#216 = DIRECTION ( 'NONE',  ( 1.000000000000000000, 0.0000000000000000000, 0.0000000000000000000 ) ) ;
#217 = MECHANICAL_DESIGN_GEOMETRIC_PRESENTATION_REPRESENTATION (  '', ( #3641 ), #3035 ) ;
#218 = SURFACE_STYLE_FILL_AREA ( #1592 ) ;
#219 = CARTESIAN_POINT ( 'NONE',  ( -8.962302221850002582, -3.511893402695000166, -1.900442757240000002 ) ) ;
#220 = CARTESIAN_POINT ( 'NONE',  ( -8.625466117112997821, 0.9829485594019999883, -0.8907796686679998466 ) ) ;
#221 = CARTESIAN_POINT ( 'NONE',  ( -11.30137785819425567, -8.044923274178065853, -7.499973952295916568 ) ) ;
#222 = DIRECTION ( 'NONE',  ( 0.0000000000000000000, 1.000000000000000000, 0.0000000000000000000 ) ) ;
#223 = CARTESIAN_POINT ( 'NONE',  ( -8.416255604358999776, 1.274442535656999942, -0.3727932298789999876 ) ) ;
#224 = CARTESIAN_POINT ( 'NONE',  ( -8.243698300824000569, -1.612897493640000013, -7.401486830835000218E-17 ) ) ;
#225 = CARTESIAN_POINT ( 'NONE',  ( 8.386624188441002659, 1.336327513307999926, -0.3052518583839999855 ) ) ;
#226 = CARTESIAN_POINT ( 'NONE',  ( 9.323734129994999620, -4.508130605518000600, -2.945071745195000368 ) ) ;
#227 = CARTESIAN_POINT ( 'NONE',  ( -8.527298866616002115, -2.201081715338999878, -0.6549639167010000707 ) ) ;
#228 = SURFACE_STYLE_USAGE ( .BOTH. , #1080 ) ;
#229 = CARTESIAN_POINT ( 'NONE',  ( 8.288511063681999858, -1.704748385365000063, -0.1023476881960000140 ) ) ;
#230 = SURFACE_SIDE_STYLE ('',( #2408 ) ) ;
#231 = CARTESIAN_POINT ( 'NONE',  ( -8.319883498739999439, -1.803509805250000042, -0.1875343542900000104 ) ) ;
#232 = CARTESIAN_POINT ( 'NONE',  ( 0.01929999999999987281, -8.382740000000000080, -7.500000000000000000 ) ) ;
#233 = CARTESIAN_POINT ( 'NONE',  ( 9.854970118699000636, -3.017432782969000193, -6.549586128017000242 ) ) ;
#234 = CARTESIAN_POINT ( 'NONE',  ( 10.03580973592199399, -2.268973617489985273, -3.977272169607985131 ) ) ;
#235 = PRESENTATION_STYLE_ASSIGNMENT (( #3585 ) ) ;
#236 = EDGE_CURVE ( 'NONE', #2420, #2327, #3268, .T. ) ;
#237 = PRODUCT ( 'Fillet001', 'Fillet001', '', ( #1045 ) ) ;
#238 = CARTESIAN_POINT ( 'NONE',  ( 8.352963299618000548, 0.9727760948829999865, 0.0000000000000000000 ) ) ;
#239 = CARTESIAN_POINT ( 'NONE',  ( -4.580700000000000216, -8.382740000000000080, -7.500000000000000000 ) ) ;
#240 = CARTESIAN_POINT ( 'NONE',  ( -10.55554186228000013, -2.209571245503000547, -5.339880537693001195 ) ) ;
#241 = CARTESIAN_POINT ( 'NONE',  ( 8.455532608929999583, -1.977365652618999992, -0.4633544569179999795 ) ) ;
#242 = CARTESIAN_POINT ( 'NONE',  ( 10.49999999999919531, -3.899999999999998135, -24.85458550253733634 ) ) ;
#243 = CARTESIAN_POINT ( 'NONE',  ( -8.571294714773999956, 0.9628551375320000272, -0.7096279801129999898 ) ) ;
#244 = CARTESIAN_POINT ( 'NONE',  ( 8.574993482846000603, 0.9629101347240001108, -0.7098018275409999633 ) ) ;
#245 = ORIENTED_EDGE ( 'NONE', *, *, #3304, .T. ) ;
#246 = CARTESIAN_POINT ( 'NONE',  ( 11.21192793749499828, -3.303169896590000043, -6.795086931756999959 ) ) ;
#247 = CARTESIAN_POINT ( 'NONE',  ( 9.281172187166998100, -4.384609377552000531, -2.812976283508000108 ) ) ;
#248 = CARTESIAN_POINT ( 'NONE',  ( -8.294280737651000379, -1.700690300579000169, -0.1115114221090000024 ) ) ;
#249 = FILL_AREA_STYLE ('',( #2764 ) ) ;
#250 = CARTESIAN_POINT ( 'NONE',  ( 11.69207316141799957, -7.735288859125000194, -7.909045562769000171 ) ) ;
#251 = CARTESIAN_POINT ( 'NONE',  ( 8.263122770472998369, -1.660462381169999890, -0.04689974329438999917 ) ) ;
#252 = CARTESIAN_POINT ( 'NONE',  ( -8.294590148313000455, -1.739975688259000064, -0.1249760054360000150 ) ) ;
#253 = SURFACE_SIDE_STYLE ('',( #1402 ) ) ;
#254 = CARTESIAN_POINT ( 'NONE',  ( -11.33220577546330787, -4.866592354646345875, -7.499939780805949141 ) ) ;
#255 = CARTESIAN_POINT ( 'NONE',  ( 8.561399316402999560, 1.151695868301999992, -0.8540720982530000116 ) ) ;
#256 = CARTESIAN_POINT ( 'NONE',  ( 9.461200972521002228, -0.9540908914439999444, -2.656907004933000138 ) ) ;
#257 = PRESENTATION_LAYER_ASSIGNMENT (  '', '', ( #1521 ) ) ;
#258 = CARTESIAN_POINT ( 'NONE',  ( 9.881037588082733691, -4.465134395979200477, -3.671673311474773715 ) ) ;
#259 = PRESENTATION_STYLE_ASSIGNMENT (( #58 ) ) ;
#260 = PRESENTATION_STYLE_ASSIGNMENT (( #2554 ) ) ;
#261 = CARTESIAN_POINT ( 'NONE',  ( -2.576003697126000080, -8.942378205011999981, 0.0000000000000000000 ) ) ;
#262 = CARTESIAN_POINT ( 'NONE',  ( -11.81114879463999934, -4.431653732050000016, -8.300739007824999405 ) ) ;
#263 = ORIENTED_EDGE ( 'NONE', *, *, #1784, .T. ) ;
#264 = CARTESIAN_POINT ( 'NONE',  ( -11.45716458540979943, -7.664248047673386743, -7.499875690228192227 ) ) ;
#265 = CARTESIAN_POINT ( 'NONE',  ( -9.675773680943001054, -1.480834587696000071, -3.182810769166999787 ) ) ;
#266 = EDGE_CURVE ( 'NONE', #1769, #737, #595, .T. ) ;
#267 = CARTESIAN_POINT ( 'NONE',  ( 6.919299999999999784, -8.382740000000000080, -7.500000000000000000 ) ) ;
#268 = UNCERTAINTY_MEASURE_WITH_UNIT (LENGTH_MEASURE( 1.000000000000000082E-05 ), #94, 'distance_accuracy_value', 'NONE');
#269 = CARTESIAN_POINT ( 'NONE',  ( 8.267657282596001522, 1.569231210772000118, -0.05259468257699000115 ) ) ;
#270 = DIRECTION ( 'NONE',  ( 1.000000000000000000, 0.0000000000000000000, 0.0000000000000000000 ) ) ;
#271 = CARTESIAN_POINT ( 'NONE',  ( -8.286503939144999720, -1.687186214573000109, -0.09435135481713000094 ) ) ;
#272 = CARTESIAN_POINT ( 'NONE',  ( 11.37555618291751536, -7.994256607110589385, -7.499891319986816463 ) ) ;
#273 = CARTESIAN_POINT ( 'NONE',  ( 11.77919392910800056, -7.896307712449000427, -8.115383088914999377 ) ) ;
#274 = B_SPLINE_SURFACE_WITH_KNOTS ( 'NONE', 10, 1, ( 
 ( #207, #3403 ),
 ( #333, #1174 ),
 ( #296, #3146 ),
 ( #28, #587 ),
 ( #67, #2847 ),
 ( #2317, #895 ),
 ( #2529, #1720 ),
 ( #2883, #313 ),
 ( #3163, #2280 ),
 ( #875, #2008 ),
 ( #2299, #51 ) ),
 .UNSPECIFIED., .F., .F., .F.,
 ( 11, 11 ),
 ( 2, 2 ),
 ( 0.0000000000000000000, 23.00000000000000000 ),
 ( 0.0000000000000000000, 1.000000000000000000 ),
 .UNSPECIFIED. ) ;
#275 =( NAMED_UNIT ( * ) PLANE_ANGLE_UNIT ( ) SI_UNIT ( $, .RADIAN. ) );
#276 = CARTESIAN_POINT ( 'NONE',  ( -8.567027135920001868, -2.438339045070000211, -0.8160788423270000091 ) ) ;
#277 =( NAMED_UNIT ( * ) SI_UNIT ( $, .STERADIAN. ) SOLID_ANGLE_UNIT ( ) );
#278 = CARTESIAN_POINT ( 'NONE',  ( 8.446000976883999201, 1.324611214616999932, -0.5242147196119999464 ) ) ;
#279 = CARTESIAN_POINT ( 'NONE',  ( 11.24995157699889070, -4.630372838716486861, -7.500000069406306480 ) ) ;
#280 =( GEOMETRIC_REPRESENTATION_CONTEXT ( 3 ) GLOBAL_UNCERTAINTY_ASSIGNED_CONTEXT ( ( #940 ) ) GLOBAL_UNIT_ASSIGNED_CONTEXT ( ( #3552, #1035, #1905 ) ) REPRESENTATION_CONTEXT ( 'NONE', 'WORKASPACE' ) );
#281 = CARTESIAN_POINT ( 'NONE',  ( 8.400000000000000355, 2.109423746788000558E-15, 0.0000000000000000000 ) ) ;
#282 = CARTESIAN_POINT ( 'NONE',  ( -8.382670809445999183, -1.962320627215000002, -0.3441448365740000237 ) ) ;
#283 = CIRCLE ( 'NONE', #1785, 6.000000000000000000 ) ;
#284 = CARTESIAN_POINT ( 'NONE',  ( -11.92024429607999814, -4.626104980811000189, -8.560781241901999294 ) ) ;
#285 = UNCERTAINTY_MEASURE_WITH_UNIT (LENGTH_MEASURE( 1.000000000000000082E-05 ), #2740, 'distance_accuracy_value', 'NONE');
#286 = VECTOR ( 'NONE', #2769, 1000.000000000000000 ) ;
#287 = CARTESIAN_POINT ( 'NONE',  ( 8.290883056948999297, -1.693946207960000061, -0.1028690529499999978 ) ) ;
#288 = CIRCLE ( 'NONE', #2365, 6.999999999948158802 ) ;
#289 = CARTESIAN_POINT ( 'NONE',  ( -11.48069999280971842, -7.413140773055836519, -7.500000004218271066 ) ) ;
#290 = CARTESIAN_POINT ( 'NONE',  ( -9.332105628184001134, -0.6888783491920001945, -2.394487190629000395 ) ) ;
#291 = CARTESIAN_POINT ( 'NONE',  ( 8.263028568242019034, -1.646095121020260121, -0.04211975212245910177 ) ) ;
#292 = AXIS2_PLACEMENT_3D ( 'NONE', #3296, #3069, #2470 ) ;
#293 = CARTESIAN_POINT ( 'NONE',  ( 11.58234136787200086, -5.707342385439000410, -7.651103113571999792 ) ) ;
#294 = CARTESIAN_POINT ( 'NONE',  ( 9.483760990469999541, -0.3551464998149999608, -2.844737073955000195 ) ) ;
#295 = CARTESIAN_POINT ( 'NONE',  ( -8.274835088885000189, -1.666928293862999899, -0.06861444756045000093 ) ) ;
#296 = CARTESIAN_POINT ( 'NONE',  ( -6.659631154436000067, 6.019416751021000600, 0.0000000000000000000 ) ) ;
#297 = CARTESIAN_POINT ( 'NONE',  ( 8.788961895498999866, -2.730840164258000247, -1.243823172334999949 ) ) ;
#298 = CARTESIAN_POINT ( 'NONE',  ( -9.138133390771999487, -4.012696905017000049, -2.419095953878000582 ) ) ;
#299 = MANIFOLD_SURFACE_SHAPE_REPRESENTATION ( '', ( #503, #688 ), #2279 ) ;
#300 = CARTESIAN_POINT ( 'NONE',  ( 8.880049602856999513, 0.5226644933420000472, -2.091713329722999948 ) ) ;
#301 = SURFACE_STYLE_FILL_AREA ( #1939 ) ;
#302 = CARTESIAN_POINT ( 'NONE',  ( -8.275553015350000763, -1.692322576557000025, -0.07808849112530000247 ) ) ;
#303 = CARTESIAN_POINT ( 'NONE',  ( -11.89299498986000181, -4.577535960525999315, -8.495829246878999541 ) ) ;
#304 = B_SPLINE_CURVE_WITH_KNOTS ( 'NONE', 3,
 ( #1934, #3052, #1103, #2263, #3391, #534, #915, #2227, #2050, #3162 ),
 .UNSPECIFIED., .F., .F.,
 ( 4, 2, 2, 2, 4 ),
 ( 2.020729482215074579E-15, 0.0004529974188817351925, 0.0009059948377614496489, 0.001358992256641164105, 0.001811989675520878562 ),
 .UNSPECIFIED. ) ;
#305 = ORIENTED_EDGE ( 'NONE', *, *, #939, .T. ) ;
#306 = CARTESIAN_POINT ( 'NONE',  ( -11.43855889319080532, -7.743145284388518235, -7.499990228813853577 ) ) ;
#307 = CARTESIAN_POINT ( 'NONE',  ( -8.424048549801000263, 1.258954300268000148, -0.3896840550969999928 ) ) ;
#308 = CARTESIAN_POINT ( 'NONE',  ( 11.55710308181999935, -5.652918696137000154, -7.590609762422000806 ) ) ;
#309 = ORIENTED_EDGE ( 'NONE', *, *, #457, .T. ) ;
#310 = CARTESIAN_POINT ( 'NONE',  ( 9.087257493745999781, 0.2691492716950000252, -1.943558001252000178 ) ) ;
#311 = CARTESIAN_POINT ( 'NONE',  ( 9.614960413141995232, -5.363287908454982933, -3.881236651108981750 ) ) ;
#312 = CARTESIAN_POINT ( 'NONE',  ( -8.264706451142002308, -1.650726120652000306, -0.04672836633418001040 ) ) ;
#313 = CARTESIAN_POINT ( 'NONE',  ( 4.619299999999999962, -3.882740000000000080, -7.500000000000000000 ) ) ;
#314 = CARTESIAN_POINT ( 'NONE',  ( 8.394291082450999752, -1.921570461728000057, -0.3438362829129999465 ) ) ;
#315 = CARTESIAN_POINT ( 'NONE',  ( -9.006915329254999492, -3.637464689225000214, -2.029488872369999974 ) ) ;
#316 = CARTESIAN_POINT ( 'NONE',  ( 11.13381970365556839, -4.459966151348418784, -7.500005977593158235 ) ) ;
#317 =( NAMED_UNIT ( * ) PLANE_ANGLE_UNIT ( ) SI_UNIT ( $, .RADIAN. ) );
#318 = EDGE_CURVE ( 'NONE', #737, #1769, #881, .T. ) ;
#319 = CARTESIAN_POINT ( 'NONE',  ( -8.926234228193266063, 0.3389422835985957394, -2.412714600458526704 ) ) ;
#320 = CARTESIAN_POINT ( 'NONE',  ( -8.267603777436001167, -1.672466613304000038, -0.05855985816721000214 ) ) ;
#321 =( GEOMETRIC_REPRESENTATION_CONTEXT ( 3 ) GLOBAL_UNCERTAINTY_ASSIGNED_CONTEXT ( ( #1634 ) ) GLOBAL_UNIT_ASSIGNED_CONTEXT ( ( #3131, #594, #2552 ) ) REPRESENTATION_CONTEXT ( 'NONE', 'WORKASPACE' ) );
#322 = CARTESIAN_POINT ( 'NONE',  ( -10.30094097625999972, -1.765959724246999984, -4.750574071523000264 ) ) ;
#323 = SURFACE_STYLE_FILL_AREA ( #1749 ) ;
#324 = APPLICATION_CONTEXT ( 'automotive_design' ) ;
#325 = CARTESIAN_POINT ( 'NONE',  ( -9.504724820571000876, -1.085290309436999667, -2.787992204396999796 ) ) ;
#326 = CARTESIAN_POINT ( 'NONE',  ( -9.039475984630000127, -0.03117055744088999963, -1.738590990332000041 ) ) ;
#327 = CARTESIAN_POINT ( 'NONE',  ( 8.269175240861482479, -1.656647249971620495, -0.05551818691196049732 ) ) ;
#328 = CARTESIAN_POINT ( 'NONE',  ( 11.69627234700999985, -5.953022468372999754, -7.924182938154000766 ) ) ;
#329 = CARTESIAN_POINT ( 'NONE',  ( 8.261161976867999357, -1.650381910019000031, -0.04046894745121999704 ) ) ;
#330 = VERTEX_POINT ( 'NONE', #2121 ) ;
#331 = CARTESIAN_POINT ( 'NONE',  ( 11.45905366075000131, -3.736370719343000246, -7.372687180396001239 ) ) ;
#332 = CARTESIAN_POINT ( 'NONE',  ( -8.245554854912999332, -1.616428133547000101, -0.004188279022825000183 ) ) ;
#333 = CARTESIAN_POINT ( 'NONE',  ( -7.799317672731000073, 3.884176259448000046, 0.0000000000000000000 ) ) ;
#334 = CARTESIAN_POINT ( 'NONE',  ( 9.735670765362000267, -4.678066880918000159, -3.400548357580000403 ) ) ;
#335 = CARTESIAN_POINT ( 'NONE',  ( -8.542816450540000162, -2.374924182392999850, -0.7529455705800000009 ) ) ;
#336 = CARTESIAN_POINT ( 'NONE',  ( 8.307667102188002417, 1.496964470990000295, -0.1405986615929999961 ) ) ;
#337 = CARTESIAN_POINT ( 'NONE',  ( 10.79099424389301198, -4.116310595182657295, -7.500152541250009186 ) ) ;
#338 = FILL_AREA_STYLE_COLOUR ( '', #3100 ) ;
#339 = FILL_AREA_STYLE ('',( #748 ) ) ;
#340 = CARTESIAN_POINT ( 'NONE',  ( -9.622563279127856362, -2.345318872200957472, -5.804380152563922479 ) ) ;
#341 = CARTESIAN_POINT ( 'NONE',  ( -8.244936225835999721, -1.644183026596000241, -0.01210838556843000027 ) ) ;
#342 = EDGE_CURVE ( 'NONE', #3365, #1130, #1426, .T. ) ;
#343 = CARTESIAN_POINT ( 'NONE',  ( -9.444471762107999879, -1.733217782663000195, -5.120317244493000075 ) ) ;
#344 = VECTOR ( 'NONE', #2982, 1000.000000000000000 ) ;
#345 = ORIENTED_EDGE ( 'NONE', *, *, #63, .T. ) ;
#346 = MECHANICAL_DESIGN_GEOMETRIC_PRESENTATION_REPRESENTATION (  '', ( #2757 ), #2414 ) ;
#347 = PRESENTATION_STYLE_ASSIGNMENT (( #2929 ) ) ;
#348 = CARTESIAN_POINT ( 'NONE',  ( -8.920598135894000080, 0.2294172807010000092, -1.475192188989999931 ) ) ;
#349 = PRESENTATION_LAYER_ASSIGNMENT (  '', '', ( #47 ) ) ;
#350 = ORIENTED_EDGE ( 'NONE', *, *, #1741, .T. ) ;
#351 = CARTESIAN_POINT ( 'NONE',  ( 8.308084628939999661, -1.771685153076000052, -0.1562756774170000196 ) ) ;
#352 = CARTESIAN_POINT ( 'NONE',  ( -10.06933610877999996, -4.833729246102000054, -4.154210085913000228 ) ) ;
#353 = CARTESIAN_POINT ( 'NONE',  ( 10.69665200744297628, -8.382739999999920144, -7.500000000000066613 ) ) ;
#354 = CARTESIAN_POINT ( 'NONE',  ( 11.29231500616522510, -8.108864353298853800, -7.499989218254846435 ) ) ;
#355 = CARTESIAN_POINT ( 'NONE',  ( 8.573639873090000307, -2.289246873740999888, -0.7529864572440000403 ) ) ;
#356 = CARTESIAN_POINT ( 'NONE',  ( -8.382670809445999183, -1.962320627215000002, -0.3441448365740000237 ) ) ;
#357 = CARTESIAN_POINT ( 'NONE',  ( 8.380091933440001029, 1.387942928104999973, -0.3142513330539999927 ) ) ;
#358 = DIRECTION ( 'NONE',  ( -0.0000000000000000000, 0.0000000000000000000, -1.000000000000000000 ) ) ;
#359 = CARTESIAN_POINT ( 'NONE',  ( 8.283023473144000448, -1.680440337762999947, -0.08572019705604999595 ) ) ;
#360 = CARTESIAN_POINT ( 'NONE',  ( 8.243698300824000569, -1.612897493639833479, -1.258252789737392716E-15 ) ) ;
#361 = CARTESIAN_POINT ( 'NONE',  ( -8.261922722492002436, -1.622058158503999925, -0.03292441100468000703 ) ) ;
#362 = CARTESIAN_POINT ( 'NONE',  ( -8.819882892272000063, 0.6584771031040000944, -1.833055210536000068 ) ) ;
#363 = PRODUCT_RELATED_PRODUCT_CATEGORY ( 'part', '', ( #783 ) ) ;
#364 = ORIENTED_EDGE ( 'NONE', *, *, #939, .F. ) ;
#365 = SURFACE_SIDE_STYLE ('',( #2909 ) ) ;
#366 = CARTESIAN_POINT ( 'NONE',  ( -8.369398756102999215, 1.367161076091000238, -0.2713365660349999486 ) ) ;
#367 = CARTESIAN_POINT ( 'NONE',  ( -8.283446884245000419, 1.557177910886000438, -0.1000356269110000140 ) ) ;
#368 = ORIENTED_EDGE ( 'NONE', *, *, #2378, .F. ) ;
#369 = CARTESIAN_POINT ( 'NONE',  ( 8.716710130990001915, -2.818000873881000068, -1.196343720608999961 ) ) ;
#370 = CARTESIAN_POINT ( 'NONE',  ( -8.569243207996999345, -2.179521110282999885, -0.7216838724640000091 ) ) ;
#371 = FILL_AREA_STYLE_COLOUR ( '', #42 ) ;
#372 = CARTESIAN_POINT ( 'NONE',  ( 8.099999999999999645, 0.0000000000000000000, 24.00000000000000000 ) ) ;
#373 = CARTESIAN_POINT ( 'NONE',  ( 8.846384412440999157, -2.848652320645999492, -1.374665182945999931 ) ) ;
#374 = DIRECTION ( 'NONE',  ( 1.000000000000000000, 0.0000000000000000000, 0.0000000000000000000 ) ) ;
#375 = CARTESIAN_POINT ( 'NONE',  ( 8.432059355248000543, -1.936901988095000027, -0.4118131193030000192 ) ) ;
#376 = CARTESIAN_POINT ( 'NONE',  ( 6.659631154436000067, -6.019416751019999623, 0.0000000000000000000 ) ) ;
#377 =( NAMED_UNIT ( * ) SI_UNIT ( $, .STERADIAN. ) SOLID_ANGLE_UNIT ( ) );
#378 = CARTESIAN_POINT ( 'NONE',  ( -11.09041002442941704, -4.449296729776452075, -7.500000006087171656 ) ) ;
#379 = CARTESIAN_POINT ( 'NONE',  ( -9.129446192134999194, -0.4938536070500000319, -3.636165114490000239 ) ) ;
#380 = CARTESIAN_POINT ( 'NONE',  ( 8.243698300824000569, -1.612897493639833479, -1.258252789737392716E-15 ) ) ;
#381 = CARTESIAN_POINT ( 'NONE',  ( -10.50000000000000000, -7.400000000000000355, -24.00000000000000000 ) ) ;
#382 = CARTESIAN_POINT ( 'NONE',  ( -9.732532441850999305, -1.612317004477999971, -3.314796055339999992 ) ) ;
#383 = VERTEX_POINT ( 'NONE', #193 ) ;
#384 = CARTESIAN_POINT ( 'NONE',  ( 8.317687417810999406, -1.795501495554000293, -0.1797427508010000230 ) ) ;
#385 = CARTESIAN_POINT ( 'NONE',  ( -8.414598523948999542, -1.909892690878000288, -0.3776886773640000250 ) ) ;
#386 = LINE ( 'NONE', #3234, #947 ) ;
#387 = ADVANCED_FACE ( 'NONE', ( #3011 ), #2690, .T. ) ;
#388 = CARTESIAN_POINT ( 'NONE',  ( -8.100000000000001421, 16.19999999999999574, 24.00000000000000355 ) ) ;
#389 = CARTESIAN_POINT ( 'NONE',  ( 9.965146153270998397, -5.152282324208999675, -3.923896054351000640 ) ) ;
#390 = CARTESIAN_POINT ( 'NONE',  ( -10.79596020195000072, -8.744131776057001204, -7.954360379865001107 ) ) ;
#391 = CARTESIAN_POINT ( 'NONE',  ( 8.275649107975997509, 1.553542280232999895, -0.06929542423499998605 ) ) ;
#392 = PRESENTATION_STYLE_ASSIGNMENT (( #725 ) ) ;
#393 =( NAMED_UNIT ( * ) SI_UNIT ( $, .STERADIAN. ) SOLID_ANGLE_UNIT ( ) );
#394 = CARTESIAN_POINT ( 'NONE',  ( 10.33036012765199985, -5.261822022478000349, -4.709096427821999775 ) ) ;
#395 = CARTESIAN_POINT ( 'NONE',  ( 8.384321129191999233, -0.6491905868980000216, 0.0000000000000000000 ) ) ;
#396 = CARTESIAN_POINT ( 'NONE',  ( -9.036738831059873078, -0.09755165215929527400, -3.090469616561002830 ) ) ;
#397 = CARTESIAN_POINT ( 'NONE',  ( -10.43266688090802852, -3.939081169056529053, -7.500367517000126050 ) ) ;
#398 = CARTESIAN_POINT ( 'NONE',  ( -10.48770298980000071, -4.908307035473000290, -8.633113090179001858 ) ) ;
#399 = CARTESIAN_POINT ( 'NONE',  ( 8.402419424646000223, 1.305424637140000010, -0.3390793606579999842 ) ) ;
#400 = VERTEX_POINT ( 'NONE', #30 ) ;
#401 = CARTESIAN_POINT ( 'NONE',  ( -8.361572908337999266, 1.382579997011000206, -0.2544091511720000254 ) ) ;
#402 = COLOUR_RGB ( '',0.8000000000000000444, 0.8000000000000000444, 0.8000000000000000444 ) ;
#403 = ORIENTED_EDGE ( 'NONE', *, *, #3214, .T. ) ;
#404 = VECTOR ( 'NONE', #1794, 1000.000000000000000 ) ;
#405 = CARTESIAN_POINT ( 'NONE',  ( 8.272749261971002355, -1.684353909655000203, -0.07028859818963001382 ) ) ;
#406 = CARTESIAN_POINT ( 'NONE',  ( -8.646307912869000134, -2.314198711009999965, -0.8939159757400000350 ) ) ;
#407 = CARTESIAN_POINT ( 'NONE',  ( -9.894460716094682695, -4.520773967399587256, -3.746607335617084811 ) ) ;
#408 = PRESENTATION_LAYER_ASSIGNMENT (  '', '', ( #2012 ) ) ;
#409 = EDGE_CURVE ( 'NONE', #720, #987, #56, .T. ) ;
#410 = MECHANICAL_DESIGN_GEOMETRIC_PRESENTATION_REPRESENTATION (  '', ( #1730 ), #102 ) ;
#411 = CARTESIAN_POINT ( 'NONE',  ( -8.266732429605001542, -1.660665754380000303, -0.05323497416814000627 ) ) ;
#412 = SURFACE_STYLE_FILL_AREA ( #973 ) ;
#413 = CARTESIAN_POINT ( 'NONE',  ( 8.650588648773000600, -2.314266639413999904, -0.8933751191000000036 ) ) ;
#414 = CARTESIAN_POINT ( 'NONE',  ( 8.306024364431999985, -1.294342057419999970, 0.0000000000000000000 ) ) ;
#415 = SURFACE_STYLE_FILL_AREA ( #433 ) ;
#416 = CARTESIAN_POINT ( 'NONE',  ( -8.801595458912002456, 0.7026186166619999840, -1.746879668373999994 ) ) ;
#417 = CARTESIAN_POINT ( 'NONE',  ( 8.307253936533999905, 1.482017938829000014, -0.1298206881529999912 ) ) ;
#418 = CARTESIAN_POINT ( 'NONE',  ( 9.371448134985998379, -3.568760475162342516, -2.507737805530969144 ) ) ;
#419 = CARTESIAN_POINT ( 'NONE',  ( 10.61990489699621065, -8.400000000000188649, -24.75991683696646817 ) ) ;
#420 =( NAMED_UNIT ( * ) PLANE_ANGLE_UNIT ( ) SI_UNIT ( $, .RADIAN. ) );
#421 = CARTESIAN_POINT ( 'NONE',  ( -11.50558513982000086, -5.621441595295000759, -7.560388987797001192 ) ) ;
#422 = ORIENTED_EDGE ( 'NONE', *, *, #1669, .F. ) ;
#423 = CARTESIAN_POINT ( 'NONE',  ( 8.416068718624000411, -2.041552035196999793, -0.4226526282570000070 ) ) ;
#424 = CARTESIAN_POINT ( 'NONE',  ( -8.337022201038999825, -1.774947491660000098, -0.2059189351160000403 ) ) ;
#425 = SURFACE_SIDE_STYLE ('',( #2955 ) ) ;
#426 = CARTESIAN_POINT ( 'NONE',  ( -8.300606613265815170, -1.711676576270494854, -0.1254740271233064919 ) ) ;
#427 = CARTESIAN_POINT ( 'NONE',  ( 11.54070735874599940, -8.438979262554001437, -7.538000727462000228 ) ) ;
#428 = CARTESIAN_POINT ( 'NONE',  ( 8.692776033070000352, -2.754741415459000198, -1.132807659994000016 ) ) ;
#429 = CARTESIAN_POINT ( 'NONE',  ( -8.247766423300001648, -1.619356910875999978, -0.008766605182078999678 ) ) ;
#430 = PRODUCT_DEFINITION ( 'UNKNOWN', '', #2333, #2464 ) ;
#431 = CARTESIAN_POINT ( 'NONE',  ( 8.284933412803180630, 1.555892459464749633, -0.1025349487173847773 ) ) ;
#432 = CARTESIAN_POINT ( 'NONE',  ( -8.243698300824000569, 1.612897493640000013, -2.649732285438333549E-14 ) ) ;
#433 = FILL_AREA_STYLE ('',( #715 ) ) ;
#434 = CARTESIAN_POINT ( 'NONE',  ( 11.51929999999999943, -7.032740000000000435, -7.500000000000000000 ) ) ;
#435 = ORIENTED_EDGE ( 'NONE', *, *, #3545, .T. ) ;
#436 = SURFACE_STYLE_USAGE ( .BOTH. , #749 ) ;
#437 = CARTESIAN_POINT ( 'NONE',  ( -8.442044461111999354, 1.282734930081000257, -0.4625660394310000534 ) ) ;
#438 = SHAPE_REPRESENTATION ( 'Fillet', ( #2619 ), #321 ) ;
#439 =( GEOMETRIC_REPRESENTATION_CONTEXT ( 3 ) GLOBAL_UNCERTAINTY_ASSIGNED_CONTEXT ( ( #3136 ) ) GLOBAL_UNIT_ASSIGNED_CONTEXT ( ( #1081, #1624, #3297 ) ) REPRESENTATION_CONTEXT ( 'NONE', 'WORKASPACE' ) );
#440 = EDGE_LOOP ( 'NONE', ( #1526, #1524, #1491 ) ) ;
#441 = CARTESIAN_POINT ( 'NONE',  ( 0.0000000000000000000, 0.0000000000000000000, 23.99999999994406608 ) ) ;
#442 = DIRECTION ( 'NONE',  ( 1.000000000000000000, 0.0000000000000000000, 0.0000000000000000000 ) ) ;
#443 = CIRCLE ( 'NONE', #1158, 0.2999999999999999334 ) ;
#444 = CARTESIAN_POINT ( 'NONE',  ( -9.137961834732536204, -3.177707050410821576, -2.004003742569896218 ) ) ;
#445 = CARTESIAN_POINT ( 'NONE',  ( 8.262031698994000806, -1.622104930419999924, -0.03284067221550000110 ) ) ;
#446 = CARTESIAN_POINT ( 'NONE',  ( 8.390837795465001747, -1.978066993859000089, -0.3598865734489999912 ) ) ;
#447 = CARTESIAN_POINT ( 'NONE',  ( -10.78525501502999973, -8.716332408668000298, -7.919409581414000421 ) ) ;
#448 =( LENGTH_UNIT ( ) NAMED_UNIT ( * ) SI_UNIT ( .MILLI., .METRE. ) );
#449 = CARTESIAN_POINT ( 'NONE',  ( 10.80832815070499997, -6.118723587708999823, -5.824308167487999732 ) ) ;
#450 = ORIENTED_EDGE ( 'NONE', *, *, #1886, .F. ) ;
#451 = CARTESIAN_POINT ( 'NONE',  ( 8.782883458482023897, 0.7605323380100522668, -1.633130432034019419 ) ) ;
#452 = CARTESIAN_POINT ( 'NONE',  ( -11.48070000000000235, -6.582740000000000258, -7.500000000000000000 ) ) ;
#453 = CARTESIAN_POINT ( 'NONE',  ( -10.11872685582974896, -3.882740234961145287, -7.499999822220637213 ) ) ;
#454 =( NAMED_UNIT ( * ) PLANE_ANGLE_UNIT ( ) SI_UNIT ( $, .RADIAN. ) );
#455 = CARTESIAN_POINT ( 'NONE',  ( 8.543783436932997688, 1.025564457103000038, -0.6426024639709998487 ) ) ;
#456 = FILL_AREA_STYLE_COLOUR ( '', #468 ) ;
#457 = EDGE_CURVE ( 'NONE', #3455, #1558, #877, .T. ) ;
#458 = CARTESIAN_POINT ( 'NONE',  ( 3.851859888774000017E-34, -8.400000000000000355, -18.25000000000000000 ) ) ;
#459 = CARTESIAN_POINT ( 'NONE',  ( -8.338796157891001926, 1.453868297609000271, -0.2216715620150000177 ) ) ;
#460 = ORIENTED_EDGE ( 'NONE', *, *, #555, .F. ) ;
#461 =( LENGTH_UNIT ( ) NAMED_UNIT ( * ) SI_UNIT ( .MILLI., .METRE. ) );
#462 = CARTESIAN_POINT ( 'NONE',  ( -11.66742233837000065, -7.762097895732999575, -7.947576479268000149 ) ) ;
#463 = CARTESIAN_POINT ( 'NONE',  ( -8.322368677063000320, 1.457831838538000024, -0.1684541558820000229 ) ) ;
#464 = CARTESIAN_POINT ( 'NONE',  ( 8.496818153926000150, 1.119200030388999956, -0.5416155578539999516 ) ) ;
#465 = PRESENTATION_LAYER_ASSIGNMENT (  '', '', ( #3641 ) ) ;
#466 = COLOUR_RGB ( '',0.8000000000000000444, 0.8000000000000000444, 0.8000000000000000444 ) ;
#467 = CARTESIAN_POINT ( 'NONE',  ( -8.569852435033000759, -2.289355129055000049, -0.7531591240920000319 ) ) ;
#468 = COLOUR_RGB ( '',0.8000000000000000444, 0.8000000000000000444, 0.8000000000000000444 ) ;
#469 = STYLED_ITEM ( 'NONE', ( #24 ), #2239 ) ;
#470 = DIRECTION ( 'NONE',  ( 0.0000000000000000000, 0.0000000000000000000, 1.000000000000000000 ) ) ;
#471 = CARTESIAN_POINT ( 'NONE',  ( 8.743879020529002233, -2.475795155397999991, -1.100098062824999889 ) ) ;
#472 =( GEOMETRIC_REPRESENTATION_CONTEXT ( 3 ) GLOBAL_UNCERTAINTY_ASSIGNED_CONTEXT ( ( #624 ) ) GLOBAL_UNIT_ASSIGNED_CONTEXT ( ( #581, #1416, #1694 ) ) REPRESENTATION_CONTEXT ( 'NONE', 'WORKASPACE' ) );
#473 = CARTESIAN_POINT ( 'NONE',  ( 9.095986281142572238, -0.2863316774546271204, -3.359672267727550121 ) ) ;
#474 = CARTESIAN_POINT ( 'NONE',  ( -8.435313702805009584, 1.336487460624088408, -0.5022600120689338921 ) ) ;
#475 = CARTESIAN_POINT ( 'NONE',  ( 8.259759186770999406, 1.589502503447000059, -0.03921289654487000037 ) ) ;
#476 = CARTESIAN_POINT ( 'NONE',  ( 8.394524162726000327, 1.320881048862999840, -0.3221682249489999927 ) ) ;
#477 = CARTESIAN_POINT ( 'NONE',  ( -9.468992216226000735, -0.3560767382750000265, -2.844262458863000109 ) ) ;
#478 = PRODUCT_DEFINITION_CONTEXT ( 'detailed design', #3380, 'design' ) ;
#479 = CARTESIAN_POINT ( 'NONE',  ( 10.18442319804599983, -7.018662787951001292, -5.808830815599000275 ) ) ;
#480 = CARTESIAN_POINT ( 'NONE',  ( -11.48069999999707846, -5.567139929301507806, -7.500000000000826006 ) ) ;
#481 = CARTESIAN_POINT ( 'NONE',  ( -8.455172491335000373, 1.196897108349000094, -0.4571916142060000188 ) ) ;
#482 = DIRECTION ( 'NONE',  ( 1.000000000000000000, 0.0000000000000000000, 0.0000000000000000000 ) ) ;
#483 = CARTESIAN_POINT ( 'NONE',  ( 9.692280025006999367, -1.482198819426000069, -3.182934488618000213 ) ) ;
#484 = CARTESIAN_POINT ( 'NONE',  ( 8.330467041433999853, -1.827255479830000029, -0.2110437333340000055 ) ) ;
#485 = CARTESIAN_POINT ( 'NONE',  ( -8.385471239120999343, -1.906914601083000038, -0.3275424466519999966 ) ) ;
#486 = CARTESIAN_POINT ( 'NONE',  ( -11.50000000000000000, -3.899999999999999911, -7.500000000000000000 ) ) ;
#487 = B_SPLINE_CURVE_WITH_KNOTS ( 'NONE', 5,
 ( #2073, #613, #1197, #2853, #2320, #3393 ),
 .UNSPECIFIED., .F., .F.,
 ( 6, 6 ),
 ( 0.0000000000000000000, 2.250000000000000000 ),
 .UNSPECIFIED. ) ;
#488 = CARTESIAN_POINT ( 'NONE',  ( 8.322572520957999487, -1.774563998025000089, -0.1801229213099999893 ) ) ;
#489 = CARTESIAN_POINT ( 'NONE',  ( 8.936787426871955375, 0.3413514714500923142, -2.410978914124248806 ) ) ;
#490 = CARTESIAN_POINT ( 'NONE',  ( -8.835566954911975301, 0.6165383583160375380, -1.912948627763076503 ) ) ;
#491 = PRESENTATION_STYLE_ASSIGNMENT (( #2138 ) ) ;
#492 = CARTESIAN_POINT ( 'NONE',  ( 11.47575905039986210, -5.191832706276322540, -7.499648790369615625 ) ) ;
#493 = DIRECTION ( 'NONE',  ( -0.0000000000000000000, 2.220446049250000002E-16, -1.000000000000000000 ) ) ;
#494 = SURFACE_STYLE_USAGE ( .BOTH. , #2476 ) ;
#495 = DIRECTION ( 'NONE',  ( -0.0000000000000000000, 0.0000000000000000000, -1.000000000000000000 ) ) ;
#496 = CARTESIAN_POINT ( 'NONE',  ( -8.518488079114002076, -2.311488677987000528, -0.6898817243110001440 ) ) ;
#497 = CARTESIAN_POINT ( 'NONE',  ( -8.673472747352999335, 0.9056237343029999165, -1.002906125638000079 ) ) ;
#498 = FILL_AREA_STYLE_COLOUR ( '', #1127 ) ;
#499 = DIRECTION ( 'NONE',  ( 0.0000000000000000000, 2.220446049250000002E-16, -1.000000000000000000 ) ) ;
#500 = CARTESIAN_POINT ( 'NONE',  ( -8.251589485937000035, 1.597702412322000054, -0.01706323409010999936 ) ) ;
#501 = FILL_AREA_STYLE ('',( #2437 ) ) ;
#502 = CARTESIAN_POINT ( 'NONE',  ( 8.668128092314999478, 0.7737850525930000112, -0.9107647969230000529 ) ) ;
#503 = SHELL_BASED_SURFACE_MODEL ( 'NONE', ( #1539 ) );
#504 = CARTESIAN_POINT ( 'NONE',  ( 8.352780384357002319, -1.882822242532000478, -0.2658451721999999795 ) ) ;
#505 = CARTESIAN_POINT ( 'NONE',  ( -8.339388488341999306, -1.811342930101000226, -0.2211046595330000142 ) ) ;
#506 = CARTESIAN_POINT ( 'NONE',  ( 8.748764857642999715, 0.8325370406100000009, -1.488928966860000092 ) ) ;
#507 = EDGE_CURVE ( 'NONE', #1661, #1259, #1743, .T. ) ;
#508 = PRODUCT_CONTEXT ( 'NONE', #3599, 'mechanical' ) ;
#509 = STYLED_ITEM ( 'NONE', ( #2706 ), #299 ) ;
#510 = CARTESIAN_POINT ( 'NONE',  ( 8.274170364900999886, -1.675354667783000240, -0.06959798551182000415 ) ) ;
#511 = CARTESIAN_POINT ( 'NONE',  ( 9.020174627121571476, 0.02697429257643279427, -2.912016721405074726 ) ) ;
#512 = CARTESIAN_POINT ( 'NONE',  ( -8.254682270129000798, -1.654353663083000026, -0.03142744970059999782 ) ) ;
#513 = FILL_AREA_STYLE ('',( #553 ) ) ;
#514 = FILL_AREA_STYLE ('',( #3581 ) ) ;
#515 = CARTESIAN_POINT ( 'NONE',  ( 11.31050374180532891, -4.742467900836373040, -7.499983947193626932 ) ) ;
#516 = CARTESIAN_POINT ( 'NONE',  ( 10.49999999999919709, -8.399999999999998579, -24.85458550253733634 ) ) ;
#517 = FACE_BOUND ( 'NONE', #1012, .T. ) ;
#518 = DIRECTION ( 'NONE',  ( 0.0000000000000000000, 1.000000000000000000, 2.220446049250000002E-16 ) ) ;
#519 = CARTESIAN_POINT ( 'NONE',  ( -7.799317672731000073, -3.884176259448000046, 0.0000000000000000000 ) ) ;
#520 = CARTESIAN_POINT ( 'NONE',  ( 10.79456253292699941, -8.633025671116000055, -7.814608055045000334 ) ) ;
#521 = CYLINDRICAL_SURFACE ( 'NONE', #763, 1.000000000000000000 ) ;
#522 = PRODUCT ( 'Fillet', 'Fillet', '', ( #508 ) ) ;
#523 = CARTESIAN_POINT ( 'NONE',  ( 11.50000000000000355, -4.746128682938651977, -23.99999999999383249 ) ) ;
#524 = CARTESIAN_POINT ( 'NONE',  ( 8.776009047010999709, 0.5513133313679999814, -1.144222697130000022 ) ) ;
#525 = ORIENTED_EDGE ( 'NONE', *, *, #2243, .F. ) ;
#526 = CARTESIAN_POINT ( 'NONE',  ( 9.407944262032000182, -4.754082934511999703, -3.210645745996000056 ) ) ;
#527 = CARTESIAN_POINT ( 'NONE',  ( -9.094841427416998414, -3.379304594371999926, -1.963559283771000308 ) ) ;
#528 = VECTOR ( 'NONE', #518, 1000.000000000000000 ) ;
#529 = DIRECTION ( 'NONE',  ( 1.000000000000000000, 0.0000000000000000000, 0.0000000000000000000 ) ) ;
#530 = EDGE_CURVE ( 'NONE', #2420, #1750, #1467, .T. ) ;
#531 = CARTESIAN_POINT ( 'NONE',  ( 9.773361384297048815, -2.761211587337760953, -6.268575591822942883 ) ) ;
#532 = VECTOR ( 'NONE', #1279, 1000.000000000000000 ) ;
#533 = CARTESIAN_POINT ( 'NONE',  ( -8.307250644256999550, -1.771743338050000061, -0.1562486810829999961 ) ) ;
#534 = CARTESIAN_POINT ( 'NONE',  ( -11.25550606829329503, -8.067149092748055139, -24.22218786424451409 ) ) ;
#535 = CARTESIAN_POINT ( 'NONE',  ( 8.678649937105999967, 0.9600963386440000136, -1.232799788972000155 ) ) ;
#536 = CARTESIAN_POINT ( 'NONE',  ( 11.29306606763048038, -4.709378332762845787, -7.499998512483466051 ) ) ;
#537 =( NAMED_UNIT ( * ) SI_UNIT ( $, .STERADIAN. ) SOLID_ANGLE_UNIT ( ) );
#538 = STYLED_ITEM ( 'NONE', ( #3281 ), #2357 ) ;
#539 = COLOUR_RGB ( '',0.8000000000000000444, 0.8000000000000000444, 0.8000000000000000444 ) ;
#540 = CARTESIAN_POINT ( 'NONE',  ( 11.51929999999999943, -3.882740000000000080, -7.500000000000000000 ) ) ;
#541 = CARTESIAN_POINT ( 'NONE',  ( -9.431293388511001297, -4.877158291188999684, -3.343798348532999842 ) ) ;
#542 = CARTESIAN_POINT ( 'NONE',  ( -8.299127894544001904, 1.549698639372000253, -0.1509905567650000058 ) ) ;
#543 = CARTESIAN_POINT ( 'NONE',  ( 8.288918340838000276, -1.690569829973000093, -0.09858167962729999512 ) ) ;
#544 = FACE_OUTER_BOUND ( 'NONE', #440, .T. ) ;
#545 = CARTESIAN_POINT ( 'NONE',  ( -10.01524473525005909, -2.266948754091135054, -3.977226561237137137 ) ) ;
#546 = CARTESIAN_POINT ( 'NONE',  ( 8.988595633518999151, 0.09927767926088999773, -1.607328481526999919 ) ) ;
#547 = ORIENTED_EDGE ( 'NONE', *, *, #2054, .T. ) ;
#548 = CARTESIAN_POINT ( 'NONE',  ( 10.32560985015900101, -1.765019588102999970, -4.751001980528999802 ) ) ;
#549 = CARTESIAN_POINT ( 'NONE',  ( -8.371291384966999871, -1.877506421389000035, -0.2947941187600000013 ) ) ;
#550 = CARTESIAN_POINT ( 'NONE',  ( 8.284925838440999613, -1.697399833380000000, -0.09416042284643999505 ) ) ;
#551 = CARTESIAN_POINT ( 'NONE',  ( 8.267915927380002472, -1.672444670840000036, -0.05856997498296000193 ) ) ;
#552 = CARTESIAN_POINT ( 'NONE',  ( -8.277141583311999895, -1.696293735280999915, -0.08199480056724001154 ) ) ;
#553 = FILL_AREA_STYLE_COLOUR ( '', #3647 ) ;
#554 = SURFACE_STYLE_FILL_AREA ( #1901 ) ;
#555 = EDGE_CURVE ( 'NONE', #2894, #3415, #2010, .T. ) ;
#556 = CARTESIAN_POINT ( 'NONE',  ( 9.204111446631999982, -0.7349790865169999465, -3.943667102616999820 ) ) ;
#557 = CARTESIAN_POINT ( 'NONE',  ( 10.14986293907898940, -2.529744557430971597, -4.243340699785970394 ) ) ;
#558 = DIRECTION ( 'NONE',  ( 1.000000000000000000, 0.0000000000000000000, 0.0000000000000000000 ) ) ;
#559 = CARTESIAN_POINT ( 'NONE',  ( -8.894697971458999319, -3.323221883881000593, -1.707453015832999910 ) ) ;
#560 = ADVANCED_FACE ( 'NONE', ( #2487 ), #2352, .T. ) ;
#561 = CARTESIAN_POINT ( 'NONE',  ( 8.345851091403000410, -1.788462715781000245, -0.2229546577480000236 ) ) ;
#562 =( NAMED_UNIT ( * ) PLANE_ANGLE_UNIT ( ) SI_UNIT ( $, .RADIAN. ) );
#563 = CARTESIAN_POINT ( 'NONE',  ( -10.24044223034011658, -2.786976762867268143, -4.510285242276276030 ) ) ;
#564 = CARTESIAN_POINT ( 'NONE',  ( 8.099999999999999645, 0.0000000000000000000, 24.00000000000000000 ) ) ;
#565 = LINE ( 'NONE', #2574, #2076 ) ;
#566 = CARTESIAN_POINT ( 'NONE',  ( 9.119946739477001074, 0.2184636063930000260, -2.018277313946001073 ) ) ;
#567 = CARTESIAN_POINT ( 'NONE',  ( 10.43588432036798608, -7.705310536281968936, -6.652287292071959790 ) ) ;
#568 = CARTESIAN_POINT ( 'NONE',  ( -11.41893280178000047, -8.262584026740002585, -7.344286980713000901 ) ) ;
#569 = CARTESIAN_POINT ( 'NONE',  ( 11.30225630774618928, -8.096825066979754126, -7.499997234662466816 ) ) ;
#570 = CARTESIAN_POINT ( 'NONE',  ( -8.376422666931999217, -1.946441643563000090, -0.3284686920539999777 ) ) ;
#571 = CARTESIAN_POINT ( 'NONE',  ( 10.49999999999999822, -8.400000000000000355, -7.500000000000000000 ) ) ;
#572 = CARTESIAN_POINT ( 'NONE',  ( 9.035900701784999711, -0.03328154292067000281, -3.010418907931000643 ) ) ;
#573 = CARTESIAN_POINT ( 'NONE',  ( 9.078402209689999225, -0.09689786195291999471, -1.804578723487999969 ) ) ;
#574 = CARTESIAN_POINT ( 'NONE',  ( -8.273964020396000763, -1.688351405911000080, -0.07418237664316000568 ) ) ;
#575 = CARTESIAN_POINT ( 'NONE',  ( -8.529461013857000395, 1.194666320382000047, -0.7711302752290001283 ) ) ;
#576 = CARTESIAN_POINT ( 'NONE',  ( 8.349773889405000205, -1.795212131448000070, -0.2315353170539999894 ) ) ;
#577 = EDGE_CURVE ( 'NONE', #2677, #2630, #721, .T. ) ;
#578 = ORIENTED_EDGE ( 'NONE', *, *, #774, .T. ) ;
#579 = CARTESIAN_POINT ( 'NONE',  ( -8.890662978288000673, 0.2941684538350000100, -1.409145569596000014 ) ) ;
#580 = CARTESIAN_POINT ( 'NONE',  ( 8.289927207579459889, -1.692303183485381002, -0.1007834351622576285 ) ) ;
#581 =( LENGTH_UNIT ( ) NAMED_UNIT ( * ) SI_UNIT ( .MILLI., .METRE. ) );
#582 = UNCERTAINTY_MEASURE_WITH_UNIT (LENGTH_MEASURE( 1.000000000000000082E-05 ), #969, 'distance_accuracy_value', 'NONE');
#583 = VERTEX_POINT ( 'NONE', #3308 ) ;
#584 = CARTESIAN_POINT ( 'NONE',  ( 11.93680822858499901, -4.576997223118000058, -8.496108961694002204 ) ) ;
#585 = CARTESIAN_POINT ( 'NONE',  ( 9.238272392887999729, -4.260744591785999624, -2.681338488342000392 ) ) ;
#586 = CARTESIAN_POINT ( 'NONE',  ( -8.313715704954999453, -1.734447052484999974, -0.1544177499989999869 ) ) ;
#587 = CARTESIAN_POINT ( 'NONE',  ( -4.580700000000000216, -3.882740000000000080, -7.500000000000000000 ) ) ;
#588 = CARTESIAN_POINT ( 'NONE',  ( 8.702811173576002091, -2.554130126553999958, -1.047479509227000172 ) ) ;
#589 = B_SPLINE_SURFACE_WITH_KNOTS ( 'NONE', 5, 1, ( 
 ( #2874, #1447 ),
 ( #2557, #22 ),
 ( #3412, #434 ),
 ( #1290, #1870 ),
 ( #2655, #3213 ),
 ( #126, #147 ) ),
 .UNSPECIFIED., .F., .F., .F.,
 ( 6, 6 ),
 ( 2, 2 ),
 ( 2.250000000000000000, 4.500000000000000000 ),
 ( 0.0000000000000000000, 1.000000000000000000 ),
 .UNSPECIFIED. ) ;
#590 = CARTESIAN_POINT ( 'NONE',  ( -8.400000000000000355, 16.79999999999999716, 23.87573593128806948 ) ) ;
#591 = CARTESIAN_POINT ( 'NONE',  ( -8.351359545815000729, -1.882920474168999991, -0.2657992890890000237 ) ) ;
#592 = CARTESIAN_POINT ( 'NONE',  ( 8.628204001332999695, 1.045079027998000232, -1.063622475407000501 ) ) ;
#593 = CARTESIAN_POINT ( 'NONE',  ( 0.0000000000000000000, 0.0000000000000000000, 24.00000000000090949 ) ) ;
#594 =( NAMED_UNIT ( * ) PLANE_ANGLE_UNIT ( ) SI_UNIT ( $, .RADIAN. ) );
#595 = CIRCLE ( 'NONE', #2463, 4.250000000000000000 ) ;
#596 = STYLED_ITEM ( 'NONE', ( #1613 ), #1092 ) ;
#597 = FILL_AREA_STYLE ('',( #3114 ) ) ;
#598 = CARTESIAN_POINT ( 'NONE',  ( -8.278729724121999922, -1.700264881969999919, -0.08590130534539000551 ) ) ;
#599 =( GEOMETRIC_REPRESENTATION_CONTEXT ( 3 ) GLOBAL_UNCERTAINTY_ASSIGNED_CONTEXT ( ( #2274 ) ) GLOBAL_UNIT_ASSIGNED_CONTEXT ( ( #3280, #2345, #3012 ) ) REPRESENTATION_CONTEXT ( 'NONE', 'WORKASPACE' ) );
#600 = CARTESIAN_POINT ( 'NONE',  ( -11.17677314062000171, -3.303868230326000521, -6.794760192500000073 ) ) ;
#601 = CIRCLE ( 'NONE', #3185, 1.000000000000000888 ) ;
#602 = PRESENTATION_LAYER_ASSIGNMENT (  '', '', ( #3127 ) ) ;
#603 =( GEOMETRIC_REPRESENTATION_CONTEXT ( 3 ) GLOBAL_UNCERTAINTY_ASSIGNED_CONTEXT ( ( #2828 ) ) GLOBAL_UNIT_ASSIGNED_CONTEXT ( ( #1164, #77, #3175 ) ) REPRESENTATION_CONTEXT ( 'NONE', 'WORKASPACE' ) );
#604 = CARTESIAN_POINT ( 'NONE',  ( -9.274110455830999911, -0.5568252227709999946, -2.263453728392000208 ) ) ;
#605 = CARTESIAN_POINT ( 'NONE',  ( 11.67090362753799937, -5.898317513224999864, -7.863376952674000719 ) ) ;
#606 = ORIENTED_EDGE ( 'NONE', *, *, #106, .F. ) ;
#607 = CARTESIAN_POINT ( 'NONE',  ( 9.808331664678000550, -0.8889511646890000396, -3.577426734233999817 ) ) ;
#608 =( NAMED_UNIT ( * ) PLANE_ANGLE_UNIT ( ) SI_UNIT ( $, .RADIAN. ) );
#609 = CARTESIAN_POINT ( 'NONE',  ( -8.317601321563000027, -1.741197722347999965, -0.1630002241140000030 ) ) ;
#610 = CARTESIAN_POINT ( 'NONE',  ( 8.875089666965999768, -2.907555897531000078, -1.440065441863999984 ) ) ;
#611 = CARTESIAN_POINT ( 'NONE',  ( -8.370167453603000851, -1.930562108516000075, -0.3127960970620000114 ) ) ;
#612 = CARTESIAN_POINT ( 'NONE',  ( 8.431043544501001463, 1.346442902701000532, -0.4833743809360000476 ) ) ;
#613 = CARTESIAN_POINT ( 'NONE',  ( 8.306024364431999985, 1.294342057419999970, 0.0000000000000000000 ) ) ;
#614 = CYLINDRICAL_SURFACE ( 'NONE', #1058, 6.000000000000000000 ) ;
#615 = CARTESIAN_POINT ( 'NONE',  ( -8.260905271822002405, -1.657145811350000164, -0.04257425020567000978 ) ) ;
#616 = CARTESIAN_POINT ( 'NONE',  ( -11.96077719560000574, -4.698350608006999884, -8.657396277382000349 ) ) ;
#617 = SURFACE_SIDE_STYLE ('',( #3197 ) ) ;
#618 = ORIENTED_EDGE ( 'NONE', *, *, #3439, .F. ) ;
#619 =( NAMED_UNIT ( * ) SI_UNIT ( $, .STERADIAN. ) SOLID_ANGLE_UNIT ( ) );
#620 = CARTESIAN_POINT ( 'NONE',  ( -9.447388678730998635, -0.9531828784790000730, -2.656714096091000510 ) ) ;
#621 = CARTESIAN_POINT ( 'NONE',  ( -8.980206826566002221, 0.09941507607726002282, -1.607032072730999905 ) ) ;
#622 = CARTESIAN_POINT ( 'NONE',  ( 8.266529080125211593, -1.652104575494896199, -0.04974981955391783589 ) ) ;
#623 = CARTESIAN_POINT ( 'NONE',  ( 9.219300000000002271, -8.382740000000000080, -7.500000000000000000 ) ) ;
#624 = UNCERTAINTY_MEASURE_WITH_UNIT (LENGTH_MEASURE( 1.000000000000000082E-05 ), #581, 'distance_accuracy_value', 'NONE');
#625 = ORIENTED_EDGE ( 'NONE', *, *, #2112, .F. ) ;
#626 = CARTESIAN_POINT ( 'NONE',  ( 11.88150533831800004, -4.479594014455000384, -8.365868773975000394 ) ) ;
#627 = CARTESIAN_POINT ( 'NONE',  ( -9.945395676755000025, -5.152914154774001609, -3.924749264803999882 ) ) ;
#628 = CARTESIAN_POINT ( 'NONE',  ( 10.75675116742380766, -8.382739999673669118, -7.499999999590107436 ) ) ;
#629 = CARTESIAN_POINT ( 'NONE',  ( 9.506895569278999147, -4.206228851359998799, -2.879166094088000172 ) ) ;
#630 = ADVANCED_FACE ( 'NONE', ( #3019 ), #3476, .F. ) ;
#631 = CARTESIAN_POINT ( 'NONE',  ( 8.246888688374003351, -1.627616972407000207, -0.009899524348321002074 ) ) ;
#632 = CARTESIAN_POINT ( 'NONE',  ( -8.388911865374002019, -1.978199031338999880, -0.3598245627330000640 ) ) ;
#633 = B_SPLINE_CURVE_WITH_KNOTS ( 'NONE', 3,
 ( #1693, #1713, #2235, #3141, #291, #622, #1752, #327, #3104, #2311, #1433, #3433, #580, #1964, #909, #3158, #685, #1818, #1392, #1018, #1309, #2140, #735, #1872, #1611, #3302, #770, #1836, #2926, #418, #2656, #2947, #2795, #804, #258, #1904, #824, #3014, #2753, #2248, #1365 ),
 .UNSPECIFIED., .F., .F.,
 ( 4, 1, 1, 1, 1, 2, 2, 1, 1, 2, 2, 2, 2, 2, 1, 1, 1, 2, 2, 2, 1, 1, 1, 1, 2, 2, 4 ),
 ( 0.0000000000000000000, 0.003906249999999957499, 0.005859374999999917601, 0.006835937499999895917, 0.007324218749999935815, 0.007568359374999918468, 0.007812499999999901121, 0.01171874999999970510, 0.01367187499999962530, 0.01464843749999958540, 0.01562499999999954550, 0.03124999999999961836, 0.06249999999999997224, 0.1250000000000006661, 0.1875000000000013878, 0.2187500000000017486, 0.2343750000000017764, 0.2421875000000018041, 0.2500000000000018319, 0.3750000000000005551, 0.4375000000000001110, 0.4687499999999999445, 0.4843749999999998335, 0.4921874999999998335, 0.4960937499999998890, 0.5000000000000000000, 1.000000000000000000 ),
 .UNSPECIFIED. ) ;
#634 = CARTESIAN_POINT ( 'NONE',  ( 10.54888233882599913, -4.968552964440999808, -8.699078110239000239 ) ) ;
#635 = DIRECTION ( 'NONE',  ( -0.0000000000000000000, 1.000000000000000000, -0.0000000000000000000 ) ) ;
#636 = CARTESIAN_POINT ( 'NONE',  ( -8.254682270129000798, -1.654353663082999804, -0.03142744970060000476 ) ) ;
#637 = CIRCLE ( 'NONE', #924, 0.2999999999999999334 ) ;
#638 =( NAMED_UNIT ( * ) SI_UNIT ( $, .STERADIAN. ) SOLID_ANGLE_UNIT ( ) );
#639 = EDGE_LOOP ( 'NONE', ( #350, #1979, #1468, #3137, #2877, #40, #82, #907 ) ) ;
#640 = CARTESIAN_POINT ( 'NONE',  ( 10.50000000000000000, -7.400000000000000355, -7.500000000000000000 ) ) ;
#641 = VERTEX_POINT ( 'NONE', #3609 ) ;
#642 = CARTESIAN_POINT ( 'NONE',  ( 8.620265790149000296, -2.564790590844999940, -0.9426643332890000115 ) ) ;
#643 = CARTESIAN_POINT ( 'NONE',  ( -8.278725193755001044, -1.673681173022000257, -0.07719299030882000034 ) ) ;
#644 = LINE ( 'NONE', #3348, #1237 ) ;
#645 = CARTESIAN_POINT ( 'NONE',  ( 11.27717724258206466, -8.126667531640475062, -7.499972703789481443 ) ) ;
#646 = CARTESIAN_POINT ( 'NONE',  ( 8.501893877024999213, -2.142151301479999770, -0.5893525329000001145 ) ) ;
#647 = CARTESIAN_POINT ( 'NONE',  ( -9.223579923249001666, -4.261413179030999920, -2.681009584198999818 ) ) ;
#648 = CARTESIAN_POINT ( 'NONE',  ( 8.372057660109001986, 1.401130093027000090, -0.2957344459200000331 ) ) ;
#649 = CARTESIAN_POINT ( 'NONE',  ( 0.0000000000000000000, 0.0000000000000000000, 24.00000000000000000 ) ) ;
#650 = CARTESIAN_POINT ( 'NONE',  ( 8.245425045805001574, -1.643506481343000258, -0.01258242928111000247 ) ) ;
#651 = CARTESIAN_POINT ( 'NONE',  ( -7.799317672731000073, -3.884176259448000046, 0.0000000000000000000 ) ) ;
#652 = CARTESIAN_POINT ( 'NONE',  ( -9.245976224719271386, -0.9713862104033180733, -4.226773996421716362 ) ) ;
#653 = CARTESIAN_POINT ( 'NONE',  ( -8.247366469706999936, -1.620034244936999990, -0.008327829846155000368 ) ) ;
#654 = CARTESIAN_POINT ( 'NONE',  ( -8.583864717743999506, 1.108975127701999908, -0.9376856002780000754 ) ) ;
#655 = AXIS2_PLACEMENT_3D ( 'NONE', #1631, #2732, #1938 ) ;
#656 = CARTESIAN_POINT ( 'NONE',  ( -11.21047390417654732, -4.193384650649226053, -24.26159797574886312 ) ) ;
#657 = CARTESIAN_POINT ( 'NONE',  ( -11.53049884298999928, -5.675805589122999706, -7.620847290499000337 ) ) ;
#658 = ORIENTED_EDGE ( 'NONE', *, *, #2978, .F. ) ;
#659 = CARTESIAN_POINT ( 'NONE',  ( 8.534546860748999819, -2.342952555321999863, -0.7215276723069999898 ) ) ;
#660 = CARTESIAN_POINT ( 'NONE',  ( -10.54420450443999968, -5.689729213981999933, -5.269772277613999911 ) ) ;
#661 = CARTESIAN_POINT ( 'NONE',  ( 8.379946380584000210, -1.892166432964000000, -0.3110964404980000042 ) ) ;
#662 = CARTESIAN_POINT ( 'NONE',  ( 8.597682734909998459, 1.034720178910000010, -0.8160775956839998457 ) ) ;
#663 = SURFACE_STYLE_FILL_AREA ( #861 ) ;
#664 = CARTESIAN_POINT ( 'NONE',  ( 8.279092960912000976, -1.673687044516000144, -0.07714640701459000993 ) ) ;
#665 = CARTESIAN_POINT ( 'NONE',  ( 8.400000000000000355, 1.271552307891101166E-15, 0.0000000000000000000 ) ) ;
#666 = CARTESIAN_POINT ( 'NONE',  ( -9.796934475731772451, -2.912858537353213428, -6.432724781094165678 ) ) ;
#667 = CARTESIAN_POINT ( 'NONE',  ( -11.18244889378118323, -4.581162923844338764, -7.500108892787762827 ) ) ;
#668 = CARTESIAN_POINT ( 'NONE',  ( -8.597018250837999531, 1.087646542581000020, -0.9795865611070001533 ) ) ;
#669 = PRESENTATION_STYLE_ASSIGNMENT (( #1466 ) ) ;
#670 = EDGE_CURVE ( 'NONE', #48, #64, #2540, .T. ) ;
#671 = CARTESIAN_POINT ( 'NONE',  ( -8.243698300824000569, 1.612897493640000013, -2.649732285438333549E-14 ) ) ;
#672 = CARTESIAN_POINT ( 'NONE',  ( -8.315078377101999152, 1.498903363219000084, -0.1700994525199999996 ) ) ;
#673 = ORIENTED_EDGE ( 'NONE', *, *, #2594, .F. ) ;
#674 = CARTESIAN_POINT ( 'NONE',  ( 8.320884909798001772, -1.803440119989000445, -0.1875667510530000248 ) ) ;
#675 = CARTESIAN_POINT ( 'NONE',  ( -8.922518181445001417, -2.798369189392000411, -1.515083017268000543 ) ) ;
#676 = LINE ( 'NONE', #1261, #532 ) ;
#677 = CARTESIAN_POINT ( 'NONE',  ( -10.23787260096696983, -5.137059844869002134, -4.549368029263041180 ) ) ;
#678 = CARTESIAN_POINT ( 'NONE',  ( -10.66749795886999941, -8.410539367388999210, -7.534950798450999798 ) ) ;
#679 =( BOUNDED_SURFACE ( )  B_SPLINE_SURFACE ( 2, 14, ( 
 ( #1683, #800, #1102, #2749, #3638, #2996, #2727, #2709, #3562, #512, #1339, #1607, #1363, #2206, #179, #2473, #3328, #1952, #3073, #3316, #552, #1318, #2790, #3051, #3579, #1647, #211, #1917, #252, #1401, #2511, #1049, #533, #2188, #784, #2168, #231, #3029, #3601, #1084, #1176, #69, #591, #1476, #1726, #611, #570, #356, #632, #1459, #1744, #898, #3405, #3442, #1760, #1195, #878, #15, #3149, #1702, #2034, #2583, #335, #859, #276, #3372, #1422, #2866, #1496, #53, #2602, #2318, #2055, #1212, #917, #3166, #2531, #1971, #2851, #2568, #315, #31, #2835, #298, #3090, #647, #1441, #1774, #839, #2886, #2815, #3027, #1142, #1991, #2013, #2262, #3390, #3111, #2549, #2283, #1155, #2104, #3481, #3205, #3259, #678, #2901, #156, #2620, #3223, #3189, #1812, #1581, #2916, #2336, #2071, #447, #390, #972 ),
 ( #1247, #2133, #429, #1827, #2118, #3495, #2389, #2373, #3511, #694, #2936, #1797, #1565, #411, #3240, #138, #1547, #119, #1852, #2666, #724, #1282, #2405, #1864, #3527, #1010, #2684, #3461, #935, #3068, #1642, #2488, #1044, #1898, #3295, #3544, #176, #2223, #2743, #505, #3009, #3615, #2452, #549, #1333, #485, #1930, #206, #1315, #1622, #1079, #2427, #1355, #2164, #2440, #1678, #780, #1064, #227, #2469, #2184, #467, #3559, #190, #813, #1914, #3025, #1098, #2722, #796, #758, #3312, #1376, #3598, #1663, #2201, #3326, #3046, #743, #527, #3343, #2763, #1948, #2786, #2989, #1028, #2149, #3275, #1879, #1603, #2705, #3389, #627, #3126, #1397, #1173, #3086, #2259, #1457, #2049, #894, #1719, #2577, #2506, #2527, #568, #2297, #2278, #3634, #3425, #3438, #2031, #855, #836, #3144, #1118, #1756, #2546, #913 ),
 ( #2863, #332, #1697, #50, #1193, #1988, #2316, #3161, #3402, #27, #1437, #312, #2831, #2565, #2810, #295, #3368, #643, #13, #2846, #1772, #271, #2006, #1420, #1969, #248, #3108, #3656, #1137, #874, #586, #609, #1740, #3183, #1004, #3219, #424, #2615, #3474, #1224, #1493, #1793, #133, #692, #2101, #954, #1560, #385, #2130, #2912, #2087, #3506, #1823, #2898, #3203, #2648, #2880, #2932, #84, #370, #3253, #2370, #1528, #1846, #406, #100, #2067, #1513, #1810, #2400, #3493, #968, #2662, #675, #2386, #2350, #2632, #2954, #1244, #3233, #1545, #116, #1260, #2332, #989, #1278, #2114, #707, #3521, #931, #722, #2599, #352, #66, #1208, #3457, #660, #2196, #1059, #2969, #2738, #1024, #171, #3020, #3610, #2466, #3290, #3040, #1576, #462, #2145, #1348, #1329, #2679, #3592, #1371, #1076, #2435, #2422 ) ),
 .UNSPECIFIED., .F., .F., .T. ) 
 B_SPLINE_SURFACE_WITH_KNOTS ( ( 3, 3 ),
 ( 15, 13, 13, 13, 13, 13, 13, 13, 13, 15 ),
 ( 0.0000000000000000000, 10.35799987540399947 ),
 ( 0.0000000000000000000, 0.08092187402658999884, 0.1618437480530000028, 0.3236874961060000055, 0.6473749922129999890, 1.294749984424999889, 2.589499968850999867, 5.178999937701999734, 10.35799987540399947, 10.99797453849400064 ),
 .UNSPECIFIED. ) 
 GEOMETRIC_REPRESENTATION_ITEM ( )  RATIONAL_B_SPLINE_SURFACE ( (
 ( 1.000000000000000000, 1.000000000000000000, 1.000000000000000000, 1.000000000000000000, 1.000000000001000089, 0.9999999999990000221, 1.000000000001999956, 0.9999999999980000442, 1.000000000001999956, 0.9999999999980000442, 1.000000000001999956, 0.9999999999990000221, 1.000000000001000089, 1.000000000000000000, 1.000000000001000089, 0.9999999999949999996, 1.000000000016000090, 0.9999999999659999750, 1.000000000053999916, 0.9999999999299999942, 1.000000000073000050, 0.9999999999369999504, 1.000000000043999915, 0.9999999999759999758, 1.000000000010000001, 0.9999999999969999553, 1.000000000000000000, 1.000000000001000089, 0.9999999999949999996, 1.000000000016000090, 0.9999999999669999529, 1.000000000053999916, 0.9999999999299999942, 1.000000000073999917, 0.9999999999359999725, 1.000000000045000004, 0.9999999999749999979, 1.000000000011000090, 0.9999999999969999553, 1.000000000000000000, 1.000000000001000089, 0.9999999999949999996, 1.000000000013999912, 0.9999999999699999975, 1.000000000048999915, 0.9999999999369999504, 1.000000000066999961, 0.9999999999430000397, 1.000000000040000003, 0.9999999999769999537, 1.000000000010000001, 0.9999999999969999553, 1.000000000000000000, 1.000000000001000089, 0.9999999999949999996, 1.000000000016000090, 0.9999999999659999750, 1.000000000053999916, 0.9999999999299999942, 1.000000000073999917, 0.9999999999359999725, 1.000000000045000004, 0.9999999999749999979, 1.000000000011000090, 0.9999999999969999553, 1.000000000000000000, 1.000000000001000089, 0.9999999999949999996, 1.000000000016000090, 0.9999999999669999529, 1.000000000053000049, 0.9999999999319999500, 1.000000000071999962, 0.9999999999390000172, 1.000000000043000048, 0.9999999999759999758, 1.000000000010000001, 0.9999999999969999553, 1.000000000000000000, 1.000000000001000089, 0.9999999999949999996, 1.000000000015000001, 0.9999999999680000418, 1.000000000051999960, 0.9999999999330000389, 1.000000000071000095, 0.9999999999390000172, 1.000000000043000048, 0.9999999999759999758, 1.000000000010000001, 0.9999999999969999553, 1.000000000000000000, 1.000000000001000089, 0.9999999999949999996, 1.000000000015000001, 0.9999999999669999529, 1.000000000053000049, 0.9999999999309999721, 1.000000000073000050, 0.9999999999359999725, 1.000000000045000004, 0.9999999999730000422, 1.000000000011999957, 0.9999999999959999775, 1.000000000001000089, 1.000000000000000000, 1.000000000000000000, 1.000000000000000000, 1.000000000000000000, 1.000000000000000000, 1.000000000000000000, 1.000000000000000000, 1.000000000000000000, 1.000000000000000000, 1.000000000000000000, 1.000000000000000000, 1.000000000000000000, 1.000000000000000000, 1.000000000000000000),
 ( 1.000000000000000000, 1.000000000003000045, 0.9999998320659999607, 0.9999994962239999730, 0.9999989919849999742, 0.9999983201730000548, 0.9999974790819999848, 0.9999964708490000076, 0.9999952929380000466, 0.9999939473869999818, 0.9999924326360000171, 0.9999907493820000548, 0.9999888972129999942, 0.9999868761289999464, 0.9999824959199999919, 0.9999801367870000401, 0.9999776085660000424, 0.9999749110760000059, 0.9999720444190000057, 0.9999690081830000521, 0.9999658027150000184, 0.9999624274289999892, 0.9999588827040000183, 0.9999551680770000228, 0.9999512837039999935, 0.9999472293600000228, 0.9999430050109999746, 0.9999298216309999709, 0.9999203522470000438, 0.9999102017230000472, 0.9998993692690000268, 0.9998878543670000063, 0.9998756560010000349, 0.9998627738930000453, 0.9998492068559999835, 0.9998349546450000513, 0.9998200161910000272, 0.9998043910310000504, 0.9997880783310000297, 0.9997710774429999780, 0.9997180080509999733, 0.9996798723659999775, 0.9996389753909999953, 0.9995953118039999641, 0.9995488765740000447, 0.9994996641340000432, 0.9994476697170000534, 0.9993928875640000209, 0.9993353129499999987, 0.9992749402399999648, 0.9992117644739999527, 0.9991457802750000061, 0.9990769824759999640, 0.9988621325269999573, 0.9987076130230000404, 0.9985417743590000450, 0.9983645834550000098, 0.9981760075229999529, 0.9979760132410000484, 0.9977645680860000033, 0.9975416385390000196, 0.9973071921249999638, 0.9970611954439999591, 0.9968036157880000303, 0.9965344200169999889, 0.9962535752109999976, 0.9953759946639999523, 0.9947439271500000402, 0.9940648047910000118, 0.9933385864370000151, 0.9925652312270000222, 0.9917446977680000053, 0.9908769454639999585, 0.9899619327240000155, 0.9889996190030000411, 0.9879899628270000234, 0.9869329234170000076, 0.9858284595609999590, 0.9846765302659999941, 0.9810782228290000351, 0.9784907663840000103, 0.9757159859599999763, 0.9727558246180000312, 0.9696129079980000398, 0.9662905436030000406, 0.9627927219559999639, 0.9591241150449999475, 0.9552900780859999719, 0.9512966478250000080, 0.9471505439280000216, 0.9428591680190000490, 0.9384306042359999989, 0.9247596484360000035, 0.9151316250069999603, 0.9050552729309999656, 0.8946063883499999481, 0.8838663060329999821, 0.8729179686410000194, 0.8618426013600000157, 0.8507169875290000460, 0.8396113509720000145, 0.8285878386499999637, 0.8176996097830000476, 0.8069905263259999906, 0.7964954484699999782, 0.7849739959639999709, 0.7839018031669999775, 0.7830245545139999930, 0.7823422500059999951, 0.7818548896439999618, 0.7815624734260000483, 0.7814650013539999884, 0.7815624734260000483, 0.7818548896439999618, 0.7823422500059999951, 0.7830245545139999930, 0.7839018031669999775, 0.7849739959639999709, 0.7862411329070000399),
 ( 1.000000000000000000, 1.000000000000000000, 1.000000000000000000, 1.000000000000000000, 1.000000000001000089, 0.9999999999990000221, 1.000000000001999956, 0.9999999999980000442, 1.000000000001999956, 0.9999999999980000442, 1.000000000001999956, 0.9999999999990000221, 1.000000000001000089, 1.000000000000000000, 1.000000000001000089, 0.9999999999949999996, 1.000000000016000090, 0.9999999999659999750, 1.000000000053999916, 0.9999999999299999942, 1.000000000073000050, 0.9999999999369999504, 1.000000000043999915, 0.9999999999759999758, 1.000000000010000001, 0.9999999999969999553, 1.000000000000000000, 1.000000000001000089, 0.9999999999949999996, 1.000000000016000090, 0.9999999999669999529, 1.000000000053999916, 0.9999999999299999942, 1.000000000073999917, 0.9999999999359999725, 1.000000000045000004, 0.9999999999749999979, 1.000000000011000090, 0.9999999999969999553, 1.000000000000000000, 1.000000000001000089, 0.9999999999949999996, 1.000000000013999912, 0.9999999999699999975, 1.000000000048999915, 0.9999999999369999504, 1.000000000066999961, 0.9999999999430000397, 1.000000000040000003, 0.9999999999769999537, 1.000000000010000001, 0.9999999999969999553, 1.000000000000000000, 1.000000000001000089, 0.9999999999949999996, 1.000000000016000090, 0.9999999999659999750, 1.000000000053999916, 0.9999999999299999942, 1.000000000073999917, 0.9999999999359999725, 1.000000000045000004, 0.9999999999749999979, 1.000000000011000090, 0.9999999999969999553, 1.000000000000000000, 1.000000000001000089, 0.9999999999949999996, 1.000000000016000090, 0.9999999999669999529, 1.000000000053000049, 0.9999999999319999500, 1.000000000071999962, 0.9999999999390000172, 1.000000000043000048, 0.9999999999759999758, 1.000000000010000001, 0.9999999999969999553, 1.000000000000000000, 1.000000000001000089, 0.9999999999949999996, 1.000000000015000001, 0.9999999999680000418, 1.000000000051999960, 0.9999999999330000389, 1.000000000071000095, 0.9999999999390000172, 1.000000000043000048, 0.9999999999759999758, 1.000000000010000001, 0.9999999999969999553, 1.000000000000000000, 1.000000000001000089, 0.9999999999949999996, 1.000000000015000001, 0.9999999999669999529, 1.000000000053000049, 0.9999999999309999721, 1.000000000073000050, 0.9999999999359999725, 1.000000000045000004, 0.9999999999730000422, 1.000000000011999957, 0.9999999999959999775, 1.000000000001000089, 1.000000000000000000, 1.000000000000000000, 1.000000000000000000, 1.000000000000000000, 1.000000000000000000, 1.000000000000000000, 1.000000000000000000, 1.000000000000000000, 1.000000000000000000, 1.000000000000000000, 1.000000000000000000, 1.000000000000000000, 1.000000000000000000, 1.000000000000000000) ) ) 
 REPRESENTATION_ITEM ( '' )  SURFACE ( )  );
#680 = CARTESIAN_POINT ( 'NONE',  ( 8.436373557553999092, 1.295846082281999712, -0.4439916624999999395 ) ) ;
#681 = CARTESIAN_POINT ( 'NONE',  ( 9.482817566637999462, -3.764009515430000619, -2.760729748756999946 ) ) ;
#682 = CARTESIAN_POINT ( 'NONE',  ( 8.431029949421345648, 1.346420578630721510, -0.4834926706683029818 ) ) ;
#683 = CARTESIAN_POINT ( 'NONE',  ( -8.953005045632586700, 0.2402689116694886329, -2.575862422326352430 ) ) ;
#684 = CARTESIAN_POINT ( 'NONE',  ( 8.331215292436999320, 1.444657949916999806, -0.1870352813159999739 ) ) ;
#685 = CARTESIAN_POINT ( 'NONE',  ( 8.332243699196309805, -1.765050394304646941, -0.1931901718473192919 ) ) ;
#686 = FACE_OUTER_BOUND ( 'NONE', #2065, .T. ) ;
#687 = CARTESIAN_POINT ( 'NONE',  ( -9.274110455830999911, -0.5568252227709999946, -2.263453728392000208 ) ) ;
#688 = AXIS2_PLACEMENT_3D ( 'NONE', #1800, #2622, #374 ) ;
#689 = EDGE_CURVE ( 'NONE', #852, #1661, #3421, .T. ) ;
#690 = VERTEX_POINT ( 'NONE', #242 ) ;
#691 = CARTESIAN_POINT ( 'NONE',  ( 8.304880269188000597, -1.763746226605000134, -0.1484549492920000380 ) ) ;
#692 = CARTESIAN_POINT ( 'NONE',  ( -8.383589456104999726, -1.855925472362000006, -0.3089617139590000172 ) ) ;
#693 = CARTESIAN_POINT ( 'NONE',  ( -11.48069999280971842, -7.413140773055836519, -7.500000004218271066 ) ) ;
#694 = CARTESIAN_POINT ( 'NONE',  ( -8.255925468884999674, -1.652273381481000225, -0.03276868331142999968 ) ) ;
#695 =( LENGTH_UNIT ( ) NAMED_UNIT ( * ) SI_UNIT ( .MILLI., .METRE. ) );
#696 = CARTESIAN_POINT ( 'NONE',  ( 9.176390951455999812, -3.228019267825000593, -2.067469099466999971 ) ) ;
#697 = CARTESIAN_POINT ( 'NONE',  ( -8.951243646983080282, 0.2468766141586365981, -2.565105955087393586 ) ) ;
#698 = CARTESIAN_POINT ( 'NONE',  ( -8.609979723164000731, 1.066344973359999893, -1.021590211461999909 ) ) ;
#699 = CARTESIAN_POINT ( 'NONE',  ( 8.339134570367999544, 1.428763928433000041, -0.2036152688500000030 ) ) ;
#700 = ORIENTED_EDGE ( 'NONE', *, *, #530, .T. ) ;
#701 = FILL_AREA_STYLE ('',( #1819 ) ) ;
#702 = CARTESIAN_POINT ( 'NONE',  ( -10.12793938833999974, -2.527507866095000111, -4.243315080386000027 ) ) ;
#703 = COLOUR_RGB ( '',0.8000000000000000444, 0.8000000000000000444, 0.8000000000000000444 ) ;
#704 = ORIENTED_EDGE ( 'NONE', *, *, #2218, .T. ) ;
#705 = MECHANICAL_DESIGN_GEOMETRIC_PRESENTATION_REPRESENTATION (  '', ( #469 ), #472 ) ;
#706 = CARTESIAN_POINT ( 'NONE',  ( 8.857862608924001790, -3.196784657148000530, -1.579328751313000323 ) ) ;
#707 = CARTESIAN_POINT ( 'NONE',  ( -9.650225313530999216, -4.084952026190999952, -3.179446272463999801 ) ) ;
#708 = CARTESIAN_POINT ( 'NONE',  ( 0.0000000000000000000, 0.0000000000000000000, 0.0000000000000000000 ) ) ;
#709 = CARTESIAN_POINT ( 'NONE',  ( -8.938888092831174248, -2.826917014185669874, -1.551518784276260998 ) ) ;
#710 = CARTESIAN_POINT ( 'NONE',  ( 11.55482650891599938, -8.468601924927000368, -7.570557548865999742 ) ) ;
#711 = CARTESIAN_POINT ( 'NONE',  ( 8.644554229947997825, -2.628133854001000191, -1.005969990244999890 ) ) ;
#712 = EDGE_CURVE ( 'NONE', #583, #795, #1951, .T. ) ;
#713 = DIRECTION ( 'NONE',  ( -0.0000000000000000000, -0.0000000000000000000, -1.000000000000000000 ) ) ;
#714 = SURFACE_SIDE_STYLE ('',( #1288 ) ) ;
#715 = FILL_AREA_STYLE_COLOUR ( '', #3188 ) ;
#716 = DIRECTION ( 'NONE',  ( 1.000000000000000000, 0.0000000000000000000, 0.0000000000000000000 ) ) ;
#717 = CARTESIAN_POINT ( 'NONE',  ( 6.659631154435000866, 6.019416751019999623, 0.0000000000000000000 ) ) ;
#718 = CARTESIAN_POINT ( 'NONE',  ( 11.33542927740774076, -7.953608036355804600, -24.15020399069063117 ) ) ;
#719 = LINE ( 'NONE', #2418, #2003 ) ;
#720 = VERTEX_POINT ( 'NONE', #1734 ) ;
#721 = LINE ( 'NONE', #1860, #2941 ) ;
#722 = CARTESIAN_POINT ( 'NONE',  ( -9.830230528394002576, -4.405894665563000245, -3.597001058506999804 ) ) ;
#723 = CARTESIAN_POINT ( 'NONE',  ( -8.288897353481464947, -1.691341258384387647, -0.09963007027817302741 ) ) ;
#724 = CARTESIAN_POINT ( 'NONE',  ( -8.280908062332999364, -1.690063390648000041, -0.08599308265260001416 ) ) ;
#725 = SURFACE_STYLE_USAGE ( .BOTH. , #1283 ) ;
#726 =( NAMED_UNIT ( * ) PLANE_ANGLE_UNIT ( ) SI_UNIT ( $, .RADIAN. ) );
#727 = CARTESIAN_POINT ( 'NONE',  ( 9.787081435495002424, -4.299151940250999893, -3.455700254368999857 ) ) ;
#728 = EDGE_CURVE ( 'NONE', #2348, #2855, #283, .T. ) ;
#729 = ORIENTED_EDGE ( 'NONE', *, *, #63, .F. ) ;
#730 = CARTESIAN_POINT ( 'NONE',  ( 8.812431933290154618, 0.6938865695966840441, -1.764245634266735197 ) ) ;
#731 = CARTESIAN_POINT ( 'NONE',  ( -8.431454867747000037, -0.3266336581150000029, 0.0000000000000000000 ) ) ;
#732 = CARTESIAN_POINT ( 'NONE',  ( -10.63282008291048086, -4.034184215540324914, -7.500026086176086793 ) ) ;
#733 = LINE ( 'NONE', #3031, #3121 ) ;
#734 = CARTESIAN_POINT ( 'NONE',  ( -4.871484326706999823, 7.779158573559000089, 0.0000000000000000000 ) ) ;
#735 = CARTESIAN_POINT ( 'NONE',  ( 8.842007625322665376, -2.645902347241716690, -1.318087275457835439 ) ) ;
#736 = CARTESIAN_POINT ( 'NONE',  ( -8.915380304633000463, 0.5219884699879999701, -1.567491685095999898 ) ) ;
#737 = VERTEX_POINT ( 'NONE', #3648 ) ;
#738 = PRESENTATION_STYLE_ASSIGNMENT (( #3270 ) ) ;
#739 = DIRECTION ( 'NONE',  ( 0.0000000000000000000, -4.081702296416016490E-16, 1.000000000000000000 ) ) ;
#740 = AXIS2_PLACEMENT_3D ( 'NONE', #3094, #493, #1705 ) ;
#741 = DIRECTION ( 'NONE',  ( 0.0000000000000000000, -1.000000000000000000, 0.0000000000000000000 ) ) ;
#742 = CARTESIAN_POINT ( 'NONE',  ( 8.311287275135999408, -1.779624008933000212, -0.1640972178479999932 ) ) ;
#743 = CARTESIAN_POINT ( 'NONE',  ( -9.009635702731999984, -3.202256812571999678, -1.767193819113000330 ) ) ;
#744 = CARTESIAN_POINT ( 'NONE',  ( 8.867926795728999778, -2.690976578287000098, -1.376048321819999920 ) ) ;
#745 = CARTESIAN_POINT ( 'NONE',  ( 8.956106325288653025, 0.2730676847814639263, -2.525425426026833176 ) ) ;
#746 = CARTESIAN_POINT ( 'NONE',  ( -8.700054719984944285, 0.9097101351933181146, -1.333584379633430572 ) ) ;
#747 = CARTESIAN_POINT ( 'NONE',  ( 8.606121838019001657, 0.9000649836159999584, -0.7768970392069999287 ) ) ;
#748 = FILL_AREA_STYLE_COLOUR ( '', #817 ) ;
#749 = SURFACE_SIDE_STYLE ('',( #3490 ) ) ;
#750 = CARTESIAN_POINT ( 'NONE',  ( -9.598150560534000064, -0.5688669189880001253, -3.139254983510999963 ) ) ;
#751 = CARTESIAN_POINT ( 'NONE',  ( 9.939736539219000022, -6.319299551603999809, -4.973893193368000176 ) ) ;
#752 = FACE_OUTER_BOUND ( 'NONE', #3435, .T. ) ;
#753 = CARTESIAN_POINT ( 'NONE',  ( -8.377219953750000059, 1.351732566879999986, -0.2882589620520000229 ) ) ;
#754 = FACE_BOUND ( 'NONE', #1135, .T. ) ;
#755 = CARTESIAN_POINT ( 'NONE',  ( 8.543783436932999464, 1.025564457103000260, -0.6426024639709999597 ) ) ;
#756 = MECHANICAL_DESIGN_GEOMETRIC_PRESENTATION_REPRESENTATION (  '', ( #3576 ), #3472 ) ;
#757 = CARTESIAN_POINT ( 'NONE',  ( 8.472507537791999610, -2.184360516504999961, -0.5640503715939999552 ) ) ;
#758 = CARTESIAN_POINT ( 'NONE',  ( -8.782706781336999668, -2.731022749479999678, -1.244106002981000048 ) ) ;
#759 = COLOUR_RGB ( '',0.8000000000000000444, 0.8000000000000000444, 0.8000000000000000444 ) ;
#760 = AXIS2_PLACEMENT_3D ( 'NONE', #3184, #1577, #3220 ) ;
#761 = SHAPE_DEFINITION_REPRESENTATION ( #2197, #1337 ) ;
#762 = CARTESIAN_POINT ( 'NONE',  ( 8.311815945301999520, -1.752516146286000165, -0.1555632620680000300 ) ) ;
#763 = AXIS2_PLACEMENT_3D ( 'NONE', #3336, #499, #222 ) ;
#764 = CARTESIAN_POINT ( 'NONE',  ( 10.15176661702981598, -3.882740196014938583, -7.499999821792775911 ) ) ;
#765 = FILL_AREA_STYLE ('',( #180 ) ) ;
#766 = FACE_BOUND ( 'NONE', #114, .T. ) ;
#767 = CARTESIAN_POINT ( 'NONE',  ( 8.307343697326000864, 1.511770268193000089, -0.1515825543669999942 ) ) ;
#768 = CARTESIAN_POINT ( 'NONE',  ( 8.867651138470000305, 0.3587104626750000080, -1.343289165255000084 ) ) ;
#769 = MECHANICAL_DESIGN_GEOMETRIC_PRESENTATION_REPRESENTATION (  '', ( #2946 ), #2686 ) ;
#770 = CARTESIAN_POINT ( 'NONE',  ( 9.067451307811557726, -3.038100309144150302, -1.822612321000981916 ) ) ;
#771 = CARTESIAN_POINT ( 'NONE',  ( -8.826400644976999388, -3.134243500561000317, -1.515039396153000206 ) ) ;
#772 = CARTESIAN_POINT ( 'NONE',  ( -8.641462179456999237, 0.9571279932290001069, -0.9281404316520001085 ) ) ;
#773 = DIRECTION ( 'NONE',  ( 0.0000000000000000000, -1.000000000000000000, -2.153159805334000109E-16 ) ) ;
#774 = EDGE_CURVE ( 'NONE', #1165, #330, #806, .T. ) ;
#775 = CARTESIAN_POINT ( 'NONE',  ( 9.281172187166999876, -4.384609377551999643, -2.812976283508000108 ) ) ;
#776 = CARTESIAN_POINT ( 'NONE',  ( -11.14088566799011737, -4.821635126585258391, -6.675975787767283620 ) ) ;
#777 = CARTESIAN_POINT ( 'NONE',  ( 5.204748896376250699E-16, -3.899999999999999023, -22.50000000000000000 ) ) ;
#778 = CARTESIAN_POINT ( 'NONE',  ( 8.837192904063000398, 0.4231113571880000257, -1.277041253978999924 ) ) ;
#779 = CARTESIAN_POINT ( 'NONE',  ( 8.314488205497001516, -1.787562790735000018, -0.1719195743120000008 ) ) ;
#780 = CARTESIAN_POINT ( 'NONE',  ( -8.498929299374001545, -2.142235506959000002, -0.5894882082330000772 ) ) ;
#781 = DIRECTION ( 'NONE',  ( 0.0000000000000000000, 0.0000000000000000000, 1.000000000000000000 ) ) ;
#782 = CARTESIAN_POINT ( 'NONE',  ( 11.79373152226500032, -7.923176467651999566, -8.149814041345999627 ) ) ;
#783 = PRODUCT ( 'User Library-Terminal lug 70mm2-M8-1', 'User Library-Terminal lug 70mm2-M8-1', '', ( #797 ) ) ;
#784 = CARTESIAN_POINT ( 'NONE',  ( -8.313570535752001334, -1.787626732352999959, -0.1718898774510000116 ) ) ;
#785 = SURFACE_STYLE_USAGE ( .BOTH. , #714 ) ;
#786 = CARTESIAN_POINT ( 'NONE',  ( -10.59032520691000023, -5.185292929807999940, -8.940295580445999590 ) ) ;
#787 = CARTESIAN_POINT ( 'NONE',  ( 8.837192904063000398, 0.4231113571880000257, -1.277041253978999924 ) ) ;
#788 = CARTESIAN_POINT ( 'NONE',  ( -8.662948593999999503, -2.691816981264999686, -1.069173398687999876 ) ) ;
#789 = CARTESIAN_POINT ( 'NONE',  ( -9.853091593318000108, -0.9973001060919999272, -3.721882841998000568 ) ) ;
#790 = DIRECTION ( 'NONE',  ( -0.7071067812066447189, 8.659560562601051298E-17, 0.7071067811664503155 ) ) ;
#791 = CARTESIAN_POINT ( 'NONE',  ( -10.65679277194226771, -8.382739999997610880, -7.499999999996936673 ) ) ;
#792 = ADVANCED_FACE ( 'NONE', ( #544 ), #679, .T. ) ;
#793 = DIRECTION ( 'NONE',  ( 0.0000000000000000000, 1.000000000000000000, 2.220446049250000002E-16 ) ) ;
#794 = CARTESIAN_POINT ( 'NONE',  ( 10.60497388973699984, -3.561477726831999924, -5.316413219306999949 ) ) ;
#795 = VERTEX_POINT ( 'NONE', #791 ) ;
#796 = CARTESIAN_POINT ( 'NONE',  ( -8.754320223616000263, -2.672106837243000133, -1.178652717982000331 ) ) ;
#797 = PRODUCT_CONTEXT ( 'NONE', #1857, 'mechanical' ) ;
#798 = CARTESIAN_POINT ( 'NONE',  ( 11.83737424209100197, -8.003838069802000632, -8.253177809618000182 ) ) ;
#799 = CARTESIAN_POINT ( 'NONE',  ( 9.214716109083374462, -0.7748856270474364649, -3.989220144793217404 ) ) ;
#800 = CARTESIAN_POINT ( 'NONE',  ( -8.245220032041000735, -1.616995805356999938, -0.003820382151157999517 ) ) ;
#801 = CARTESIAN_POINT ( 'NONE',  ( -11.48070000000000235, -4.782740000000000435, -7.500000000000000000 ) ) ;
#802 = CARTESIAN_POINT ( 'NONE',  ( 8.588684797694000395, 1.108952324072999929, -0.9375751590749999975 ) ) ;
#803 = CARTESIAN_POINT ( 'NONE',  ( 11.34955272188275899, -4.823025555837648248, -7.499937358296339340 ) ) ;
#804 = CARTESIAN_POINT ( 'NONE',  ( 9.852495197082962619, -4.414720241150572377, -3.606081926750196232 ) ) ;
#805 = CARTESIAN_POINT ( 'NONE',  ( -9.223579923248999890, -4.261413179030999920, -2.681009584198999374 ) ) ;
#806 = LINE ( 'NONE', #888, #161 ) ;
#807 = CARTESIAN_POINT ( 'NONE',  ( -10.12793938834011342, -2.527507866095268785, -4.243315080386276250 ) ) ;
#808 = CARTESIAN_POINT ( 'NONE',  ( -8.290810723156999629, 1.509528757305999891, -0.09354240918465001053 ) ) ;
#809 = CARTESIAN_POINT ( 'NONE',  ( -8.252536408504216325, -1.628243503593105102, -0.01945893455281250822 ) ) ;
#810 = CARTESIAN_POINT ( 'NONE',  ( 8.621654960496000442, 0.8685694099270000468, -0.8104047187170000388 ) ) ;
#811 = CARTESIAN_POINT ( 'NONE',  ( 11.92298291177599978, -4.552647135600000006, -8.463549870336999348 ) ) ;
#812 = FILL_AREA_STYLE ('',( #3614 ) ) ;
#813 = CARTESIAN_POINT ( 'NONE',  ( -8.612402638441002622, -2.377629484425999973, -0.8513280232120000734 ) ) ;
#814 =( LENGTH_UNIT ( ) NAMED_UNIT ( * ) SI_UNIT ( .MILLI., .METRE. ) );
#815 = PRESENTATION_LAYER_ASSIGNMENT (  '', '', ( #596 ) ) ;
#816 = CARTESIAN_POINT ( 'NONE',  ( 8.255195591220999773, -1.620269904476999701, -0.02109645299912000019 ) ) ;
#817 = COLOUR_RGB ( '',0.8000000000000000444, 0.8000000000000000444, 0.8000000000000000444 ) ;
#818 = CARTESIAN_POINT ( 'NONE',  ( 8.264692015599999664, -1.664505140588000254, -0.05075833106620000063 ) ) ;
#819 = VECTOR ( 'NONE', #3030, 1000.000000000000000 ) ;
#820 = CARTESIAN_POINT ( 'NONE',  ( 11.50000000000000000, -4.900000000000000355, -7.500000000000000000 ) ) ;
#821 = FACE_OUTER_BOUND ( 'NONE', #2948, .T. ) ;
#822 = CARTESIAN_POINT ( 'NONE',  ( 9.089388901002999788, -0.2588015874290000018, -3.328769167778999893 ) ) ;
#823 = CARTESIAN_POINT ( 'NONE',  ( 9.344570617715000083, -0.6895622285260000206, -2.394717515493999915 ) ) ;
#824 = CARTESIAN_POINT ( 'NONE',  ( 9.901363457803745050, -4.501050041967064708, -3.718407312735027670 ) ) ;
#825 = MECHANICAL_DESIGN_GEOMETRIC_PRESENTATION_REPRESENTATION (  '', ( #1007 ), #3358 ) ;
#826 = PRESENTATION_LAYER_ASSIGNMENT (  '', '', ( #538 ) ) ;
#827 = CARTESIAN_POINT ( 'NONE',  ( -8.872047961523000126, -3.260278607111999793, -1.643220481253999887 ) ) ;
#828 = CARTESIAN_POINT ( 'NONE',  ( -8.450636049406000438, 1.313777645775999980, -0.5447939520719999873 ) ) ;
#829 = CARTESIAN_POINT ( 'NONE',  ( 8.525877024123001746, -2.098716810742999872, -0.6180473342009999982 ) ) ;
#830 = CARTESIAN_POINT ( 'NONE',  ( -11.27791605650747186, -8.077029894792399745, -7.499999766812670110 ) ) ;
#831 = CARTESIAN_POINT ( 'NONE',  ( -9.789189267336002587, -1.743581142676000173, -3.446985280859000245 ) ) ;
#832 = CARTESIAN_POINT ( 'NONE',  ( -9.068988281721999556, -0.09664711984405000011, -1.804288586123999893 ) ) ;
#833 = CARTESIAN_POINT ( 'NONE',  ( -8.275735931288069835, -1.013485351884067538E-15, 24.00000000000000000 ) ) ;
#834 = CARTESIAN_POINT ( 'NONE',  ( 9.402995792316001911, -0.8218187319670000601, -2.525769955250000809 ) ) ;
#835 = CARTESIAN_POINT ( 'NONE',  ( 8.792555576027000441, 0.7258075551360001487, -1.265831758626000170 ) ) ;
#836 = CARTESIAN_POINT ( 'NONE',  ( -11.53045179014000077, -8.499382127008001220, -7.604542123063001036 ) ) ;
#837 = CARTESIAN_POINT ( 'NONE',  ( 10.69665200744297628, -8.382739999999920144, -7.500000000000066613 ) ) ;
#838 = CARTESIAN_POINT ( 'NONE',  ( -8.400000000000000355, -1.028703311283776586E-15, 23.87573593128806593 ) ) ;
#839 = CARTESIAN_POINT ( 'NONE',  ( -9.349096165474001907, -4.631972144464000962, -3.077295861407000288 ) ) ;
#840 = CARTESIAN_POINT ( 'NONE',  ( -11.48070000000000235, -6.132740000000000080, -7.500000000000000000 ) ) ;
#841 = CARTESIAN_POINT ( 'NONE',  ( 8.453431758976000410, 1.313717554181000002, -0.5446720790960000169 ) ) ;
#842 = CARTESIAN_POINT ( 'NONE',  ( 9.018614155264000232, 0.03401599212026000518, -1.673137688680000013 ) ) ;
#843 = ADVANCED_FACE ( 'NONE', ( #752 ), #521, .T. ) ;
#844 = CARTESIAN_POINT ( 'NONE',  ( -8.431454867747000037, 0.3266336581150000029, 0.0000000000000000000 ) ) ;
#845 = CARTESIAN_POINT ( 'NONE',  ( -9.051082750244999531, -3.762803365139999912, -2.158937310850999491 ) ) ;
#846 = CARTESIAN_POINT ( 'NONE',  ( -8.515445750208000320, 1.216204510942999972, -0.7297548260840001078 ) ) ;
#847 = CARTESIAN_POINT ( 'NONE',  ( 8.392900869558999943, -1.869443547946999962, -0.3259439354220000640 ) ) ;
#848 = CARTESIAN_POINT ( 'NONE',  ( 0.0000000000000000000, 0.0000000000000000000, 23.00000000000000000 ) ) ;
#849 = CARTESIAN_POINT ( 'NONE',  ( -8.980206826566002221, 0.09941507607726000895, -1.607032072731000127 ) ) ;
#850 = CARTESIAN_POINT ( 'NONE',  ( 6.515201656323000735E-16, -3.900000000000003020, -11.55555555555000069 ) ) ;
#851 = FACE_OUTER_BOUND ( 'NONE', #2562, .T. ) ;
#852 = VERTEX_POINT ( 'NONE', #1039 ) ;
#853 = CARTESIAN_POINT ( 'NONE',  ( 8.299643458483000558, 1.516976745046999975, -0.1270755861310000068 ) ) ;
#854 = CARTESIAN_POINT ( 'NONE',  ( 8.903988113404999183, -3.322693376206999893, -1.707712780040000267 ) ) ;
#855 = CARTESIAN_POINT ( 'NONE',  ( -11.51652606243000143, -8.469812401580004035, -7.572043242828000231 ) ) ;
#856 = CARTESIAN_POINT ( 'NONE',  ( 11.41618216879015080, -7.914140183637955239, -7.499888420727697458 ) ) ;
#857 = CARTESIAN_POINT ( 'NONE',  ( 8.559291043910999264, -2.259826898859000011, -0.7202647681380001110 ) ) ;
#858 = CARTESIAN_POINT ( 'NONE',  ( -8.275735931288069835, -1.013485351884067538E-15, 24.00000000000000000 ) ) ;
#859 = CARTESIAN_POINT ( 'NONE',  ( -8.554936543246000724, -2.406634322509999979, -0.7845033952950000167 ) ) ;
#860 = CARTESIAN_POINT ( 'NONE',  ( 8.438538005071999137, 1.335519647681999933, -0.5037822435490000306 ) ) ;
#861 = FILL_AREA_STYLE ('',( #3191 ) ) ;
#862 = DIRECTION ( 'NONE',  ( 1.000000000000000000, 0.0000000000000000000, 0.0000000000000000000 ) ) ;
#863 = CARTESIAN_POINT ( 'NONE',  ( -10.11872685582974896, -3.882740234961145287, -7.499999822220637213 ) ) ;
#864 = CARTESIAN_POINT ( 'NONE',  ( -8.345076206392000984, -1.867039012975000301, -0.2501405719319999554 ) ) ;
#865 = CARTESIAN_POINT ( 'NONE',  ( -11.66341430179999961, -4.168332547976000058, -7.948596095795999794 ) ) ;
#866 =( NAMED_UNIT ( * ) PLANE_ANGLE_UNIT ( ) SI_UNIT ( $, .RADIAN. ) );
#867 = ORIENTED_EDGE ( 'NONE', *, *, #236, .T. ) ;
#868 = CARTESIAN_POINT ( 'NONE',  ( -11.23452475434794273, -8.132894384634775875, -7.500001865143036461 ) ) ;
#869 = CARTESIAN_POINT ( 'NONE',  ( -8.400000000000000355, -1.028703311283776586E-15, 23.87573593128806593 ) ) ;
#870 = UNCERTAINTY_MEASURE_WITH_UNIT (LENGTH_MEASURE( 1.000000000000000082E-05 ), #3580, 'distance_accuracy_value', 'NONE');
#871 = VERTEX_POINT ( 'NONE', #3569 ) ;
#872 = CARTESIAN_POINT ( 'NONE',  ( 8.727353489813001630, 0.8284378076180000106, -1.115358050421999980 ) ) ;
#873 = PRESENTATION_STYLE_ASSIGNMENT (( #1396 ) ) ;
#874 = CARTESIAN_POINT ( 'NONE',  ( -8.309829606223999576, -1.727696143890999902, -0.1458356994870000090 ) ) ;
#875 = CARTESIAN_POINT ( 'NONE',  ( 7.799317672731000073, 3.884176259448000046, 0.0000000000000000000 ) ) ;
#876 = CARTESIAN_POINT ( 'NONE',  ( 8.365602021076000483, -1.862763512487999984, -0.2783547271620000485 ) ) ;
#877 = LINE ( 'NONE', #2033, #2579 ) ;
#878 = CARTESIAN_POINT ( 'NONE',  ( -8.469480790768001199, -2.184563971613000533, -0.5639537972410001432 ) ) ;
#879 = CARTESIAN_POINT ( 'NONE',  ( 9.298477890522999445, -1.105719266561999925, -4.391234246336000346 ) ) ;
#880 = DIRECTION ( 'NONE',  ( 1.000000000000000000, 0.0000000000000000000, 0.0000000000000000000 ) ) ;
#881 = CIRCLE ( 'NONE', #2937, 4.250000000000000000 ) ;
#882 = SURFACE_SIDE_STYLE ('',( #3409 ) ) ;
#883 = CARTESIAN_POINT ( 'NONE',  ( -8.275269586570999536, 1.560761276922000063, -0.07458409632288000302 ) ) ;
#884 = CARTESIAN_POINT ( 'NONE',  ( -10.50000000000000000, -4.900000000000000355, -24.00000000000000000 ) ) ;
#885 = MECHANICAL_DESIGN_GEOMETRIC_PRESENTATION_REPRESENTATION (  '', ( #47 ), #1787 ) ;
#886 = CIRCLE ( 'NONE', #1360, 1.000000000000000000 ) ;
#887 = ORIENTED_EDGE ( 'NONE', *, *, #1645, .T. ) ;
#888 = CARTESIAN_POINT ( 'NONE',  ( -11.50000000000000000, -7.400000000000000355, -24.00000000000000000 ) ) ;
#889 = CARTESIAN_POINT ( 'NONE',  ( -8.770038225005999166, 0.5512932571049999897, -1.143963188078999993 ) ) ;
#890 = CARTESIAN_POINT ( 'NONE',  ( 8.243698300824000569, 1.612897493640000457, -2.960588260220099165E-16 ) ) ;
#891 = CARTESIAN_POINT ( 'NONE',  ( 11.54449480824600016, -5.625730290306999670, -7.560389139707001327 ) ) ;
#892 = ORIENTED_EDGE ( 'NONE', *, *, #1886, .T. ) ;
#893 = CARTESIAN_POINT ( 'NONE',  ( 11.58194064013500046, -3.952255162140999811, -7.660928382864000241 ) ) ;
#894 = CARTESIAN_POINT ( 'NONE',  ( -10.85047131050999880, -7.057365646464998754, -6.020166117232999881 ) ) ;
#895 = CARTESIAN_POINT ( 'NONE',  ( 0.01930000000000000118, -3.882740000000000080, -7.500000000000000000 ) ) ;
#896 = CARTESIAN_POINT ( 'NONE',  ( 8.437326259289999797, -2.009787561751000151, -0.4420428589379999940 ) ) ;
#897 = CARTESIAN_POINT ( 'NONE',  ( -8.099999999999999645, -9.919639073093559228E-16, 24.00000000000000000 ) ) ;
#898 = CARTESIAN_POINT ( 'NONE',  ( -8.407592356532999744, -2.025830487308000194, -0.4068855512139999964 ) ) ;
#899 = CARTESIAN_POINT ( 'NONE',  ( 10.52803692847400008, -4.913114154598000383, -8.637633898383999309 ) ) ;
#900 = CARTESIAN_POINT ( 'NONE',  ( 0.0000000000000000000, 0.0000000000000000000, 23.69999999999999929 ) ) ;
#901 =( NAMED_UNIT ( * ) SI_UNIT ( $, .STERADIAN. ) SOLID_ANGLE_UNIT ( ) );
#902 =( NAMED_UNIT ( * ) SI_UNIT ( $, .STERADIAN. ) SOLID_ANGLE_UNIT ( ) );
#903 = CARTESIAN_POINT ( 'NONE',  ( -8.876473972464433260, 0.4996664446641161383, -2.129297217532138742 ) ) ;
#904 = CARTESIAN_POINT ( 'NONE',  ( -8.401372654650000271, -2.009953989383000295, -0.3911948880009999963 ) ) ;
#905 = CARTESIAN_POINT ( 'NONE',  ( -11.79761214048000184, -4.407526070773999827, -8.268472766383002437 ) ) ;
#906 =( NAMED_UNIT ( * ) SI_UNIT ( $, .STERADIAN. ) SOLID_ANGLE_UNIT ( ) );
#907 = ORIENTED_EDGE ( 'NONE', *, *, #1669, .T. ) ;
#908 = CARTESIAN_POINT ( 'NONE',  ( -8.099999999999999645, 0.0000000000000000000, 24.00000000000000000 ) ) ;
#909 = CARTESIAN_POINT ( 'NONE',  ( 8.295714904374298371, -1.702250470138923832, -0.1134147963572406104 ) ) ;
#910 = CARTESIAN_POINT ( 'NONE',  ( 11.28975932735199983, -5.075088528742000449, -6.950001988133999831 ) ) ;
#911 = EDGE_LOOP ( 'NONE', ( #1676, #2844, #3504, #2398 ) ) ;
#912 = CARTESIAN_POINT ( 'NONE',  ( 8.340038806247999759, -1.851070294216000001, -0.2345257356209999866 ) ) ;
#913 = CARTESIAN_POINT ( 'NONE',  ( -11.59934660395000172, -8.645672559404999902, -7.765323975892999719 ) ) ;
#914 = EDGE_CURVE ( 'NONE', #2381, #400, #1240, .T. ) ;
#915 = CARTESIAN_POINT ( 'NONE',  ( -11.34012392661339597, -7.960820044522372463, -24.14613645789945906 ) ) ;
#916 = CARTESIAN_POINT ( 'NONE',  ( 8.430153687946999597, -1.995084304727000157, -0.4256765668560000826 ) ) ;
#917 = CARTESIAN_POINT ( 'NONE',  ( -8.803402579731999467, -3.071156550028999899, -1.451086768806000071 ) ) ;
#918 = CARTESIAN_POINT ( 'NONE',  ( 8.444419613400000912, 1.282722259905000328, -0.4625432419719999744 ) ) ;
#919 = CARTESIAN_POINT ( 'NONE',  ( 10.71318847975679489, -4.062801436552503809, -7.500000056711795260 ) ) ;
#920 = DIRECTION ( 'NONE',  ( 1.000000000000000000, 0.0000000000000000000, -0.0000000000000000000 ) ) ;
#921 = CARTESIAN_POINT ( 'NONE',  ( 8.338004088479003428, -1.774963169164000210, -0.2057945992450000150 ) ) ;
#922 = CARTESIAN_POINT ( 'NONE',  ( 8.243698300824000569, 1.612897493640000457, -2.960588260220099165E-16 ) ) ;
#923 = CARTESIAN_POINT ( 'NONE',  ( -8.254014551898999130, -1.622115849459000003, -0.01993253475228999941 ) ) ;
#924 = AXIS2_PLACEMENT_3D ( 'NONE', #1350, #173, #3541 ) ;
#925 = CARTESIAN_POINT ( 'NONE',  ( -8.943371108030000016, 0.2802479286339999986, -2.513914971603000037 ) ) ;
#926 = CARTESIAN_POINT ( 'NONE',  ( 10.50000000000000000, -7.400000000000000355, -7.500000000000000000 ) ) ;
#927 = EDGE_LOOP ( 'NONE', ( #3632, #1585, #547, #1276 ) ) ;
#928 = CARTESIAN_POINT ( 'NONE',  ( -11.63043928905000080, -5.893884842783999822, -7.863373650362999179 ) ) ;
#929 = EDGE_LOOP ( 'NONE', ( #1711, #364, #1808, #2085 ) ) ;
#930 = CARTESIAN_POINT ( 'NONE',  ( 8.509817905688999318, -2.279528401144999883, -0.6584874249259999868 ) ) ;
#931 = CARTESIAN_POINT ( 'NONE',  ( -9.770311532644999630, -4.298927618878000345, -3.457767931725999944 ) ) ;
#932 = CARTESIAN_POINT ( 'NONE',  ( 3.851859888774000017E-34, -3.900000000000000799, -13.99999999999999822 ) ) ;
#933 = CARTESIAN_POINT ( 'NONE',  ( -10.13480219161343321, -4.951474876794793367, -4.307590312837364266 ) ) ;
#934 = CARTESIAN_POINT ( 'NONE',  ( 8.616683647305000804, -2.377506779111000057, -0.8511334358040000270 ) ) ;
#935 = CARTESIAN_POINT ( 'NONE',  ( -8.300400511285999983, -1.730487377141999961, -0.1310331226460000054 ) ) ;
#936 = CARTESIAN_POINT ( 'NONE',  ( 8.533061989811999482, 1.138760005278000031, -0.6669766989480000463 ) ) ;
#937 = CARTESIAN_POINT ( 'NONE',  ( 6.999999999948158802, 0.0000000000000000000, 24.00000000000090949 ) ) ;
#938 = CARTESIAN_POINT ( 'NONE',  ( 8.400736235139000030, -1.882937138118000231, -0.3431144531230000960 ) ) ;
#939 = EDGE_CURVE ( 'NONE', #383, #1511, #1706, .T. ) ;
#940 = UNCERTAINTY_MEASURE_WITH_UNIT (LENGTH_MEASURE( 1.000000000000000082E-05 ), #3552, 'distance_accuracy_value', 'NONE');
#941 = DIRECTION ( 'NONE',  ( 0.0000000000000000000, 1.000000000000000000, 2.220446049250000002E-16 ) ) ;
#942 = CARTESIAN_POINT ( 'NONE',  ( -9.004168451926142680, 0.03873789867189018910, -2.891270241653680184 ) ) ;
#943 = CARTESIAN_POINT ( 'NONE',  ( -8.260956353159999210, -1.650388135732999917, -0.04047550506953000171 ) ) ;
#944 = CARTESIAN_POINT ( 'NONE',  ( -8.696204455855999882, 0.9175088411540001099, -1.317761768761000152 ) ) ;
#945 = MECHANICAL_DESIGN_GEOMETRIC_PRESENTATION_REPRESENTATION (  '', ( #1421 ), #1120 ) ;
#946 = MECHANICAL_DESIGN_GEOMETRIC_PRESENTATION_REPRESENTATION (  '', ( #1888 ), #280 ) ;
#947 = VECTOR ( 'NONE', #101, 1000.000000000000000 ) ;
#948 = CARTESIAN_POINT ( 'NONE',  ( -8.392848331733000933, 1.320846365204999984, -0.3220884198849999769 ) ) ;
#949 = CARTESIAN_POINT ( 'NONE',  ( -8.299333149137000376, 1.533313665259000036, -0.1389013307829999877 ) ) ;
#950 = STYLED_ITEM ( 'NONE', ( #738 ), #630 ) ;
#951 = MECHANICAL_DESIGN_GEOMETRIC_PRESENTATION_REPRESENTATION (  '', ( #3305 ), #1357 ) ;
#952 = ORIENTED_EDGE ( 'NONE', *, *, #409, .T. ) ;
#953 = CARTESIAN_POINT ( 'NONE',  ( 8.484973147469000665, -2.216087025724000181, -0.5955132989370000018 ) ) ;
#954 = CARTESIAN_POINT ( 'NONE',  ( -8.399097724748999738, -1.882910984707000024, -0.3433218659460000044 ) ) ;
#955 = CARTESIAN_POINT ( 'NONE',  ( -9.426570737074163375, -3.687897946098727342, -2.664076469452194118 ) ) ;
#956 = CARTESIAN_POINT ( 'NONE',  ( 8.254875622303000426, -1.654318830288999953, -0.03146771932255999771 ) ) ;
#957 = CARTESIAN_POINT ( 'NONE',  ( 8.315951123655997534, 1.498962889178999891, -0.1701305949169999998 ) ) ;
#958 = DIRECTION ( 'NONE',  ( 1.000000000000000000, 0.0000000000000000000, 0.0000000000000000000 ) ) ;
#959 = CARTESIAN_POINT ( 'NONE',  ( 8.712802127079999792, -2.421963491742999963, -1.031171637833000032 ) ) ;
#960 = CARTESIAN_POINT ( 'NONE',  ( 7.799317672731000073, -3.884176259448000046, 0.0000000000000000000 ) ) ;
#961 = CARTESIAN_POINT ( 'NONE',  ( -9.222482857434844306, -0.8767275497622785130, -4.111487030407229071 ) ) ;
#962 = CARTESIAN_POINT ( 'NONE',  ( -11.02886697946611427, -4.372231083113908845, -7.500097481072590888 ) ) ;
#963 = CARTESIAN_POINT ( 'NONE',  ( -9.589072076773000219, -2.244115454390999798, -5.694851956557999806 ) ) ;
#964 = CARTESIAN_POINT ( 'NONE',  ( -8.251589485937000035, 1.597702412322000054, -0.01706323409010999936 ) ) ;
#965 = CARTESIAN_POINT ( 'NONE',  ( -11.55544110950000025, -5.730231910787000338, -7.681374908107000188 ) ) ;
#966 = ORIENTED_EDGE ( 'NONE', *, *, #2849, .T. ) ;
#967 = CARTESIAN_POINT ( 'NONE',  ( 8.285619526044003536, -1.716111398203000293, -0.1015468307379999990 ) ) ;
#968 = CARTESIAN_POINT ( 'NONE',  ( -8.861315493569000168, -2.690872829457000570, -1.376881714615000085 ) ) ;
#969 =( LENGTH_UNIT ( ) NAMED_UNIT ( * ) SI_UNIT ( .MILLI., .METRE. ) );
#970 = CARTESIAN_POINT ( 'NONE',  ( -9.323288674215671534, -3.504953085619111786, -2.426975342586780826 ) ) ;
#971 = CARTESIAN_POINT ( 'NONE',  ( 10.19581109485200088, -5.629967756027999926, -4.450418820002999709 ) ) ;
#972 = CARTESIAN_POINT ( 'NONE',  ( -10.80666538886999994, -8.771931143446000334, -7.989311178316000017 ) ) ;
#973 = FILL_AREA_STYLE ('',( #140 ) ) ;
#974 = CARTESIAN_POINT ( 'NONE',  ( 8.619451802352999792, -2.260401565410000480, -0.8245050361079999668 ) ) ;
#975 = DIRECTION ( 'NONE',  ( 0.0000000000000000000, -2.040851148208008245E-16, 1.000000000000000000 ) ) ;
#976 = CARTESIAN_POINT ( 'NONE',  ( -9.167686549417991770, -0.6527613176973614539, -3.834909115870233975 ) ) ;
#977 = CARTESIAN_POINT ( 'NONE',  ( -10.20154758156831676, -3.882743289897248928, -7.500002211192674295 ) ) ;
#978 = CARTESIAN_POINT ( 'NONE',  ( -9.376584798887000360, -1.480223028936999974, -4.829346920115000330 ) ) ;
#979 = CARTESIAN_POINT ( 'NONE',  ( 8.291299818419000545, 1.509392004693000056, -0.09347683542380999522 ) ) ;
#980 = PRODUCT_DEFINITION_FORMATION_WITH_SPECIFIED_SOURCE ( 'ANY', '', #1584, .NOT_KNOWN. ) ;
#981 = PRODUCT_RELATED_PRODUCT_CATEGORY ( 'part', '', ( #1584 ) ) ;
#982 = CARTESIAN_POINT ( 'NONE',  ( 6.999999999891315383, 0.0000000000000000000, 23.99999999994406608 ) ) ;
#983 = CARTESIAN_POINT ( 'NONE',  ( -11.46355034318845867, -4.597350715015701361, -24.03385634574359031 ) ) ;
#984 = CARTESIAN_POINT ( 'NONE',  ( -11.02795071108000080, -4.571151472624999990, -6.402608175172001204 ) ) ;
#985 = AXIS2_PLACEMENT_3D ( 'NONE', #3309, #202, #2161 ) ;
#986 = ADVANCED_FACE ( 'NONE', ( #686 ), #1807, .T. ) ;
#987 = VERTEX_POINT ( 'NONE', #908 ) ;
#988 = CARTESIAN_POINT ( 'NONE',  ( 8.371840580027999579, -1.930446905938000279, -0.3128500545880000816 ) ) ;
#989 = CARTESIAN_POINT ( 'NONE',  ( -9.469461881542999393, -3.763815816689000116, -2.762393458447999883 ) ) ;
#990 = PRESENTATION_STYLE_ASSIGNMENT (( #3475 ) ) ;
#991 = CARTESIAN_POINT ( 'NONE',  ( -9.111153278708467695, -3.130442541374373278, -1.943004611995881481 ) ) ;
#992 = CARTESIAN_POINT ( 'NONE',  ( 11.56892046133999941, -8.498171721203998885, -7.603056267724999095 ) ) ;
#993 = CARTESIAN_POINT ( 'NONE',  ( 8.495388469460555925, 1.251996319596551333, -0.6610629636490104044 ) ) ;
#994 = CARTESIAN_POINT ( 'NONE',  ( -11.10553066571629977, -4.469193324923740107, -7.499999902997655177 ) ) ;
#995 = CARTESIAN_POINT ( 'NONE',  ( -10.58006298519999966, -5.157594340374999753, -8.909577331418999435 ) ) ;
#996 = CARTESIAN_POINT ( 'NONE',  ( 8.370810172134000027, 1.367191026916000141, -0.2714037152759999905 ) ) ;
#997 = DIRECTION ( 'NONE',  ( 0.7071067812066447189, 0.0000000000000000000, 0.7071067811664503155 ) ) ;
#998 = CARTESIAN_POINT ( 'NONE',  ( -8.243698300824000569, 1.612897493640000013, -8.082423619270999513E-14 ) ) ;
#999 =( GEOMETRIC_REPRESENTATION_CONTEXT ( 3 ) GLOBAL_UNCERTAINTY_ASSIGNED_CONTEXT ( ( #2028 ) ) GLOBAL_UNIT_ASSIGNED_CONTEXT ( ( #1858, #1906, #1652 ) ) REPRESENTATION_CONTEXT ( 'NONE', 'WORKASPACE' ) );
#1000 = VECTOR ( 'NONE', #2850, 1000.000000000000000 ) ;
#1001 = ORIENTED_EDGE ( 'NONE', *, *, #2194, .F. ) ;
#1002 = CIRCLE ( 'NONE', #760, 8.400000000000000355 ) ;
#1003 = CARTESIAN_POINT ( 'NONE',  ( 10.70753095471899918, -8.410549519012999298, -7.534956450561000274 ) ) ;
#1004 = CARTESIAN_POINT ( 'NONE',  ( -8.329255286647001100, -1.761448299786000149, -0.1887501841590000229 ) ) ;
#1005 = FACE_OUTER_BOUND ( 'NONE', #2143, .T. ) ;
#1006 = EDGE_CURVE ( 'NONE', #1558, #2967, #886, .T. ) ;
#1007 = STYLED_ITEM ( 'NONE', ( #873 ), #560 ) ;
#1008 = CARTESIAN_POINT ( 'NONE',  ( -9.899246909292497065, -4.529331546633555305, -3.757750448640376106 ) ) ;
#1009 = CARTESIAN_POINT ( 'NONE',  ( 8.716710130990001915, -2.818000873881000512, -1.196343720608999961 ) ) ;
#1010 = CARTESIAN_POINT ( 'NONE',  ( -8.289768122862000155, -1.708437596353000298, -0.1064660683070000058 ) ) ;
#1011 = CARTESIAN_POINT ( 'NONE',  ( 8.960697402842999537, -2.852215662228000159, -1.583259525722999994 ) ) ;
#1012 = EDGE_LOOP ( 'NONE', ( #460, #606 ) ) ;
#1013 = CARTESIAN_POINT ( 'NONE',  ( 8.960081647318128617, 0.2586399548380030611, -2.549170822156039851 ) ) ;
#1014 = CARTESIAN_POINT ( 'NONE',  ( -8.368350428039999400, -0.9757866212010000151, 0.0000000000000000000 ) ) ;
#1015 = SURFACE_SIDE_STYLE ('',( #415 ) ) ;
#1016 = CARTESIAN_POINT ( 'NONE',  ( 8.243698300824000569, 1.612897493640000013, -7.105427357601000281E-15 ) ) ;
#1017 = CARTESIAN_POINT ( 'NONE',  ( 8.449691068205000377, 1.212471300847000055, -0.4404323750690000150 ) ) ;
#1018 = CARTESIAN_POINT ( 'NONE',  ( 8.525908986831055358, -2.098704050587463676, -0.6179408070983699597 ) ) ;
#1019 = ADVANCED_BREP_SHAPE_REPRESENTATION ( '', ( #152, #2619 ), #1780 ) ;
#1020 = CARTESIAN_POINT ( 'NONE',  ( 11.49999999999692868, -3.899999999999997247, -23.99999999999667821 ) ) ;
#1021 = CARTESIAN_POINT ( 'NONE',  ( -8.378477786358001111, 1.387953193003000019, -0.3142671354720000809 ) ) ;
#1022 = VERTEX_POINT ( 'NONE', #2611 ) ;
#1023 = CARTESIAN_POINT ( 'NONE',  ( 9.777943989579000572, -5.844740959668000002, -4.424193206714000404 ) ) ;
#1024 = CARTESIAN_POINT ( 'NONE',  ( -11.13108437988000077, -6.763551148606000041, -6.663669274992001235 ) ) ;
#1025 = B_SPLINE_CURVE_WITH_KNOTS ( 'NONE', 10,
 ( #3551, #2712, #3535, #734, #1817, #3488, #3248, #1570, #717, #2673, #2109 ),
 .UNSPECIFIED., .F., .F.,
 ( 11, 11 ),
 ( 0.0000000000000000000, 23.00000000000000000 ),
 .UNSPECIFIED. ) ;
#1026 = CARTESIAN_POINT ( 'NONE',  ( 10.73743202839210475, -3.921237602745639261, -24.66444943749878149 ) ) ;
#1027 = CARTESIAN_POINT ( 'NONE',  ( 11.52657355076300050, -8.409325847379999885, -7.505410107157000077 ) ) ;
#1028 = CARTESIAN_POINT ( 'NONE',  ( -9.435731152702000912, -4.088554849503998057, -2.749146460111000057 ) ) ;
#1029 = SURFACE_STYLE_USAGE ( .BOTH. , #159 ) ;
#1030 = CARTESIAN_POINT ( 'NONE',  ( 9.847686229003999259, -4.406123298148999723, -3.594854225598000497 ) ) ;
#1031 = CARTESIAN_POINT ( 'NONE',  ( 9.161168029651491906, -0.5571344975621274065, -3.715643717361774900 ) ) ;
#1032 = CARTESIAN_POINT ( 'NONE',  ( -8.626930086490903093, 1.037924831126127767, -1.077920121191606295 ) ) ;
#1033 = CARTESIAN_POINT ( 'NONE',  ( -11.24006250143798091, -4.678384235755337350, -7.500003279002630308 ) ) ;
#1034 = CARTESIAN_POINT ( 'NONE',  ( 8.243698300824000569, 1.612897493640000457, -2.960588260220099165E-16 ) ) ;
#1035 =( NAMED_UNIT ( * ) PLANE_ANGLE_UNIT ( ) SI_UNIT ( $, .RADIAN. ) );
#1036 = CARTESIAN_POINT ( 'NONE',  ( -8.980156691163001526, 0.4206383609610000462, -1.718209486621000259 ) ) ;
#1037 = UNCERTAINTY_MEASURE_WITH_UNIT (LENGTH_MEASURE( 1.000000000000000082E-05 ), #33, 'distance_accuracy_value', 'NONE');
#1038 = CARTESIAN_POINT ( 'NONE',  ( 9.696728329168999849, -5.604863040532999996, -4.151828339994001027 ) ) ;
#1039 = CARTESIAN_POINT ( 'NONE',  ( 10.49999999999999822, -3.899999999999999911, -7.500000000000000000 ) ) ;
#1040 = CARTESIAN_POINT ( 'NONE',  ( -8.338076033747000793, 1.428741503321000028, -0.2035654506500000072 ) ) ;
#1041 = STYLED_ITEM ( 'NONE', ( #2837 ), #3082 ) ;
#1042 = CARTESIAN_POINT ( 'NONE',  ( 9.344570617715000083, -0.6895622285260000206, -2.394717515493999915 ) ) ;
#1043 = CARTESIAN_POINT ( 'NONE',  ( 8.403467408681999373, -2.009810808150000128, -0.3912622524859999951 ) ) ;
#1044 = CARTESIAN_POINT ( 'NONE',  ( -8.314577552897999269, -1.759888339885999908, -0.1637880063569999989 ) ) ;
#1045 = PRODUCT_CONTEXT ( 'NONE', #324, 'mechanical' ) ;
#1046 =( REPRESENTATION_RELATIONSHIP ('NONE','NONE', #2210, #1337 ) REPRESENTATION_RELATIONSHIP_WITH_TRANSFORMATION ( #2185 )SHAPE_REPRESENTATION_RELATIONSHIP( ) );
#1047 = CARTESIAN_POINT ( 'NONE',  ( 11.75013371297399978, -7.842597870313999131, -8.046556639545000778 ) ) ;
#1048 = CARTESIAN_POINT ( 'NONE',  ( 9.040524932152203874, -0.05606948316362892620, -3.034189912915839837 ) ) ;
#1049 = CARTESIAN_POINT ( 'NONE',  ( -8.304088105976999756, -1.763801528427999976, -0.1484293034030000069 ) ) ;
#1050 = CARTESIAN_POINT ( 'NONE',  ( 8.423518296133000405, 1.357381029069000045, -0.4629908617619999944 ) ) ;
#1051 = CARTESIAN_POINT ( 'NONE',  ( 8.928299875232999838, 0.2293406731850000102, -1.475485715620000082 ) ) ;
#1052 = EDGE_CURVE ( 'NONE', #1149, #2630, #204, .T. ) ;
#1053 = SURFACE_SIDE_STYLE ('',( #2713 ) ) ;
#1054 = LINE ( 'NONE', #1020, #1347 ) ;
#1055 = CARTESIAN_POINT ( 'NONE',  ( -8.567027135920000092, -2.438339045070000655, -0.8160788423270000091 ) ) ;
#1056 =( BOUNDED_SURFACE ( )  B_SPLINE_SURFACE ( 2, 14, ( 
 ( #3540, #500, #2483, #2985, #3337, #2739, #808, #3593, #1657, #1637, #463, #1598, #1040, #2701, #1312, #1349, #753, #2436, #3041, #2760, #2160, #223, #3611, #2216, #3291, #3005, #481, #186, #2044, #2293, #2519, #2271, #1999, #3118, #3157, #1770, #44, #3362, #3419, #3650, #2253, #2857, #889, #1432, #2024, #1113, #1451, #348, #3140, #621, #1751, #326, #832, #1963, #1414, #687, #2367, #2645, #2629, #1557, #2383, #2951, #1239, #382, #1258, #2329, #113, #702, #2111, #2612, #2064, #1490, #3178, #3503, #3250, #984, #1859, #1842, #129, #2966, #421, #2659, #657, #1205, #965, #1820, #2098, #1274, #2347, #3471, #928, #3517, #2084 ),
 ( #998, #2596, #1790, #81, #2896, #367, #1509, #949, #3200, #672, #1907, #1326, #459, #1593, #1368, #2434, #1021, #1941, #3267, #3568, #1293, #2983, #3334, #170, #437, #149, #1090, #2699, #2717, #3554, #2158, #1573, #3607, #2175, #3038, #2676, #220, #772, #2480, #497, #1074, #3018, #2419, #3537, #1310, #2142, #736, #1633, #1036, #1874, #2736, #200, #3287, #1345, #3589, #1923, #1654, #477, #2193, #750, #2212, #3321, #1889, #789, #2756, #1615, #1748, #322, #3134, #240, #1733, #1689, #2798, #3411, #600, #1978, #2840, #3058, #865, #905, #262, #1163, #1408, #2820, #1386, #37, #303, #1148, #284, #1996, #3098, #616, #1446 ),
 ( #2556, #2494, #21, #2287, #883, #2515, #3625, #542, #1108, #3116, #1183, #2020, #2308, #2854, #1465, #1671, #2572, #2776, #2232, #3354, #1430, #2267, #2537, #3395, #3646, #1129, #828, #1958, #3378, #3078, #846, #575, #1709, #93, #2627, #654, #668, #698, #125, #2363, #3212, #944, #3487, #1804, #2061, #3174, #416, #362, #2591, #3515, #1202, #2907, #2873, #925, #1268, #1786, #2040, #1767, #2654, #2893, #379, #1504, #76, #3154, #1552, #1522, #978, #343, #1834, #963, #2394, #2095, #109, #1816, #1486, #61, #2608, #2325, #3450, #2924, #2342, #3468, #398, #1537, #2079, #1252, #2379, #3500, #2108, #3196, #3228, #995, #786 ) ),
 .UNSPECIFIED., .F., .F., .T. ) 
 B_SPLINE_SURFACE_WITH_KNOTS ( ( 3, 3 ),
 ( 15, 13, 13, 13, 13, 13, 13, 15 ),
 ( 0.0000000000000000000, 10.78554333962200040 ),
 ( 0.0000000000000000000, 0.3370482293629999959, 0.6740964587259999918, 1.348192917453000073, 2.696385834906000145, 5.392771669811000201, 10.78554333962200040, 11.37684792744400042 ),
 .UNSPECIFIED. ) 
 GEOMETRIC_REPRESENTATION_ITEM ( )  RATIONAL_B_SPLINE_SURFACE ( (
 ( 1.000000000000000000, 1.000000000000000000, 1.000000000001999956, 0.9999999999959999775, 1.000000000008999912, 0.9999999999849999988, 1.000000000020000002, 0.9999999999790000205, 1.000000000018000046, 0.9999999999869999545, 1.000000000006999956, 0.9999999999969999553, 1.000000000001000089, 1.000000000000000000, 1.000000000000000000, 0.9999999999980000442, 1.000000000006000089, 0.9999999999880000434, 1.000000000018000046, 0.9999999999780000426, 1.000000000021000091, 0.9999999999830000430, 1.000000000011000090, 0.9999999999940000217, 1.000000000001999956, 0.9999999999990000221, 1.000000000000000000, 1.000000000000000000, 0.9999999999980000442, 1.000000000006999956, 0.9999999999859999766, 1.000000000021000091, 0.9999999999740000201, 1.000000000026000091, 0.9999999999790000205, 1.000000000013999912, 0.9999999999919999549, 1.000000000003000045, 0.9999999999990000221, 1.000000000000000000, 1.000000000000000000, 0.9999999999990000221, 1.000000000003999912, 0.9999999999909999771, 1.000000000013999912, 0.9999999999840000209, 1.000000000016000090, 0.9999999999880000434, 1.000000000006999956, 0.9999999999959999775, 1.000000000001000089, 1.000000000000000000, 1.000000000000000000, 1.000000000000000000, 0.9999999999980000442, 1.000000000006999956, 0.9999999999859999766, 1.000000000021999957, 0.9999999999730000422, 1.000000000028000047, 0.9999999999769999537, 1.000000000016000090, 0.9999999999919999549, 1.000000000003999912, 0.9999999999990000221, 1.000000000000000000, 1.000000000000000000, 0.9999999999980000442, 1.000000000005000000, 0.9999999999899999992, 1.000000000015000001, 0.9999999999819999541, 1.000000000016999957, 0.9999999999859999766, 1.000000000008999912, 0.9999999999949999996, 1.000000000001999956, 0.9999999999990000221, 1.000000000000000000, 1.000000000000000000, 1.000000000000000000, 1.000000000000000000, 1.000000000000000000, 1.000000000000000000, 1.000000000000000000, 1.000000000000000000, 1.000000000000000000, 1.000000000000000000, 1.000000000000000000, 1.000000000000000000, 1.000000000000000000, 1.000000000000000000, 1.000000000000000000),
 ( 1.000000000000000000, 0.9999999999669999529, 0.9999933110219999532, 0.9999797961330000318, 0.9999593204910000033, 0.9999317303920000066, 0.9998968971549999640, 0.9998546440840000438, 0.9998048439450000213, 0.9997473130099999716, 0.9996819045450000552, 0.9996084417799999677, 0.9995267563869999483, 0.9994366709869999532, 0.9992393394249999838, 0.9991321393130000450, 0.9990162010399999959, 0.9988913207320000431, 0.9987572946099999571, 0.9986139187320000055, 0.9984609893829999860, 0.9982983025880000083, 0.9981256546200000246, 0.9979428415540000374, 0.9977496595989999717, 0.9975459048860000344, 0.9973313735829999471, 0.9966548383719999737, 0.9961599111279999530, 0.9956190953519999942, 0.9950304184880000014, 0.9943919203169999665, 0.9937016527169999502, 0.9929576800199999553, 0.9921580785720000017, 0.9913009371859999863, 0.9903843567500000278, 0.9894064505109999574, 0.9883653439070000379, 0.9872591746450000150, 0.9837399287289999572, 0.9811312056030000450, 0.9782409007829999670, 0.9750570308249999485, 0.9715741746029999959, 0.9677929960779999563, 0.9637197678600000206, 0.9593658936850000263, 0.9547474321459999969, 0.9498846191940000239, 0.9448013916649999899, 0.9395249100750000526, 0.9340850818639999664, 0.9173720894889999533, 0.9056813733340000061, 0.8936862135640000204, 0.8815725947900000525, 0.8694780246019999659, 0.8575005008160000441, 0.8457066310609999693, 0.8341389030739999599, 0.8228221077749999779, 0.8117689128820000377, 0.8009845891339999469, 0.7904708874929999851, 0.7802290684129999931, 0.7503281108810000433, 0.7314874574669999463, 0.7137124221809999502, 0.6969603094109999564, 0.6811790882120000168, 0.6663120760890000049, 0.6523016474030000067, 0.6390919649370000455, 0.6266307364919999623, 0.6148699944650000138, 0.6037659003399999946, 0.5932775725229999519, 0.5833649386200000508, 0.5729571905810000310, 0.5720869882700000408, 0.5713750045619999662, 0.5708212394549999624, 0.5704256929500000073, 0.5701883650469999898, 0.5701092557460000210, 0.5701883650469999898, 0.5704256929500000073, 0.5708212394549999624, 0.5713750045619999662, 0.5720869882700000408, 0.5729571905810000310, 0.5739856114929999809),
 ( 1.000000000000000000, 1.000000000000000000, 1.000000000001999956, 0.9999999999959999775, 1.000000000008999912, 0.9999999999849999988, 1.000000000020000002, 0.9999999999790000205, 1.000000000018000046, 0.9999999999869999545, 1.000000000006999956, 0.9999999999969999553, 1.000000000001000089, 1.000000000000000000, 1.000000000000000000, 0.9999999999980000442, 1.000000000006000089, 0.9999999999880000434, 1.000000000018000046, 0.9999999999780000426, 1.000000000021000091, 0.9999999999830000430, 1.000000000011000090, 0.9999999999940000217, 1.000000000001999956, 0.9999999999990000221, 1.000000000000000000, 1.000000000000000000, 0.9999999999980000442, 1.000000000006999956, 0.9999999999859999766, 1.000000000021000091, 0.9999999999740000201, 1.000000000026000091, 0.9999999999790000205, 1.000000000013999912, 0.9999999999919999549, 1.000000000003000045, 0.9999999999990000221, 1.000000000000000000, 1.000000000000000000, 0.9999999999990000221, 1.000000000003999912, 0.9999999999909999771, 1.000000000013999912, 0.9999999999840000209, 1.000000000016000090, 0.9999999999880000434, 1.000000000006999956, 0.9999999999959999775, 1.000000000001000089, 1.000000000000000000, 1.000000000000000000, 1.000000000000000000, 0.9999999999980000442, 1.000000000006999956, 0.9999999999859999766, 1.000000000021999957, 0.9999999999730000422, 1.000000000028000047, 0.9999999999769999537, 1.000000000016000090, 0.9999999999919999549, 1.000000000003999912, 0.9999999999990000221, 1.000000000000000000, 1.000000000000000000, 0.9999999999980000442, 1.000000000005000000, 0.9999999999899999992, 1.000000000015000001, 0.9999999999819999541, 1.000000000016999957, 0.9999999999859999766, 1.000000000008999912, 0.9999999999949999996, 1.000000000001999956, 0.9999999999990000221, 1.000000000000000000, 1.000000000000000000, 1.000000000000000000, 1.000000000000000000, 1.000000000000000000, 1.000000000000000000, 1.000000000000000000, 1.000000000000000000, 1.000000000000000000, 1.000000000000000000, 1.000000000000000000, 1.000000000000000000, 1.000000000000000000, 1.000000000000000000, 1.000000000000000000) ) ) 
 REPRESENTATION_ITEM ( '' )  SURFACE ( )  );
#1057 = CARTESIAN_POINT ( 'NONE',  ( 10.82719937475500060, -8.716454228154999484, -7.919477406725999202 ) ) ;
#1058 = AXIS2_PLACEMENT_3D ( 'NONE', #1384, #3643, #558 ) ;
#1059 = CARTESIAN_POINT ( 'NONE',  ( -10.77981129052000142, -6.118518719120999982, -5.827629426823000003 ) ) ;
#1060 = CARTESIAN_POINT ( 'NONE',  ( 8.590567956026001539, 0.9315117134020001188, -0.7433626358120000166 ) ) ;
#1061 = STYLED_ITEM ( 'NONE', ( #235 ), #152 ) ;
#1062 = MECHANICAL_DESIGN_GEOMETRIC_PRESENTATION_REPRESENTATION (  '', ( #2177 ), #2827 ) ;
#1063 = CARTESIAN_POINT ( 'NONE',  ( 8.397156132175000565, -1.993939210591000100, -0.3755725917520000290 ) ) ;
#1064 = CARTESIAN_POINT ( 'NONE',  ( -8.513114065689000753, -2.171658222782999470, -0.6222271625549998797 ) ) ;
#1065 = STYLED_ITEM ( 'NONE', ( #2245 ), #1714 ) ;
#1066 = SHAPE_DEFINITION_REPRESENTATION ( #2166, #2553 ) ;
#1067 = CARTESIAN_POINT ( 'NONE',  ( 8.336914985570000880, -1.803962133433000048, -0.2128675013590000109 ) ) ;
#1068 = COLOUR_RGB ( '',0.8000000000000000444, 0.8000000000000000444, 0.8000000000000000444 ) ;
#1069 = CARTESIAN_POINT ( 'NONE',  ( 9.215968762656064683, -0.7799199089408928032, -3.995452036131162288 ) ) ;
#1070 = CARTESIAN_POINT ( 'NONE',  ( -8.444909657055911012, 1.322278066685951492, -0.5288560377338950014 ) ) ;
#1071 = CARTESIAN_POINT ( 'NONE',  ( 11.37952415803131778, -4.890949101403746724, -7.499942379930211622 ) ) ;
#1072 =( NAMED_UNIT ( * ) PLANE_ANGLE_UNIT ( ) SI_UNIT ( $, .RADIAN. ) );
#1073 = CARTESIAN_POINT ( 'NONE',  ( -9.138133390771999487, -4.012696905016999160, -2.419095953878000138 ) ) ;
#1074 = CARTESIAN_POINT ( 'NONE',  ( -8.721628240772000495, 0.8283933237180000075, -1.115377631740999798 ) ) ;
#1075 = LINE ( 'NONE', #3322, #3586 ) ;
#1076 = CARTESIAN_POINT ( 'NONE',  ( -11.76788409925999979, -7.950045005425000255, -8.188469943029000220 ) ) ;
#1077 = CARTESIAN_POINT ( 'NONE',  ( 10.37749253192500021, -3.047943954661000099, -4.778135216678999875 ) ) ;
#1078 = CARTESIAN_POINT ( 'NONE',  ( 8.522196897744001021, -2.311242758201000669, -0.6899991515370000883 ) ) ;
#1079 = CARTESIAN_POINT ( 'NONE',  ( -8.420921998949999931, -1.980439212867999954, -0.4094042392400000785 ) ) ;
#1080 = SURFACE_SIDE_STYLE ('',( #1358 ) ) ;
#1081 =( LENGTH_UNIT ( ) NAMED_UNIT ( * ) SI_UNIT ( .MILLI., .METRE. ) );
#1082 = CARTESIAN_POINT ( 'NONE',  ( 8.264838364494000444, -1.630780992699999876, -0.04016975802061999862 ) ) ;
#1083 = CARTESIAN_POINT ( 'NONE',  ( 8.958218007150648532, 0.2654125159349494667, -2.538036667921256928 ) ) ;
#1084 = CARTESIAN_POINT ( 'NONE',  ( -8.329339912603000329, -1.827333755625000000, -0.2110072883730000071 ) ) ;
#1085 = CARTESIAN_POINT ( 'NONE',  ( -11.48070000000000235, -5.682740000000000791, -7.500000000000000000 ) ) ;
#1086 = CARTESIAN_POINT ( 'NONE',  ( -11.34107549107845081, -4.887925408500159108, -7.499952755022601281 ) ) ;
#1087 = CARTESIAN_POINT ( 'NONE',  ( 9.266225529092000812, -0.9811901266610001393, -4.243088673217999762 ) ) ;
#1088 = CARTESIAN_POINT ( 'NONE',  ( -11.50000000000000000, -4.900000000000003908, -7.500000000000000000 ) ) ;
#1089 = CARTESIAN_POINT ( 'NONE',  ( -10.57016096351999934, -8.157773403227999154, -7.217160391746000769 ) ) ;
#1090 = CARTESIAN_POINT ( 'NONE',  ( -8.457950588545999793, 1.256513760467999896, -0.4996839339539999592 ) ) ;
#1091 = FILL_AREA_STYLE_COLOUR ( '', #3480 ) ;
#1092 = ADVANCED_FACE ( 'NONE', ( #1221 ), #154, .F. ) ;
#1093 = SURFACE_STYLE_USAGE ( .BOTH. , #1910 ) ;
#1094 = LINE ( 'NONE', #2219, #1398 ) ;
#1095 = CARTESIAN_POINT ( 'NONE',  ( 8.426076763437000849, 1.258994651614000038, -0.3897806771760000122 ) ) ;
#1096 = ORIENTED_EDGE ( 'NONE', *, *, #318, .F. ) ;
#1097 = CARTESIAN_POINT ( 'NONE',  ( 10.18442319804598739, -7.018662787950970205, -5.808830815598961195 ) ) ;
#1098 = CARTESIAN_POINT ( 'NONE',  ( -8.697543047214001177, -2.554282494490999866, -1.047718291059000162 ) ) ;
#1099 = STYLED_ITEM ( 'NONE', ( #3605 ), #3560 ) ;
#1100 = APPLICATION_PROTOCOL_DEFINITION ( 'draft international standard', 'automotive_design', 1998, #2992 ) ;
#1101 = CARTESIAN_POINT ( 'NONE',  ( 8.246616122650998193, -1.654892109877000195, -0.01817130185587999963 ) ) ;
#1102 = CARTESIAN_POINT ( 'NONE',  ( -8.247366469706999936, -1.620034244936999990, -0.008327829846155000368 ) ) ;
#1103 = CARTESIAN_POINT ( 'NONE',  ( -10.73606727308409425, -8.379106484149025036, -24.66556939677796123 ) ) ;
#1104 = CARTESIAN_POINT ( 'NONE',  ( 8.640974673278000395, 1.023827619693000290, -1.105843075894999972 ) ) ;
#1105 = CARTESIAN_POINT ( 'NONE',  ( 8.806645395212999716, 0.4873137297340000007, -1.210686865773000109 ) ) ;
#1106 = CARTESIAN_POINT ( 'NONE',  ( 8.384321129191999233, 0.6491905868980000216, 0.0000000000000000000 ) ) ;
#1107 = CARTESIAN_POINT ( 'NONE',  ( -9.593670202664000612, -5.363919323704000597, -3.880933822250999921 ) ) ;
#1108 = CARTESIAN_POINT ( 'NONE',  ( -8.306566901836999861, 1.511929752648000003, -0.1517079572449999969 ) ) ;
#1109 = PRESENTATION_STYLE_ASSIGNMENT (( #2495 ) ) ;
#1110 = CARTESIAN_POINT ( 'NONE',  ( 8.286953504880999688, -1.687193392239000111, -0.09429441249287001670 ) ) ;
#1111 = CARTESIAN_POINT ( 'NONE',  ( -11.43402741756193208, -7.759335349416950578, -7.499999933072468927 ) ) ;
#1112 = CARTESIAN_POINT ( 'NONE',  ( -9.009882944707001684, 0.03418839698090000989, -1.672842065700000047 ) ) ;
#1113 = CARTESIAN_POINT ( 'NONE',  ( -8.860639548210999195, 0.3587390737830000731, -1.343004748160000261 ) ) ;
#1114 = B_SPLINE_CURVE_WITH_KNOTS ( 'NONE', 5,
 ( #665, #1549, #395, #2322, #414, #360 ),
 .UNSPECIFIED., .F., .F.,
 ( 6, 6 ),
 ( 2.250000000000000000, 4.500000000000000000 ),
 .UNSPECIFIED. ) ;
#1115 = CARTESIAN_POINT ( 'NONE',  ( -8.099999999999997868, -16.19999999999999574, 24.00000000000000000 ) ) ;
#1116 = CARTESIAN_POINT ( 'NONE',  ( 9.078402209689999225, -0.09689786195291999471, -1.804578723487999969 ) ) ;
#1117 = CARTESIAN_POINT ( 'NONE',  ( 8.259638994118999378, 1.581665729400000053, -0.03352298107036000285 ) ) ;
#1118 = CARTESIAN_POINT ( 'NONE',  ( -11.55818708063000066, -8.558274914646000653, -7.669268786042000130 ) ) ;
#1119 = AXIS2_PLACEMENT_3D ( 'NONE', #486, #1664, #1643 ) ;
#1120 =( GEOMETRIC_REPRESENTATION_CONTEXT ( 3 ) GLOBAL_UNCERTAINTY_ASSIGNED_CONTEXT ( ( #3083 ) ) GLOBAL_UNIT_ASSIGNED_CONTEXT ( ( #1, #3376, #1444 ) ) REPRESENTATION_CONTEXT ( 'NONE', 'WORKASPACE' ) );
#1121 = CARTESIAN_POINT ( 'NONE',  ( 8.275962921673000849, -1.679028809122000254, -0.07369178994532001037 ) ) ;
#1122 = MECHANICAL_DESIGN_GEOMETRIC_PRESENTATION_REPRESENTATION (  '', ( #2298 ), #2125 ) ;
#1123 = CARTESIAN_POINT ( 'NONE',  ( 8.399999999999995026, 16.79999999999999716, 23.69999999999999929 ) ) ;
#1124 = CARTESIAN_POINT ( 'NONE',  ( 11.51929999999999943, -7.257740000000000080, -7.500000000000000000 ) ) ;
#1125 = CARTESIAN_POINT ( 'NONE',  ( 8.547494863821000877, 1.173131361954000029, -0.8124815617659999489 ) ) ;
#1126 = CARTESIAN_POINT ( 'NONE',  ( 9.519210260601001394, -1.086312512722000134, -2.788166641785001065 ) ) ;
#1127 = COLOUR_RGB ( '',0.8000000000000000444, 0.8000000000000000444, 0.8000000000000000444 ) ;
#1128 = CARTESIAN_POINT ( 'NONE',  ( -8.780287737434999684, -3.008026587463000556, -1.387223367112000227 ) ) ;
#1129 = CARTESIAN_POINT ( 'NONE',  ( -8.443310847007001740, 1.324670963983000327, -0.5243343156280001471 ) ) ;
#1130 = VERTEX_POINT ( 'NONE', #2965 ) ;
#1131 = CARTESIAN_POINT ( 'NONE',  ( -8.408457908383999424, 1.289920555247000111, -0.3558969693419999913 ) ) ;
#1132 = CARTESIAN_POINT ( 'NONE',  ( -6.000000000000000000, 7.347880794884119736E-16, 0.0000000000000000000 ) ) ;
#1133 = DIRECTION ( 'NONE',  ( 0.0000000000000000000, -1.000000000000000000, -2.220446049250000002E-16 ) ) ;
#1134 = UNCERTAINTY_MEASURE_WITH_UNIT (LENGTH_MEASURE( 1.000000000000000082E-05 ), #1987, 'distance_accuracy_value', 'NONE');
#1135 = EDGE_LOOP ( 'NONE', ( #2646, #3044 ) ) ;
#1136 = CARTESIAN_POINT ( 'NONE',  ( 8.890676347524999912, 0.5729362778619999652, -1.492099085813999970 ) ) ;
#1137 = CARTESIAN_POINT ( 'NONE',  ( -8.305943024513000594, -1.720944996515999970, -0.1372540729479999888 ) ) ;
#1138 = CARTESIAN_POINT ( 'NONE',  ( 11.26138371645676628, -8.143684393767108176, -7.499949514390219285 ) ) ;
#1139 = CARTESIAN_POINT ( 'NONE',  ( 8.408636027191999318, -1.950975432707000135, -0.3765740791960000555 ) ) ;
#1140 = EDGE_CURVE ( 'NONE', #400, #1769, #3587, .T. ) ;
#1141 =( NAMED_UNIT ( * ) SI_UNIT ( $, .STERADIAN. ) SOLID_ANGLE_UNIT ( ) );
#1142 = CARTESIAN_POINT ( 'NONE',  ( -9.593670202664000612, -5.363919323704000597, -3.880933822250999921 ) ) ;
#1143 = DIRECTION ( 'NONE',  ( 0.0000000000000000000, -2.040851148208008245E-16, 1.000000000000000000 ) ) ;
#1144 = CARTESIAN_POINT ( 'NONE',  ( 9.062440612750002344, -0.1446863779819999862, -3.170676232256000482 ) ) ;
#1145 = CARTESIAN_POINT ( 'NONE',  ( -8.243698300824000569, 1.612897493640000013, -2.649732285438333549E-14 ) ) ;
#1146 =( NAMED_UNIT ( * ) SI_UNIT ( $, .STERADIAN. ) SOLID_ANGLE_UNIT ( ) );
#1147 = CARTESIAN_POINT ( 'NONE',  ( -8.457156396406999121, -2.152823107854000106, -0.5325118817989999975 ) ) ;
#1148 = CARTESIAN_POINT ( 'NONE',  ( -11.90663492308000038, -4.601847705847999848, -8.528341666357000861 ) ) ;
#1149 = VERTEX_POINT ( 'NONE', #1292 ) ;
#1150 = CARTESIAN_POINT ( 'NONE',  ( -11.35027880368342856, -7.965937647102978580, -7.499888376211838015 ) ) ;
#1151 = CARTESIAN_POINT ( 'NONE',  ( -8.478479316266000154, 1.150274457839000286, -0.5077794360200000856 ) ) ;
#1152 = CARTESIAN_POINT ( 'NONE',  ( 9.614460369001998075, -0.5678748202710000026, -3.139743898110999965 ) ) ;
#1153 = CARTESIAN_POINT ( 'NONE',  ( 10.10230966502398964, -6.787108462350967208, -5.529344836281960163 ) ) ;
#1154 =( NAMED_UNIT ( * ) PLANE_ANGLE_UNIT ( ) SI_UNIT ( $, .RADIAN. ) );
#1155 = CARTESIAN_POINT ( 'NONE',  ( -10.23444561518999940, -7.249015359116000035, -6.089161562191000243 ) ) ;
#1156 = CARTESIAN_POINT ( 'NONE',  ( 9.174259863306001961, -0.6135952705610001612, -3.792168255733000759 ) ) ;
#1157 = CARTESIAN_POINT ( 'NONE',  ( 10.71404514153556420, -4.063354206166740923, -7.500000494833292564 ) ) ;
#1158 = AXIS2_PLACEMENT_3D ( 'NONE', #3006, #741, #482 ) ;
#1159 = FILL_AREA_STYLE ('',( #338 ) ) ;
#1160 = SURFACE_SIDE_STYLE ('',( #2838 ) ) ;
#1161 = CARTESIAN_POINT ( 'NONE',  ( -8.370167453603002627, -1.930562108516000075, -0.3127960970620000669 ) ) ;
#1162 = EDGE_CURVE ( 'NONE', #2029, #2657, #1594, .T. ) ;
#1163 = CARTESIAN_POINT ( 'NONE',  ( -11.82473395132999983, -4.455867843983000398, -8.333120860877000879 ) ) ;
#1164 =( LENGTH_UNIT ( ) NAMED_UNIT ( * ) SI_UNIT ( .MILLI., .METRE. ) );
#1165 = VERTEX_POINT ( 'NONE', #2715 ) ;
#1166 = CARTESIAN_POINT ( 'NONE',  ( -11.44408770292793243, -7.722228885931556874, -7.499965391852138730 ) ) ;
#1167 = CARTESIAN_POINT ( 'NONE',  ( -8.400655478586001479, 1.305388463532000110, -0.3389953428590000706 ) ) ;
#1168 = CARTESIAN_POINT ( 'NONE',  ( 11.59497138035000141, -5.734577668910000980, -7.681375842008000276 ) ) ;
#1169 = UNCERTAINTY_MEASURE_WITH_UNIT (LENGTH_MEASURE( 1.000000000000000082E-05 ), #3286, 'distance_accuracy_value', 'NONE');
#1170 = EDGE_LOOP ( 'NONE', ( #1203, #2128, #2021, #3231, #2368, #3469, #245, #3101 ) ) ;
#1171 = CARTESIAN_POINT ( 'NONE',  ( 10.58325181418899952, -2.208714535756999719, -5.340286686814001982 ) ) ;
#1172 = CARTESIAN_POINT ( 'NONE',  ( 9.777943989578989914, -5.844740959667965363, -4.424193206713963100 ) ) ;
#1173 = CARTESIAN_POINT ( 'NONE',  ( -10.28708135903000098, -5.869416368432000652, -4.714219732236999860 ) ) ;
#1174 = CARTESIAN_POINT ( 'NONE',  ( -9.180699999999999861, -3.882740000000000080, -7.500000000000000000 ) ) ;
#1175 = CARTESIAN_POINT ( 'NONE',  ( 8.587988315047999421, -2.318666949986000425, -0.7857052442610000798 ) ) ;
#1176 = CARTESIAN_POINT ( 'NONE',  ( -8.338785874761999395, -1.851157140194999995, -0.2344852441249999919 ) ) ;
#1177 = CARTESIAN_POINT ( 'NONE',  ( 8.251712901267000078, 1.599737723313000126, -0.01854188283571000379 ) ) ;
#1178 = CARTESIAN_POINT ( 'NONE',  ( 11.14101086119790374, -4.469552530501357701, -7.500022107796672444 ) ) ;
#1179 = MECHANICAL_DESIGN_GEOMETRIC_PRESENTATION_REPRESENTATION (  '', ( #1061 ), #1295 ) ;
#1180 = PRESENTATION_LAYER_ASSIGNMENT (  '', '', ( #1353 ) ) ;
#1181 = CARTESIAN_POINT ( 'NONE',  ( -9.200942398588525251, -0.7889971420703293381, -4.003530553749700793 ) ) ;
#1182 = CARTESIAN_POINT ( 'NONE',  ( -8.300923842396001007, -1.755859648099999948, -0.1406107341100000241 ) ) ;
#1183 = CARTESIAN_POINT ( 'NONE',  ( -8.322237656831999786, 1.498530020003000063, -0.1983323644980000133 ) ) ;
#1184 = DIRECTION ( 'NONE',  ( 0.0000000000000000000, -2.220446049250000002E-16, 1.000000000000000000 ) ) ;
#1185 = COLOUR_RGB ( '',0.8000000000000000444, 0.8000000000000000444, 0.8000000000000000444 ) ;
#1186 = EDGE_CURVE ( 'NONE', #1259, #871, #1054, .T. ) ;
#1187 =( GEOMETRIC_REPRESENTATION_CONTEXT ( 3 ) GLOBAL_UNCERTAINTY_ASSIGNED_CONTEXT ( ( #2326 ) ) GLOBAL_UNIT_ASSIGNED_CONTEXT ( ( #1799, #3241, #2652 ) ) REPRESENTATION_CONTEXT ( 'NONE', 'WORKASPACE' ) );
#1188 = CARTESIAN_POINT ( 'NONE',  ( -8.455172491335000373, 1.196897108349000094, -0.4571916142060000188 ) ) ;
#1189 = CARTESIAN_POINT ( 'NONE',  ( 8.275735931288068059, -16.55147186257613612, 24.00000000000000000 ) ) ;
#1190 = CARTESIAN_POINT ( 'NONE',  ( 8.243698300824000569, -1.612897493640000013, 0.0000000000000000000 ) ) ;
#1191 = ORIENTED_EDGE ( 'NONE', *, *, #1140, .T. ) ;
#1192 = CARTESIAN_POINT ( 'NONE',  ( 8.279187786487000267, -1.700232748582000353, -0.08591614729705002174 ) ) ;
#1193 = CARTESIAN_POINT ( 'NONE',  ( -8.256231590301000622, -1.618359705425000072, -0.02236612764261999842 ) ) ;
#1194 = CARTESIAN_POINT ( 'NONE',  ( 11.08472855732579987, -8.285457032083288098, -7.500002054861066192 ) ) ;
#1195 = CARTESIAN_POINT ( 'NONE',  ( -8.457156396406999121, -2.152823107854000106, -0.5325118817989999975 ) ) ;
#1196 = CARTESIAN_POINT ( 'NONE',  ( 8.347964376673001397, 1.440723197801000000, -0.2402102482190000277 ) ) ;
#1197 = CARTESIAN_POINT ( 'NONE',  ( 8.352963299618000548, 0.9727760948829999865, 0.0000000000000000000 ) ) ;
#1198 = CARTESIAN_POINT ( 'NONE',  ( 8.292847653367999783, -1.697322526295999889, -0.1071565324459999996 ) ) ;
#1199 = CARTESIAN_POINT ( 'NONE',  ( 3.851859888774000017E-34, -3.899999999999999911, -18.25000000000000000 ) ) ;
#1200 = CARTESIAN_POINT ( 'NONE',  ( -8.896148581970642510, 0.4390544110395366295, -2.238292475990152131 ) ) ;
#1201 = CARTESIAN_POINT ( 'NONE',  ( -8.323037376373999763, -1.811451213121000103, -0.1953578326010000088 ) ) ;
#1202 = CARTESIAN_POINT ( 'NONE',  ( -8.869941136542999871, 0.5219486552240000243, -2.090648123560999938 ) ) ;
#1203 = ORIENTED_EDGE ( 'NONE', *, *, #1210, .T. ) ;
#1204 =( NAMED_UNIT ( * ) SI_UNIT ( $, .STERADIAN. ) SOLID_ANGLE_UNIT ( ) );
#1205 = CARTESIAN_POINT ( 'NONE',  ( -11.54296640583000233, -5.703010958975999856, -7.651102434940000308 ) ) ;
#1206 = EDGE_LOOP ( 'NONE', ( #3451, #450 ) ) ;
#1207 = CARTESIAN_POINT ( 'NONE',  ( 8.497409962865999589, -2.247809738842999838, -0.6269922288189999637 ) ) ;
#1208 = CARTESIAN_POINT ( 'NONE',  ( -10.30739482981000066, -5.261578859491000237, -4.711857368746000141 ) ) ;
#1209 = DIRECTION ( 'NONE',  ( 0.0000000000000000000, -1.000000000000000000, 0.0000000000000000000 ) ) ;
#1210 = EDGE_CURVE ( 'NONE', #852, #2677, #719, .T. ) ;
#1211 = CARTESIAN_POINT ( 'NONE',  ( 8.817674865302000953, -2.789746618293000413, -1.309250581292000115 ) ) ;
#1212 = CARTESIAN_POINT ( 'NONE',  ( -8.780287737434999684, -3.008026587463000556, -1.387223367112000005 ) ) ;
#1213 = CARTESIAN_POINT ( 'NONE',  ( 8.404203848163000146, 1.348425441922000312, -0.3698284501729999785 ) ) ;
#1214 = CARTESIAN_POINT ( 'NONE',  ( 11.12918022569121668, -4.453837859782808550, -7.500000566184811035 ) ) ;
#1215 = CARTESIAN_POINT ( 'NONE',  ( 8.265907157386999771, -1.615553967871999896, -0.03706127574324000196 ) ) ;
#1216 = CARTESIAN_POINT ( 'NONE',  ( -9.201513878779426392, -0.7913360320904779810, -4.006422616150199900 ) ) ;
#1217 = CARTESIAN_POINT ( 'NONE',  ( -8.270784750972000055, -1.680409030896999889, -0.06637073044487001861 ) ) ;
#1218 = MECHANICAL_DESIGN_GEOMETRIC_PRESENTATION_REPRESENTATION (  '', ( #1099 ), #1271 ) ;
#1219 = DIRECTION ( 'NONE',  ( 0.0000000000000000000, 2.220446049250000002E-16, -1.000000000000000000 ) ) ;
#1220 =( NAMED_UNIT ( * ) SI_UNIT ( $, .STERADIAN. ) SOLID_ANGLE_UNIT ( ) );
#1221 = FACE_OUTER_BOUND ( 'NONE', #2407, .T. ) ;
#1222 = EDGE_LOOP ( 'NONE', ( #3519, #1838, #263, #2099 ) ) ;
#1223 = CARTESIAN_POINT ( 'NONE',  ( 8.787809618189001526, -3.007572920977000575, -1.387445092417999959 ) ) ;
#1224 = CARTESIAN_POINT ( 'NONE',  ( -8.348668995509999746, -1.795194490487000083, -0.2316752202440000297 ) ) ;
#1225 = CARTESIAN_POINT ( 'NONE',  ( 11.46325213445090085, -7.792865392855562234, -7.499992209295810675 ) ) ;
#1226 = CARTESIAN_POINT ( 'NONE',  ( 10.31081160252199957, -5.868618680592001979, -4.713183347576999971 ) ) ;
#1227 = EDGE_CURVE ( 'NONE', #400, #2381, #1477, .T. ) ;
#1228 = CARTESIAN_POINT ( 'NONE',  ( 8.331918244628999659, 1.467672040150000079, -0.2035983186860000071 ) ) ;
#1229 = SURFACE_STYLE_FILL_AREA ( #1159 ) ;
#1230 = CARTESIAN_POINT ( 'NONE',  ( 8.369383668660999476, -1.828957064031000002, -0.2744423894640000139 ) ) ;
#1231 = CARTESIAN_POINT ( 'NONE',  ( 8.243698300824000569, -1.612897493639833479, -1.258252789737392716E-15 ) ) ;
#1232 = CARTESIAN_POINT ( 'NONE',  ( -9.137804874990230530, -0.5267998595713094812, -3.674324266808961070 ) ) ;
#1233 = CARTESIAN_POINT ( 'NONE',  ( 8.457552859259999778, 1.196942271701999960, -0.4573049185879999867 ) ) ;
#1234 = AXIS2_PLACEMENT_3D ( 'NONE', #2433, #3553, #3319 ) ;
#1235 = CARTESIAN_POINT ( 'NONE',  ( 11.21047390417654732, -8.106615349350771993, -24.26159797574885957 ) ) ;
#1236 = PRESENTATION_LAYER_ASSIGNMENT (  '', '', ( #2826 ) ) ;
#1237 = VECTOR ( 'NONE', #3639, 1000.000000000000000 ) ;
#1238 = CARTESIAN_POINT ( 'NONE',  ( -8.345911946042999574, 1.413398871439000226, -0.2205444225830000271 ) ) ;
#1239 = CARTESIAN_POINT ( 'NONE',  ( -9.675773680942999277, -1.480834587696000071, -3.182810769166999787 ) ) ;
#1240 = CIRCLE ( 'NONE', #1843, 4.250000000000000000 ) ;
#1241 = COLOUR_RGB ( '',0.8000000000000000444, 0.8000000000000000444, 0.8000000000000000444 ) ;
#1242 = EDGE_LOOP ( 'NONE', ( #1411, #2861, #3386, #435 ) ) ;
#1243 = CARTESIAN_POINT ( 'NONE',  ( 8.282404505580000631, -1.708172098586999921, -0.09373109534611999416 ) ) ;
#1244 = CARTESIAN_POINT ( 'NONE',  ( -9.075092594144999580, -3.066877420690000022, -1.860982874902999962 ) ) ;
#1245 = SURFACE_STYLE_USAGE ( .BOTH. , #425 ) ;
#1246 = CARTESIAN_POINT ( 'NONE',  ( -8.339946293473033734, -1.780029634482834799, -0.2123825318488157532 ) ) ;
#1247 = CARTESIAN_POINT ( 'NONE',  ( -8.243698300824000569, -1.612897493640000013, -8.881784197000999888E-16 ) ) ;
#1248 = EDGE_CURVE ( 'NONE', #1165, #1149, #3036, .T. ) ;
#1249 = CARTESIAN_POINT ( 'NONE',  ( 11.39942538780500136, -7.195206137159001258, -7.216267568756000728 ) ) ;
#1250 = CARTESIAN_POINT ( 'NONE',  ( 8.632397668339409691, 1.038413478330818984, -1.076682049335554003 ) ) ;
#1251 = CARTESIAN_POINT ( 'NONE',  ( -9.619473228828397282, -2.334942678324139820, -5.792829022794025562 ) ) ;
#1252 = CARTESIAN_POINT ( 'NONE',  ( -10.51848965493000065, -4.991402803774000141, -8.725267837259000459 ) ) ;
#1253 = CARTESIAN_POINT ( 'NONE',  ( 8.714473313296000612, 0.6786992722950000445, -1.010959871592999937 ) ) ;
#1254 = CARTESIAN_POINT ( 'NONE',  ( 8.263122770473000145, -1.660462381169999890, -0.04689974329438999917 ) ) ;
#1255 = ORIENTED_EDGE ( 'NONE', *, *, #507, .T. ) ;
#1256 =( REPRESENTATION_RELATIONSHIP ('NONE','NONE', #2210, #2553 ) REPRESENTATION_RELATIONSHIP_WITH_TRANSFORMATION ( #1680 )SHAPE_REPRESENTATION_RELATIONSHIP( ) );
#1257 = CARTESIAN_POINT ( 'NONE',  ( -11.49999999999846345, -4.900000000000000355, -23.99999999999525713 ) ) ;
#1258 = CARTESIAN_POINT ( 'NONE',  ( -9.789189267336002587, -1.743581142676000173, -3.446985280859000245 ) ) ;
#1259 = VERTEX_POINT ( 'NONE', #2173 ) ;
#1260 = CARTESIAN_POINT ( 'NONE',  ( -9.348517515886999973, -3.549561998869999790, -2.484693314139000631 ) ) ;
#1261 = CARTESIAN_POINT ( 'NONE',  ( 0.01929999999999987281, -3.882740000000000080, -7.500000000000000000 ) ) ;
#1262 = CARTESIAN_POINT ( 'NONE',  ( -9.762167117175152953, -4.284268840289705338, -3.438652655162131477 ) ) ;
#1263 = CARTESIAN_POINT ( 'NONE',  ( 10.88083346942699947, -7.056343997026998771, -6.018891889943000173 ) ) ;
#1264 =( LENGTH_UNIT ( ) NAMED_UNIT ( * ) SI_UNIT ( .MILLI., .METRE. ) );
#1265 = CARTESIAN_POINT ( 'NONE',  ( 8.431901598877891146, 1.345151687987494737, -0.4858552723697666664 ) ) ;
#1266 = CARTESIAN_POINT ( 'NONE',  ( -8.243698300824000569, -1.612897493640000013, 0.0000000000000000000 ) ) ;
#1267 = CARTESIAN_POINT ( 'NONE',  ( -10.94791176424288714, -4.282827344123526281, -7.500322882514945277 ) ) ;
#1268 = CARTESIAN_POINT ( 'NONE',  ( -8.970487422160999813, 0.1789754934560000010, -2.680830358860000207 ) ) ;
#1269 = CARTESIAN_POINT ( 'NONE',  ( 8.362896164705000857, 1.382608289398999935, -0.2544720798919999916 ) ) ;
#1270 = CARTESIAN_POINT ( 'NONE',  ( 10.96189005325745569, -8.294990154743226540, -24.47733994598268481 ) ) ;
#1271 =( GEOMETRIC_REPRESENTATION_CONTEXT ( 3 ) GLOBAL_UNCERTAINTY_ASSIGNED_CONTEXT ( ( #1890 ) ) GLOBAL_UNIT_ASSIGNED_CONTEXT ( ( #1921, #1651, #537 ) ) REPRESENTATION_CONTEXT ( 'NONE', 'WORKASPACE' ) );
#1272 = ADVANCED_FACE ( 'NONE', ( #3306 ), #2698, .F. ) ;
#1273 =( LENGTH_UNIT ( ) NAMED_UNIT ( * ) SI_UNIT ( .MILLI., .METRE. ) );
#1274 = CARTESIAN_POINT ( 'NONE',  ( -11.59290806551999964, -5.811988257970999605, -7.772296299966000355 ) ) ;
#1275 = APPLICATION_CONTEXT ( 'automotive_design' ) ;
#1276 = ORIENTED_EDGE ( 'NONE', *, *, #728, .F. ) ;
#1277 = CARTESIAN_POINT ( 'NONE',  ( 9.062875497078000109, -3.762190557835000337, -2.159239539387999951 ) ) ;
#1278 = CARTESIAN_POINT ( 'NONE',  ( -9.529802262512999889, -3.870889979110000212, -2.901348027649000016 ) ) ;
#1279 = DIRECTION ( 'NONE',  ( -1.000000000000000000, -0.0000000000000000000, -0.0000000000000000000 ) ) ;
#1280 = CARTESIAN_POINT ( 'NONE',  ( 10.76756759380599959, -6.819740520987998877, -5.758966230080999615 ) ) ;
#1281 = CARTESIAN_POINT ( 'NONE',  ( 8.434938725330999532, -2.089160757475000185, -0.4697549642740000420 ) ) ;
#1282 = CARTESIAN_POINT ( 'NONE',  ( -8.282680057646999217, -1.693738191376000124, -0.09008773463185001940 ) ) ;
#1283 = SURFACE_SIDE_STYLE ('',( #3207 ) ) ;
#1284 =( NAMED_UNIT ( * ) SI_UNIT ( $, .STERADIAN. ) SOLID_ANGLE_UNIT ( ) );
#1285 = CARTESIAN_POINT ( 'NONE',  ( 9.543838699022002103, -3.871090872852999798, -2.899602594700999791 ) ) ;
#1286 = ORIENTED_EDGE ( 'NONE', *, *, #3284, .T. ) ;
#1287 = FILL_AREA_STYLE ('',( #144 ) ) ;
#1288 = SURFACE_STYLE_FILL_AREA ( #765 ) ;
#1289 = CARTESIAN_POINT ( 'NONE',  ( -10.66946501564675032, -4.056600837121980163, -7.500000621652291422 ) ) ;
#1290 = CARTESIAN_POINT ( 'NONE',  ( 8.352963299618000548, -0.9727760948829999865, 0.0000000000000000000 ) ) ;
#1291 = CARTESIAN_POINT ( 'NONE',  ( 11.06698757392089050, -8.233569896790443821, -24.38724094783572127 ) ) ;
#1292 = CARTESIAN_POINT ( 'NONE',  ( -11.49999999999846345, -4.900000000000000355, -23.99999999999525713 ) ) ;
#1293 = CARTESIAN_POINT ( 'NONE',  ( -8.410249583222000780, 1.335280162407999960, -0.3883822444130000107 ) ) ;
#1294 = MECHANICAL_DESIGN_GEOMETRIC_PRESENTATION_REPRESENTATION (  '', ( #2409 ), #999 ) ;
#1295 =( GEOMETRIC_REPRESENTATION_CONTEXT ( 3 ) GLOBAL_UNCERTAINTY_ASSIGNED_CONTEXT ( ( #142 ) ) GLOBAL_UNIT_ASSIGNED_CONTEXT ( ( #1383, #3318, #902 ) ) REPRESENTATION_CONTEXT ( 'NONE', 'WORKASPACE' ) );
#1296 = ORIENTED_EDGE ( 'NONE', *, *, #318, .T. ) ;
#1297 = PRESENTATION_LAYER_ASSIGNMENT (  '', '', ( #1065 ) ) ;
#1298 = CARTESIAN_POINT ( 'NONE',  ( 10.74016779654700038, -8.493978076052000503, -7.639825802242000918 ) ) ;
#1299 = CARTESIAN_POINT ( 'NONE',  ( 3.851859888774000017E-34, -8.400000000000000355, -18.25000000000000000 ) ) ;
#1300 = CARTESIAN_POINT ( 'NONE',  ( -8.270524687167370104, -1.659442618445817974, -0.05910952277739354999 ) ) ;
#1301 = CARTESIAN_POINT ( 'NONE',  ( 10.42552131350899991, -6.107001175875000243, -4.975483690057999731 ) ) ;
#1302 =( NAMED_UNIT ( * ) PLANE_ANGLE_UNIT ( ) SI_UNIT ( $, .RADIAN. ) );
#1303 = ORIENTED_EDGE ( 'NONE', *, *, #689, .T. ) ;
#1304 = CARTESIAN_POINT ( 'NONE',  ( 8.989406328347092412, 0.1490752083965344588, -2.725655623468251854 ) ) ;
#1305 = CARTESIAN_POINT ( 'NONE',  ( -8.324982423778665819, 1.499104477413234493, -0.2047638706071368830 ) ) ;
#1306 = CARTESIAN_POINT ( 'NONE',  ( -11.21866587066121390, -4.640708124945936319, -7.500034872443578138 ) ) ;
#1307 = CARTESIAN_POINT ( 'NONE',  ( 8.393123443894999980, 1.401283234532000099, -0.3816948199949999898 ) ) ;
#1308 = CARTESIAN_POINT ( 'NONE',  ( 8.347058863632000225, 1.413423773017000062, -0.2205989122679999914 ) ) ;
#1309 = CARTESIAN_POINT ( 'NONE',  ( 8.596039189869738806, -2.219857978464884418, -0.7726101065538922841 ) ) ;
#1310 = CARTESIAN_POINT ( 'NONE',  ( -8.850656066428999935, 0.6236230735140000370, -1.416608948763000031 ) ) ;
#1311 = CARTESIAN_POINT ( 'NONE',  ( 10.77280463837500157, -8.577406633089999843, -7.744695153923999875 ) ) ;
#1312 = CARTESIAN_POINT ( 'NONE',  ( -8.361572908337999266, 1.382579997011000206, -0.2544091511720000254 ) ) ;
#1313 = CARTESIAN_POINT ( 'NONE',  ( 8.481123680087000238, 1.150322782653000031, -0.5079051624899999506 ) ) ;
#1314 = CARTESIAN_POINT ( 'NONE',  ( 8.359140754714001531, -1.898697592575999904, -0.2815100041780000395 ) ) ;
#1315 = CARTESIAN_POINT ( 'NONE',  ( -8.406741563327999600, -1.951028756923000484, -0.3766611775280000463 ) ) ;
#1316 = CARTESIAN_POINT ( 'NONE',  ( 9.053248779533999979, -3.013334664095999926, -1.790674869391000179 ) ) ;
#1317 = CARTESIAN_POINT ( 'NONE',  ( 9.433426802970720004, -1.607693512844404093, -4.975763699327855782 ) ) ;
#1318 = CARTESIAN_POINT ( 'NONE',  ( -8.278729724121999922, -1.700264881969999919, -0.08590130534539000551 ) ) ;
#1319 = PRESENTATION_STYLE_ASSIGNMENT (( #785 ) ) ;
#1320 =( NAMED_UNIT ( * ) PLANE_ANGLE_UNIT ( ) SI_UNIT ( $, .RADIAN. ) );
#1321 = CARTESIAN_POINT ( 'NONE',  ( 8.346750473145000626, 1.467575706249999890, -0.2604135201380000098 ) ) ;
#1322 = CARTESIAN_POINT ( 'NONE',  ( 9.226960433985002652, -0.4254318407359999887, -2.132664126532000104 ) ) ;
#1323 = DIRECTION ( 'NONE',  ( -0.0000000000000000000, -0.0000000000000000000, -1.000000000000000000 ) ) ;
#1324 = DIRECTION ( 'NONE',  ( 0.0000000000000000000, -4.081702296416016490E-16, 1.000000000000000000 ) ) ;
#1325 = CARTESIAN_POINT ( 'NONE',  ( -8.639125123728000233, -2.628480178670999923, -1.005802544220999684 ) ) ;
#1326 = CARTESIAN_POINT ( 'NONE',  ( -8.330872357272999906, 1.467672716499000218, -0.2036046214429999834 ) ) ;
#1327 = AXIS2_PLACEMENT_3D ( 'NONE', #1880, #2990, #2375 ) ;
#1328 = CARTESIAN_POINT ( 'NONE',  ( 10.72928884927100057, -8.466168557038999509, -7.604869351681999845 ) ) ;
#1329 = CARTESIAN_POINT ( 'NONE',  ( -11.71044765441999935, -7.842591047794000403, -8.050745260319999375 ) ) ;
#1330 = SURFACE_STYLE_FILL_AREA ( #2720 ) ;
#1331 = CARTESIAN_POINT ( 'NONE',  ( 10.26372878654500020, -2.789418770973000061, -4.510294685073000132 ) ) ;
#1332 = CARTESIAN_POINT ( 'NONE',  ( 8.317687417810999406, -1.795501495554000293, -0.1797427508009999952 ) ) ;
#1333 = CARTESIAN_POINT ( 'NONE',  ( -8.378381267578999925, -1.892210371523000312, -0.3111685187159999311 ) ) ;
#1334 = PRODUCT_CONTEXT ( 'NONE', #1275, 'mechanical' ) ;
#1335 = CARTESIAN_POINT ( 'NONE',  ( 8.329743706242002332, -1.789262931185999772, -0.1964954531749999733 ) ) ;
#1336 = ADVANCED_FACE ( 'NONE', ( #2157 ), #614, .F. ) ;
#1337 = SHAPE_REPRESENTATION ( 'Fillet001', ( #2619 ), #1780 ) ;
#1338 = CARTESIAN_POINT ( 'NONE',  ( 9.030279954357826711, -0.01415223411347052082, -2.972812775072096514 ) ) ;
#1339 = CARTESIAN_POINT ( 'NONE',  ( -8.260956353159999210, -1.650388135732999917, -0.04047550506953000171 ) ) ;
#1340 = CARTESIAN_POINT ( 'NONE',  ( -8.651617609247578500, 0.9958543961691751489, -1.161535826224502799 ) ) ;
#1341 = CARTESIAN_POINT ( 'NONE',  ( 11.17525394705398867, -4.825473658774971142, -6.675956316048967665 ) ) ;
#1342 = SURFACE_STYLE_FILL_AREA ( #196 ) ;
#1343 = PRESENTATION_STYLE_ASSIGNMENT (( #148 ) ) ;
#1344 = CARTESIAN_POINT ( 'NONE',  ( -9.912600277575002394, -6.319755764733000269, -4.973682068569000414 ) ) ;
#1345 = CARTESIAN_POINT ( 'NONE',  ( -9.207484956455999736, 0.06363097339739999525, -2.244267656693000657 ) ) ;
#1346 = CARTESIAN_POINT ( 'NONE',  ( 10.80544148020299922, -8.660835190128999272, -7.849564505605000519 ) ) ;
#1347 = VECTOR ( 'NONE', #183, 1000.000000000000000 ) ;
#1348 = CARTESIAN_POINT ( 'NONE',  ( -11.69610092835000081, -7.815750728901000421, -8.016343787494999873 ) ) ;
#1349 = CARTESIAN_POINT ( 'NONE',  ( -8.369398756102999215, 1.367161076091000238, -0.2713365660350000041 ) ) ;
#1350 = CARTESIAN_POINT ( 'NONE',  ( -8.099999999999999645, -9.919639073093559228E-16, 23.69999999999999929 ) ) ;
#1351 = CARTESIAN_POINT ( 'NONE',  ( 8.347058863632000225, 1.413423773017000062, -0.2205989122679999914 ) ) ;
#1352 = CLOSED_SHELL ( 'NONE', ( #1714, #2357, #172, #843, #2869, #2396, #3021, #3165, #1871, #2290, #986, #2424 ) ) ;
#1353 = STYLED_ITEM ( 'NONE', ( #491 ), #2151 ) ;
#1354 = CARTESIAN_POINT ( 'NONE',  ( 8.295256930961000919, -1.739929054433000166, -0.1249975997419999901 ) ) ;
#1355 = CARTESIAN_POINT ( 'NONE',  ( -8.435102499280999311, -2.009850299143000285, -0.4421448994560000512 ) ) ;
#1356 = VECTOR ( 'NONE', #3335, 1000.000000000000000 ) ;
#1357 =( GEOMETRIC_REPRESENTATION_CONTEXT ( 3 ) GLOBAL_UNCERTAINTY_ASSIGNED_CONTEXT ( ( #268 ) ) GLOBAL_UNIT_ASSIGNED_CONTEXT ( ( #94, #1768, #906 ) ) REPRESENTATION_CONTEXT ( 'NONE', 'WORKASPACE' ) );
#1358 = SURFACE_STYLE_FILL_AREA ( #249 ) ;
#1359 = CARTESIAN_POINT ( 'NONE',  ( 8.283133237975000895, -1.693725587202000060, -0.09006674922978000208 ) ) ;
#1360 = AXIS2_PLACEMENT_3D ( 'NONE', #640, #2097, #112 ) ;
#1361 = COLOUR_RGB ( '',0.8000000000000000444, 0.8000000000000000444, 0.8000000000000000444 ) ;
#1362 = CARTESIAN_POINT ( 'NONE',  ( 8.946410322687462724, 0.3077141810359397822, -2.467740078212993904 ) ) ;
#1363 = CARTESIAN_POINT ( 'NONE',  ( -8.262873188458000229, -1.660479669352000309, -0.04689208944862999912 ) ) ;
#1364 = CARTESIAN_POINT ( 'NONE',  ( 8.283960195968001372, 1.569149894960000235, -0.1087850081240000211 ) ) ;
#1365 = CARTESIAN_POINT ( 'NONE',  ( 11.51929999252312342, -7.416319716651003979, -7.500000003160502970 ) ) ;
#1366 = CARTESIAN_POINT ( 'NONE',  ( -8.400000000000000355, 1.028703311283776783E-15, 23.69999999999999929 ) ) ;
#1367 = CARTESIAN_POINT ( 'NONE',  ( -3.286260152890000141E-14, -9.349786777489999423, 0.0000000000000000000 ) ) ;
#1368 = CARTESIAN_POINT ( 'NONE',  ( -8.362600904366997767, 1.414333501381999980, -0.2772360216129999833 ) ) ;
#1369 = FACE_OUTER_BOUND ( 'NONE', #1242, .T. ) ;
#1370 = CARTESIAN_POINT ( 'NONE',  ( -11.12014931890575653, -8.234175135908685661, -7.499886073004085496 ) ) ;
#1371 = CARTESIAN_POINT ( 'NONE',  ( -11.75351755696999945, -7.923167613708001156, -8.154020953639999902 ) ) ;
#1372 = CARTESIAN_POINT ( 'NONE',  ( 10.49999999999919531, -3.899999999999998135, -24.85458550253733634 ) ) ;
#1373 = CARTESIAN_POINT ( 'NONE',  ( 8.339134570367999544, 1.428763928433000041, -0.2036152688500000030 ) ) ;
#1374 = ORIENTED_EDGE ( 'NONE', *, *, #3195, .T. ) ;
#1375 = DIRECTION ( 'NONE',  ( -0.0000000000000000000, -0.0000000000000000000, -1.000000000000000000 ) ) ;
#1376 = CARTESIAN_POINT ( 'NONE',  ( -8.839471481781002282, -2.848855088034000005, -1.374976968809000333 ) ) ;
#1377 =( NAMED_UNIT ( * ) PLANE_ANGLE_UNIT ( ) SI_UNIT ( $, .RADIAN. ) );
#1378 = APPLICATION_PROTOCOL_DEFINITION ( 'draft international standard', 'automotive_design', 1998, #3380 ) ;
#1379 = CARTESIAN_POINT ( 'NONE',  ( 11.76466132601099979, -7.869448180002999393, -8.080963954981999819 ) ) ;
#1380 = CARTESIAN_POINT ( 'NONE',  ( 8.400000000000000355, 2.057406622567553171E-15, 23.69999999999999929 ) ) ;
#1381 = CARTESIAN_POINT ( 'NONE',  ( -11.48069999969185240, -5.404549915817524308, -7.499999999266672823 ) ) ;
#1382 = CARTESIAN_POINT ( 'NONE',  ( 11.51929999984650976, -5.489806419234931845, -7.499999999632644965 ) ) ;
#1383 =( LENGTH_UNIT ( ) NAMED_UNIT ( * ) SI_UNIT ( .MILLI., .METRE. ) );
#1384 = CARTESIAN_POINT ( 'NONE',  ( 0.0000000000000000000, 0.0000000000000000000, 0.0000000000000000000 ) ) ;
#1385 = CARTESIAN_POINT ( 'NONE',  ( -9.180699999999999861, -8.382740000000000080, -7.500000000000000000 ) ) ;
#1386 = CARTESIAN_POINT ( 'NONE',  ( -11.86566875952999744, -4.528829831107999304, -8.430693893993000287 ) ) ;
#1387 = SURFACE_SIDE_STYLE ('',( #2777 ) ) ;
#1388 = CARTESIAN_POINT ( 'NONE',  ( 8.510256810477999423, -2.071756200254000646, -0.5836602523710001655 ) ) ;
#1389 = ADVANCED_FACE ( 'NONE', ( #1994 ), #2681, .T. ) ;
#1390 = CARTESIAN_POINT ( 'NONE',  ( -11.48069996775830148, -7.483342574106993439, -7.499999966249696115 ) ) ;
#1391 = CARTESIAN_POINT ( 'NONE',  ( -8.709199621677999659, 0.6786604943359999531, -1.010723358156000229 ) ) ;
#1392 = CARTESIAN_POINT ( 'NONE',  ( 8.420596346674326327, -1.917132304791270281, -0.3866185398380632132 ) ) ;
#1393 = AXIS2_PLACEMENT_3D ( 'NONE', #1829, #470, #120 ) ;
#1394 = CARTESIAN_POINT ( 'NONE',  ( 8.449691068205000377, 1.212471300847000055, -0.4404323750690000150 ) ) ;
#1395 = VERTEX_POINT ( 'NONE', #3394 ) ;
#1396 = SURFACE_STYLE_USAGE ( .BOTH. , #2785 ) ;
#1397 = CARTESIAN_POINT ( 'NONE',  ( -10.17340831659999978, -5.630712624823000390, -4.451397830158001057 ) ) ;
#1398 = VECTOR ( 'NONE', #3064, 1000.000000000000000 ) ;
#1399 = CARTESIAN_POINT ( 'NONE',  ( 8.279548062354999516, -1.686377156246999798, -0.08187932193428000549 ) ) ;
#1400 = CARTESIAN_POINT ( 'NONE',  ( 8.275735931288066283, 16.55147186257613612, 24.00000000000000000 ) ) ;
#1401 = CARTESIAN_POINT ( 'NONE',  ( -8.297757855745999223, -1.747917700311000022, -0.1327929694380000081 ) ) ;
#1402 = SURFACE_STYLE_FILL_AREA ( #513 ) ;
#1403 = FILL_AREA_STYLE_COLOUR ( '', #3584 ) ;
#1404 = CARTESIAN_POINT ( 'NONE',  ( 10.51761422329800055, -4.885394749677000270, -8.606911792456999777 ) ) ;
#1405 = CARTESIAN_POINT ( 'NONE',  ( 11.41328855407919285, -4.980740784000822430, -7.499996985456493626 ) ) ;
#1406 = CARTESIAN_POINT ( 'NONE',  ( -8.243698300824000569, -1.612897493640000013, -7.401486830835000218E-17 ) ) ;
#1407 = CARTESIAN_POINT ( 'NONE',  ( -10.40020163011000243, -7.705427177396998673, -6.652233158872999930 ) ) ;
#1408 = CARTESIAN_POINT ( 'NONE',  ( -11.83835649555999936, -4.480148595267000822, -8.365591831617999574 ) ) ;
#1409 = CARTESIAN_POINT ( 'NONE',  ( 8.306597199336000159, -1.720955441534999908, -0.1371712222400000014 ) ) ;
#1410 = MANIFOLD_SOLID_BREP ( 'Imported1', #2755 ) ;
#1411 = ORIENTED_EDGE ( 'NONE', *, *, #577, .T. ) ;
#1412 = CARTESIAN_POINT ( 'NONE',  ( -10.65679277194226771, -8.382739999997610880, -7.499999999996936673 ) ) ;
#1413 = CARTESIAN_POINT ( 'NONE',  ( -8.431836727950001276, 1.243455744410000285, -0.4065693755400001108 ) ) ;
#1414 = CARTESIAN_POINT ( 'NONE',  ( -9.215846825446000423, -0.4249577237839999855, -2.132400113835999811 ) ) ;
#1415 = CARTESIAN_POINT ( 'NONE',  ( 8.275735931288069835, 0.0000000000000000000, 24.00000000000000000 ) ) ;
#1416 =( NAMED_UNIT ( * ) PLANE_ANGLE_UNIT ( ) SI_UNIT ( $, .RADIAN. ) );
#1417 = ORIENTED_EDGE ( 'NONE', *, *, #2378, .T. ) ;
#1418 = CARTESIAN_POINT ( 'NONE',  ( 8.283698680746001131, 1.545411011190000128, -0.09150451750199002643 ) ) ;
#1419 = CARTESIAN_POINT ( 'NONE',  ( 8.880982765227999565, -3.259763873805999967, -1.643473257456000036 ) ) ;
#1420 = CARTESIAN_POINT ( 'NONE',  ( -8.290392581342000966, -1.693938377007000229, -0.1029311758060000165 ) ) ;
#1421 = STYLED_ITEM ( 'NONE', ( #3132 ), #1336 ) ;
#1422 = CARTESIAN_POINT ( 'NONE',  ( -8.615182221198999457, -2.565117441422999800, -0.9425066465640000724 ) ) ;
#1423 = CARTESIAN_POINT ( 'NONE',  ( 8.475625433208000103, 1.281080742704000075, -0.6061196177790000306 ) ) ;
#1424 = CARTESIAN_POINT ( 'NONE',  ( 10.72390074216512268, -4.069725427830785947, -7.500005903517475758 ) ) ;
#1425 = FACE_BOUND ( 'NONE', #97, .T. ) ;
#1426 = B_SPLINE_CURVE_WITH_KNOTS ( 'NONE', 3,
 ( #922, #431, #2904, #3209, #2624, #2360, #3447, #1567, #682, #1265, #2605, #993, #2639, #3244, #1250, #2392, #1814, #107, #2377, #3497, #2135, #2726, #1646, #2976, #1900, #451, #730, #2205, #3279, #3532, #3600, #2708, #2687, #3577, #3561, #1586, #1933, #489, #1362, #3547, #745, #1083, #209, #1013, #2455, #1304, #2428, #511, #1338, #178, #1048, #2995, #473, #1867, #1031, #3028, #2152, #2167, #3262, #799, #1069, #3299, #1626, #1317, #2472, #2187, #2748, #2442, #1606, #3315, #162, #3327, #3050, #531, #1883, #764 ),
 .UNSPECIFIED., .F., .F.,
 ( 4, 2, 1, 1, 1, 2, 2, 2, 2, 2, 1, 1, 1, 1, 2, 2, 2, 2, 1, 1, 2, 2, 2, 2, 1, 1, 2, 2, 2, 1, 2, 2, 2, 1, 1, 1, 1, 2, 2, 2, 2, 1, 1, 1, 1, 2, 2, 4 ),
 ( 0.0000000000000000000, 0.03124999999999809180, 0.04687499999999714118, 0.05468749999999665545, 0.05859374999999650280, 0.06054687499999642647, 0.06249999999999635014, 0.09374999999999587830, 0.1249999999999954203, 0.1562499999999949207, 0.1718749999999946709, 0.1796874999999945599, 0.1835937499999944766, 0.1855468749999944489, 0.1865234374999944211, 0.1874999999999943656, 0.2187499999999910905, 0.2343749999999893974, 0.2421874999999885092, 0.2460937499999881206, 0.2480468749999878986, 0.2499999999999876765, 0.2812499999999845124, 0.2968749999999828471, 0.3046874999999820699, 0.3085937499999816258, 0.3105468749999814038, 0.3124999999999812372, 0.3437499999999797939, 0.3593749999999791278, 0.3671874999999787392, 0.3749999999999783507, 0.4374999999999754641, 0.4687499999999739098, 0.4843749999999731881, 0.4921874999999729106, 0.4960937499999726885, 0.4980468749999726885, 0.4999999999999726885, 0.6249999999999822364, 0.6874999999999870104, 0.7187499999999893419, 0.7343749999999903411, 0.7421874999999907851, 0.7460937499999910072, 0.7480468749999911182, 0.7499999999999911182, 1.000000000000000000 ),
 .UNSPECIFIED. ) ;
#1427 = PRESENTATION_LAYER_ASSIGNMENT (  '', '', ( #3363 ) ) ;
#1428 = SURFACE_SIDE_STYLE ('',( #301 ) ) ;
#1429 = CARTESIAN_POINT ( 'NONE',  ( -8.313570535752001334, -1.787626732352999959, -0.1718898774510000393 ) ) ;
#1430 = CARTESIAN_POINT ( 'NONE',  ( -8.406213722704000801, 1.379357102875000018, -0.4224003396809999922 ) ) ;
#1431 = CARTESIAN_POINT ( 'NONE',  ( -8.509496897224000378, 1.087981510191000201, -0.5751601499830001352 ) ) ;
#1432 = CARTESIAN_POINT ( 'NONE',  ( -8.800326949630999707, 0.4873069325070000790, -1.210417651835999919 ) ) ;
#1433 = CARTESIAN_POINT ( 'NONE',  ( 8.276213309911753413, -1.668735048399215826, -0.07086336612657810619 ) ) ;
#1434 = LINE ( 'NONE', #46, #1837 ) ;
#1435 = ORIENTED_EDGE ( 'NONE', *, *, #457, .F. ) ;
#1436 = CARTESIAN_POINT ( 'NONE',  ( 11.95061406732700071, -4.601313004539999696, -8.528622181540999492 ) ) ;
#1437 = CARTESIAN_POINT ( 'NONE',  ( -8.264744393283001145, -1.643986164171999942, -0.04461929801186000771 ) ) ;
#1438 = CARTESIAN_POINT ( 'NONE',  ( 8.932483823294997904, -3.025351206348999344, -1.570816803306999798 ) ) ;
#1439 = EDGE_CURVE ( 'NONE', #1022, #1511, #3437, .T. ) ;
#1440 = CARTESIAN_POINT ( 'NONE',  ( 8.099999999999996092, 16.19999999999999929, 24.00000000000000000 ) ) ;
#1441 = CARTESIAN_POINT ( 'NONE',  ( -9.265749733242001795, -4.385284441471000605, -2.812644746472000357 ) ) ;
#1442 = CARTESIAN_POINT ( 'NONE',  ( 8.533424909993000185, 1.194614669406000029, -0.7709983430969999940 ) ) ;
#1443 = CARTESIAN_POINT ( 'NONE',  ( 11.16383101067481576, -4.500846448868260019, -7.500089100528420261 ) ) ;
#1444 =( NAMED_UNIT ( * ) SI_UNIT ( $, .STERADIAN. ) SOLID_ANGLE_UNIT ( ) );
#1445 = CARTESIAN_POINT ( 'NONE',  ( -8.395145819026001988, -1.994076828085000308, -0.3755079025120000025 ) ) ;
#1446 = CARTESIAN_POINT ( 'NONE',  ( -11.97415312307000157, -4.722191790884999740, -8.689279407462999316 ) ) ;
#1447 = CARTESIAN_POINT ( 'NONE',  ( 11.51929999999999943, -6.132740000000000080, -7.500000000000000000 ) ) ;
#1448 = PRODUCT_DEFINITION_CONTEXT ( 'detailed design', #2587, 'design' ) ;
#1449 = CARTESIAN_POINT ( 'NONE',  ( -11.44858595099779031, -7.703326015275616889, -7.499934145029163446 ) ) ;
#1450 = CARTESIAN_POINT ( 'NONE',  ( -9.389856858958999908, -0.8210238535649999614, -2.525558248095999492 ) ) ;
#1451 = CARTESIAN_POINT ( 'NONE',  ( -8.890662978288002449, 0.2941684538350000100, -1.409145569596000014 ) ) ;
#1452 = SURFACE_STYLE_USAGE ( .BOTH. , #2449 ) ;
#1453 = CARTESIAN_POINT ( 'NONE',  ( 11.62025314420800015, -5.789095113493999634, -7.741973404600999586 ) ) ;
#1454 = ORIENTED_EDGE ( 'NONE', *, *, #2528, .T. ) ;
#1455 = CARTESIAN_POINT ( 'NONE',  ( 10.45496937313200014, -1.987293993955000282, -5.046364742807999626 ) ) ;
#1456 = CARTESIAN_POINT ( 'NONE',  ( 8.857862608924001790, -3.196784657148000974, -1.579328751313000101 ) ) ;
#1457 = CARTESIAN_POINT ( 'NONE',  ( -10.62620963677000141, -6.583563857052001644, -5.499603196449999842 ) ) ;
#1458 = CARTESIAN_POINT ( 'NONE',  ( 8.400000000000000355, 2.057406622567553171E-15, 23.87573593128806593 ) ) ;
#1459 = CARTESIAN_POINT ( 'NONE',  ( -8.395145819026000211, -1.994076828085000086, -0.3755079025120000025 ) ) ;
#1460 = CARTESIAN_POINT ( 'NONE',  ( 8.863764235224000032, 0.5688787806220000354, -2.005949196203999918 ) ) ;
#1461 = PRESENTATION_LAYER_ASSIGNMENT (  '', '', ( #1759 ) ) ;
#1462 = ADVANCED_FACE ( 'NONE', ( #2710 ), #1882, .T. ) ;
#1463 = CARTESIAN_POINT ( 'NONE',  ( -8.904103381511275117, 0.4132267675300820842, -2.283790670314998827 ) ) ;
#1464 = CARTESIAN_POINT ( 'NONE',  ( -8.376422666932000993, -1.946441643563000090, -0.3284686920539999777 ) ) ;
#1465 = CARTESIAN_POINT ( 'NONE',  ( -8.360752944188000413, 1.445471125307000060, -0.3008466269089999923 ) ) ;
#1466 = SURFACE_STYLE_USAGE ( .BOTH. , #617 ) ;
#1467 =( BOUNDED_CURVE ( )  B_SPLINE_CURVE ( 14, ( #2814, #1682, #3148, #631, #3072, #2490, #3619, #1101, #2510, #3089, #2226, #3347, #251, #818, #551, #3239, #3460, #2070, #3187, #3597, #2148, #3543, #2403, #1580, #2451, #2683, #1602, #1564, #1354, #1621, #2439, #2704, #2163, #742, #779, #1332, #2183, #1878, #3274, #484, #2665, #175, #504, #1314, #3572, #2971, #3558, #3311, #446, #1063, #1043, #3294, #1897, #1281, #155, #1913, #757, #3008, #3024, #3526, #1078, #1641, #2742, #205, #2957, #2468, #2200, #711, #1851, #428, #1009, #2132, #3258, #1863, #1968, #2005, #1456, #1419, #854, #3367, #2258, #2809, #1929, #1718, #2845, #585, #247, #226, #2545, #526, #12, #3085, #311, #1739, #1172, #1662, #3045, #2830, #1153, #1097, #3401, #2564, #567, #2277, #3325, #3125 ),
 .UNSPECIFIED., .F., .F. ) 
 B_SPLINE_CURVE_WITH_KNOTS ( ( 15, 13, 13, 13, 13, 13, 13, 13, 15 ),
 ( 0.0000000000000000000, 0.007812500000000272352, 0.01562499999997739482, 0.03124999999995478964, 0.06250000000000602296, 0.1250000000000120459, 0.2500000000000240918, 0.5000000000000481837, 1.000000000000000000 ),
 .UNSPECIFIED. ) 
 CURVE ( )  GEOMETRIC_REPRESENTATION_ITEM ( )  RATIONAL_B_SPLINE_CURVE ( ( 1.000000000000000000, 1.000000000000000000, 1.000000000001000089, 0.9999999999959999775, 1.000000000008999912, 0.9999999999859999766, 1.000000000018999913, 0.9999999999799999983, 1.000000000016999957, 0.9999999999880000434, 1.000000000006999956, 0.9999999999969999553, 1.000000000001000089, 1.000000000000000000, 1.000000000000000000, 0.9999999999990000221, 1.000000000003000045, 0.9999999999940000217, 1.000000000010000001, 0.9999999999869999545, 1.000000000015000001, 0.9999999999859999766, 1.000000000011000090, 0.9999999999930000438, 1.000000000003000045, 0.9999999999990000221, 1.000000000000000000, 1.000000000000000000, 1.000000000000000000, 1.000000000000000000, 0.9999999999980000442, 1.000000000003000045, 0.9999999999940000217, 1.000000000006999956, 0.9999999999930000438, 1.000000000006000089, 0.9999999999959999775, 1.000000000001999956, 0.9999999999990000221, 1.000000000000000000, 1.000000000000000000, 1.000000000000000000, 0.9999999999990000221, 1.000000000001000089, 1.000000000000000000, 0.9999999999990000221, 1.000000000001999956, 0.9999999999969999553, 1.000000000003000045, 0.9999999999980000442, 1.000000000001000089, 1.000000000000000000, 1.000000000000000000, 1.000000000000000000, 1.000000000000000000, 0.9999999999990000221, 1.000000000001999956, 0.9999999999980000442, 1.000000000001000089, 1.000000000000000000, 0.9999999999990000221, 1.000000000001000089, 0.9999999999990000221, 1.000000000001000089, 1.000000000000000000, 1.000000000000000000, 1.000000000000000000, 1.000000000001000089, 0.9999999999990000221, 1.000000000003000045, 0.9999999999959999775, 1.000000000005000000, 0.9999999999949999996, 1.000000000003999912, 0.9999999999969999553, 1.000000000001999956, 0.9999999999990000221, 1.000000000000000000, 1.000000000000000000, 1.000000000000000000, 1.000000000000000000, 1.000000000001000089, 0.9999999999980000442, 1.000000000003999912, 0.9999999999940000217, 1.000000000006999956, 0.9999999999930000438, 1.000000000005000000, 0.9999999999969999553, 1.000000000001999956, 0.9999999999990000221, 1.000000000000000000, 1.000000000000000000, 1.000000000000000000, 1.000000000000000000, 1.000000000000000000, 1.000000000000000000, 0.9999999999980000442, 1.000000000003999912, 0.9999999999959999775, 1.000000000003999912, 0.9999999999969999553, 1.000000000001000089, 0.9999999999990000221, 1.000000000000000000, 1.000000000000000000 ) ) 
 REPRESENTATION_ITEM ( '' )  );
#1468 = ORIENTED_EDGE ( 'NONE', *, *, #1052, .T. ) ;
#1469 = CARTESIAN_POINT ( 'NONE',  ( -9.845758418799999134, -1.874611087087999950, -3.579383952391999912 ) ) ;
#1470 = CARTESIAN_POINT ( 'NONE',  ( 11.06091696398999957, -4.574838022337999632, -6.402585065361999561 ) ) ;
#1471 = UNCERTAINTY_MEASURE_WITH_UNIT (LENGTH_MEASURE( 1.000000000000000082E-05 ), #145, 'distance_accuracy_value', 'NONE');
#1472 = EDGE_LOOP ( 'NONE', ( #1543, #3491, #1454 ) ) ;
#1473 = CARTESIAN_POINT ( 'NONE',  ( 11.70444225358800061, -4.167738476609000209, -7.948879186587000767 ) ) ;
#1474 = CARTESIAN_POINT ( 'NONE',  ( 10.92777735892788371, -8.350233715021712300, -7.499901720594349896 ) ) ;
#1475 = CARTESIAN_POINT ( 'NONE',  ( 9.564184474834000582, -4.324284162148999577, -3.009694365791999893 ) ) ;
#1476 = CARTESIAN_POINT ( 'NONE',  ( -8.357635877311999195, -1.898801495819999907, -0.2814614276299999829 ) ) ;
#1477 = CIRCLE ( 'NONE', #2635, 4.250000000000000000 ) ;
#1478 = CARTESIAN_POINT ( 'NONE',  ( 8.323847638188000886, 1.478269991200999778, -0.1832042211029999978 ) ) ;
#1479 = CARTESIAN_POINT ( 'NONE',  ( 11.05621478767832855, -4.358081519928171055, -7.499999523694604875 ) ) ;
#1480 = PRESENTATION_LAYER_ASSIGNMENT (  '', '', ( #3576 ) ) ;
#1481 = PRESENTATION_LAYER_ASSIGNMENT (  '', '', ( #2757 ) ) ;
#1482 = SURFACE_STYLE_FILL_AREA ( #339 ) ;
#1483 = EDGE_CURVE ( 'NONE', #383, #583, #3329, .T. ) ;
#1484 = CARTESIAN_POINT ( 'NONE',  ( -8.861992710829902364, 0.5417779471206969344, -2.051862623390588336 ) ) ;
#1485 = CARTESIAN_POINT ( 'NONE',  ( -8.351359545815000729, -1.882920474168999991, -0.2657992890890000792 ) ) ;
#1486 = CARTESIAN_POINT ( 'NONE',  ( -9.994119338450000001, -3.526904587121999946, -7.108330994302000327 ) ) ;
#1487 = PRESENTATION_STYLE_ASSIGNMENT (( #2592 ) ) ;
#1488 = MECHANICAL_DESIGN_GEOMETRIC_PRESENTATION_REPRESENTATION (  '', ( #2643 ), #1187 ) ;
#1489 = CARTESIAN_POINT ( 'NONE',  ( -10.61990489699620355, -3.899999999999805844, -24.75991683696645396 ) ) ;
#1490 = CARTESIAN_POINT ( 'NONE',  ( -10.57756875555000065, -3.558461680309000119, -5.316432540212000291 ) ) ;
#1491 = ORIENTED_EDGE ( 'NONE', *, *, #3145, .F. ) ;
#1492 = CARTESIAN_POINT ( 'NONE',  ( 8.546867716483999899, -2.374657538007000301, -0.7530732514489999474 ) ) ;
#1493 = CARTESIAN_POINT ( 'NONE',  ( -8.360312938137999694, -1.815440058529000256, -0.2574340277180000025 ) ) ;
#1494 = CARTESIAN_POINT ( 'NONE',  ( -10.50000000000000000, -7.400000000000003908, -7.500000000000000000 ) ) ;
#1495 = CARTESIAN_POINT ( 'NONE',  ( 8.731529175261000475, -2.613030527945999992, -1.112936091070000133 ) ) ;
#1496 = CARTESIAN_POINT ( 'NONE',  ( -8.662948593999999503, -2.691816981265000130, -1.069173398688000098 ) ) ;
#1497 = CARTESIAN_POINT ( 'NONE',  ( 10.55930504400200221, -4.996272369361999921, -8.729800216166999860 ) ) ;
#1498 = CARTESIAN_POINT ( 'NONE',  ( 11.13052630642937757, -4.455611015157475485, -7.500001557542854691 ) ) ;
#1499 = CARTESIAN_POINT ( 'NONE',  ( 11.51929999999999943, -5.007740000000000080, -7.500000000000000000 ) ) ;
#1500 = CARTESIAN_POINT ( 'NONE',  ( 8.284988549043999839, -1.683816894888999993, -0.09000725163518000227 ) ) ;
#1501 = DIRECTION ( 'NONE',  ( 0.0000000000000000000, -2.040851148208008245E-16, 1.000000000000000000 ) ) ;
#1502 = CARTESIAN_POINT ( 'NONE',  ( -9.343736102663553922, -1.352521931710159331, -4.678776464637901533 ) ) ;
#1503 = CARTESIAN_POINT ( 'NONE',  ( -8.245220032041000735, -1.616995805356999938, -0.003820382151157999517 ) ) ;
#1504 = CARTESIAN_POINT ( 'NONE',  ( -9.157863464736999859, -0.6136800494590000099, -3.788923528069000124 ) ) ;
#1505 = FACE_OUTER_BOUND ( 'NONE', #2803, .T. ) ;
#1506 = CARTESIAN_POINT ( 'NONE',  ( 11.49999999999846523, -7.399999999999998579, -23.99999999999525713 ) ) ;
#1507 = SURFACE_STYLE_USAGE ( .BOTH. , #365 ) ;
#1508 = CARTESIAN_POINT ( 'NONE',  ( -8.330243189162999329, 1.444630826539000212, -0.1869857437000000122 ) ) ;
#1509 = CARTESIAN_POINT ( 'NONE',  ( -8.291035762173999402, 1.519680175120999843, -0.1008881712069999992 ) ) ;
#1510 = EDGE_CURVE ( 'NONE', #795, #1750, #2491, .T. ) ;
#1511 = VERTEX_POINT ( 'NONE', #1773 ) ;
#1512 = CARTESIAN_POINT ( 'NONE',  ( 8.740526849649999264, -2.881227557594999933, -1.259960630284000072 ) ) ;
#1513 = CARTESIAN_POINT ( 'NONE',  ( -8.738601570318000000, -2.475711745107000095, -1.100764252023000100 ) ) ;
#1514 = CARTESIAN_POINT ( 'NONE',  ( -8.592282598668388616, -2.219698553546676667, -0.7729496866897143104 ) ) ;
#1515 = CARTESIAN_POINT ( 'NONE',  ( 8.246888688374001575, -1.627616972407000207, -0.009899524348321000339 ) ) ;
#1516 = CARTESIAN_POINT ( 'NONE',  ( 8.646225606479999826, 0.9571382686130001094, -0.9281101055709999326 ) ) ;
#1517 = CARTESIAN_POINT ( 'NONE',  ( 8.588287819345000074, -2.206521617316000050, -0.7556602309859999922 ) ) ;
#1518 = CARTESIAN_POINT ( 'NONE',  ( 4.871484326707999912, -7.779158573562000356, 0.0000000000000000000 ) ) ;
#1519 = CARTESIAN_POINT ( 'NONE',  ( -9.095715563780743196, -0.3480641382504239267, -3.437837265631654482 ) ) ;
#1520 = CARTESIAN_POINT ( 'NONE',  ( -11.24509932050403016, -4.687499842479056156, -7.499999993333068993 ) ) ;
#1521 = STYLED_ITEM ( 'NONE', ( #2484 ), #3165 ) ;
#1522 = CARTESIAN_POINT ( 'NONE',  ( -9.279461250606001244, -1.105082217070000095, -4.387671499884000070 ) ) ;
#1523 =( LENGTH_UNIT ( ) NAMED_UNIT ( * ) SI_UNIT ( .MILLI., .METRE. ) );
#1524 = ORIENTED_EDGE ( 'NONE', *, *, #2243, .T. ) ;
#1525 = CARTESIAN_POINT ( 'NONE',  ( -10.73743202839209943, -3.921237602745643702, -24.66444943749876728 ) ) ;
#1526 = ORIENTED_EDGE ( 'NONE', *, *, #712, .T. ) ;
#1527 = CARTESIAN_POINT ( 'NONE',  ( 8.324080679235999369, -1.811378661007000179, -0.1953915790100000105 ) ) ;
#1528 = CARTESIAN_POINT ( 'NONE',  ( -8.615502723954000075, -2.260338824338000041, -0.8250041355310000490 ) ) ;
#1529 = PRODUCT_DEFINITION ( 'UNKNOWN', '', #980, #3355 ) ;
#1530 = CARTESIAN_POINT ( 'NONE',  ( -8.099999999999999645, 0.0000000000000000000, 24.00000000000000000 ) ) ;
#1531 = CARTESIAN_POINT ( 'NONE',  ( 10.59057315952900069, -5.079430584126000348, -8.821966533949000322 ) ) ;
#1532 = SURFACE_SIDE_STYLE ('',( #1853 ) ) ;
#1533 = CARTESIAN_POINT ( 'NONE',  ( 11.16378190783300006, -6.763687708844999591, -6.659971729250999672 ) ) ;
#1534 = DIRECTION ( 'NONE',  ( 0.0000000000000000000, -2.040851148208008245E-16, 1.000000000000000000 ) ) ;
#1535 = CARTESIAN_POINT ( 'NONE',  ( -9.757469935201095623, -2.787442575387535371, -6.294385208185083513 ) ) ;
#1536 = CARTESIAN_POINT ( 'NONE',  ( -10.59006125164433243, -4.009787198630639260, -7.500090828544546007 ) ) ;
#1537 = CARTESIAN_POINT ( 'NONE',  ( -10.49796521150999951, -4.936005624906999678, -8.663831339206000237 ) ) ;
#1538 = CARTESIAN_POINT ( 'NONE',  ( 8.426076763437002626, 1.258994651614000038, -0.3897806771760000122 ) ) ;
#1539 = OPEN_SHELL ( 'NONE', ( #3049, #2151, #1977, #1389, #1462, #2477, #792, #560, #2239 ) ) ;
#1540 = PRESENTATION_LAYER_ASSIGNMENT (  '', '', ( #2938 ) ) ;
#1541 = VECTOR ( 'NONE', #3550, 1000.000000000000000 ) ;
#1542 = AXIS2_PLACEMENT_3D ( 'NONE', #2751, #773, #3590 ) ;
#1543 = ORIENTED_EDGE ( 'NONE', *, *, #2548, .T. ) ;
#1544 = CARTESIAN_POINT ( 'NONE',  ( 8.447490248473000563, -2.120897127787999992, -0.5011714681929999582 ) ) ;
#1545 = CARTESIAN_POINT ( 'NONE',  ( -9.227212747192000464, -3.335144866220999926, -2.207296135317999841 ) ) ;
#1546 = CARTESIAN_POINT ( 'NONE',  ( -11.23063330352218614, -6.946911437402986778, -6.901070919510979174 ) ) ;
#1547 = CARTESIAN_POINT ( 'NONE',  ( -8.273820170906999394, -1.675364399156999973, -0.06961421066254000478 ) ) ;
#1548 = CARTESIAN_POINT ( 'NONE',  ( 11.66307282599800033, -7.681689690070999887, -7.840360935362999939 ) ) ;
#1549 = CARTESIAN_POINT ( 'NONE',  ( 8.400000000000000355, -0.3245952928640000179, 0.0000000000000000000 ) ) ;
#1550 = CARTESIAN_POINT ( 'NONE',  ( -8.751661571838074138, 0.8079225628836661510, -1.537064597065844529 ) ) ;
#1551 = DIRECTION ( 'NONE',  ( -1.000000000000000000, 0.0000000000000000000, 0.0000000000000000000 ) ) ;
#1552 = CARTESIAN_POINT ( 'NONE',  ( -9.247875847246001868, -0.9807363195129999989, -4.239592090542999792 ) ) ;
#1553 = CARTESIAN_POINT ( 'NONE',  ( 8.315415512994999148, 1.479490078695000044, -0.1560889297070000292 ) ) ;
#1554 = CARTESIAN_POINT ( 'NONE',  ( 8.261134716165999592, -1.657127568506000070, -0.04258504407277000081 ) ) ;
#1555 = CARTESIAN_POINT ( 'NONE',  ( 11.46355034318846045, -7.702649284984296685, -24.03385634574359031 ) ) ;
#1556 = CARTESIAN_POINT ( 'NONE',  ( -11.06698757392088694, -4.066430103209552449, -24.38724094783571772 ) ) ;
#1557 = CARTESIAN_POINT ( 'NONE',  ( -9.504724820571000876, -1.085290309436999889, -2.787992204396999796 ) ) ;
#1558 = VERTEX_POINT ( 'NONE', #571 ) ;
#1559 = CARTESIAN_POINT ( 'NONE',  ( 8.668724188475001924, -2.691451602173000612, -1.069350424508000330 ) ) ;
#1560 = CARTESIAN_POINT ( 'NONE',  ( -8.406849054899000251, -1.896402313317000043, -0.3605044407549999885 ) ) ;
#1561 = FACE_OUTER_BOUND ( 'NONE', #911, .T. ) ;
#1562 = CARTESIAN_POINT ( 'NONE',  ( 11.44613689553372993, -7.842196853584210814, -7.499950048658503121 ) ) ;
#1563 = CARTESIAN_POINT ( 'NONE',  ( 11.63864817154500209, -8.644463841657000103, -7.763838792213999973 ) ) ;
#1564 = CARTESIAN_POINT ( 'NONE',  ( 8.292045739395000226, -1.731989876812999984, -0.1171800820120000031 ) ) ;
#1565 = CARTESIAN_POINT ( 'NONE',  ( -8.265008200538000338, -1.656910296557999818, -0.04919252693343999921 ) ) ;
#1566 = CARTESIAN_POINT ( 'NONE',  ( 9.022422229322001996, -2.959641344609000413, -1.721514232004000222 ) ) ;
#1567 = CARTESIAN_POINT ( 'NONE',  ( 8.428146553723227186, 1.350617483959894338, -0.4756821243121596154 ) ) ;
#1568 = CARTESIAN_POINT ( 'NONE',  ( -8.535402809040530059, 1.185809030385829743, -0.7879229667386040692 ) ) ;
#1569 = CARTESIAN_POINT ( 'NONE',  ( -11.50000000000000000, -3.899999999999999911, -24.00000000000000000 ) ) ;
#1570 = CARTESIAN_POINT ( 'NONE',  ( 4.871484326709000001, 7.779158573560000178, 0.0000000000000000000 ) ) ;
#1571 = ORIENTED_EDGE ( 'NONE', *, *, #1162, .F. ) ;
#1572 = FILL_AREA_STYLE_COLOUR ( '', #466 ) ;
#1573 = CARTESIAN_POINT ( 'NONE',  ( -8.545590814802000779, 1.112698821139000094, -0.7042511869190001272 ) ) ;
#1574 = ORIENTED_EDGE ( 'NONE', *, *, #3171, .F. ) ;
#1575 = FILL_AREA_STYLE ('',( #498 ) ) ;
#1576 = CARTESIAN_POINT ( 'NONE',  ( -11.65309047446999990, -7.735285381457000398, -7.913210643866000815 ) ) ;
#1577 = DIRECTION ( 'NONE',  ( 0.0000000000000000000, 0.0000000000000000000, 1.000000000000000000 ) ) ;
#1578 = CARTESIAN_POINT ( 'NONE',  ( 11.46688010908211375, -7.781169333373339825, -7.499997024595425721 ) ) ;
#1579 = CARTESIAN_POINT ( 'NONE',  ( 8.246616122650999969, -1.654892109876999973, -0.01817130185587999963 ) ) ;
#1580 = CARTESIAN_POINT ( 'NONE',  ( 8.282404505580000631, -1.708172098587000143, -0.09373109534611999416 ) ) ;
#1581 = CARTESIAN_POINT ( 'NONE',  ( -10.74243426732999929, -8.605134939112000225, -7.779606387609000251 ) ) ;
#1582 = SHAPE_REPRESENTATION_RELATIONSHIP ( 'NONE' , 'NONE' ,  #2553, #299 ) ;
#1583 = CARTESIAN_POINT ( 'NONE',  ( 8.991571860491999857, -2.905935076233999936, -1.652375685580000031 ) ) ;
#1584 = PRODUCT ( 'Fillet002', 'Fillet002', '', ( #1334 ) ) ;
#1585 = ORIENTED_EDGE ( 'NONE', *, *, #106, .T. ) ;
#1586 = CARTESIAN_POINT ( 'NONE',  ( 8.907273611457506846, 0.4391544986289122043, -2.241476989137897835 ) ) ;
#1587 = CARTESIAN_POINT ( 'NONE',  ( -8.784112571640804390, 0.7384322048959942597, -1.675420258704977572 ) ) ;
#1588 = CARTESIAN_POINT ( 'NONE',  ( -11.08243361386695192, -4.438890699006832641, -7.500002736220552357 ) ) ;
#1589 = CARTESIAN_POINT ( 'NONE',  ( 8.385454770945999670, 1.412296457634000246, -0.3614289683680000920 ) ) ;
#1590 = CARTESIAN_POINT ( 'NONE',  ( 8.299643458483002334, 1.516976745046999975, -0.1270755861310000068 ) ) ;
#1591 = CARTESIAN_POINT ( 'NONE',  ( -8.400000000000000355, 1.028703311283776783E-15, 0.0000000000000000000 ) ) ;
#1592 = FILL_AREA_STYLE ('',( #1572 ) ) ;
#1593 = CARTESIAN_POINT ( 'NONE',  ( -8.346730350025000078, 1.440731457240000069, -0.2402223169359999633 ) ) ;
#1594 = CIRCLE ( 'NONE', #2878, 6.999999999948158802 ) ;
#1595 = EDGE_LOOP ( 'NONE', ( #143, #10, #3381, #1791 ) ) ;
#1596 =( GEOMETRIC_REPRESENTATION_CONTEXT ( 3 ) GLOBAL_UNCERTAINTY_ASSIGNED_CONTEXT ( ( #2561 ) ) GLOBAL_UNIT_ASSIGNED_CONTEXT ( ( #165, #454, #146 ) ) REPRESENTATION_CONTEXT ( 'NONE', 'WORKASPACE' ) );
#1597 =( NAMED_UNIT ( * ) PLANE_ANGLE_UNIT ( ) SI_UNIT ( $, .RADIAN. ) );
#1598 = CARTESIAN_POINT ( 'NONE',  ( -8.330243189162999329, 1.444630826538999990, -0.1869857437000000122 ) ) ;
#1599 = FACE_OUTER_BOUND ( 'NONE', #2289, .T. ) ;
#1600 = AXIS2_PLACEMENT_3D ( 'NONE', #1569, #1551, #1803 ) ;
#1601 = CARTESIAN_POINT ( 'NONE',  ( 8.315415512994999148, 1.479490078695000266, -0.1560889297070000292 ) ) ;
#1602 = CARTESIAN_POINT ( 'NONE',  ( 8.287226398545000094, -1.720081028160999947, -0.1054549948670000098 ) ) ;
#1603 = CARTESIAN_POINT ( 'NONE',  ( -9.662124295030999122, -4.560727408574998698, -3.271113188895999446 ) ) ;
#1604 = CARTESIAN_POINT ( 'NONE',  ( 0.0000000000000000000, 0.0000000000000000000, 0.0000000000000000000 ) ) ;
#1605 = CARTESIAN_POINT ( 'NONE',  ( 8.603873225092000254, -2.233463455083999794, -0.7900794600210001573 ) ) ;
#1606 = CARTESIAN_POINT ( 'NONE',  ( 9.620231569357342138, -2.254439090575783844, -5.704655937200699967 ) ) ;
#1607 = CARTESIAN_POINT ( 'NONE',  ( -8.260905271822002405, -1.657145811350000386, -0.04257425020567000284 ) ) ;
#1608 = CARTESIAN_POINT ( 'NONE',  ( -8.386856310224574784, 1.408053881731465617, -0.3686348174248593179 ) ) ;
#1609 =( LENGTH_UNIT ( ) NAMED_UNIT ( * ) SI_UNIT ( .MILLI., .METRE. ) );
#1610 = CARTESIAN_POINT ( 'NONE',  ( 8.637167155519998474, 0.8370245087720000754, -0.8438853935079999591 ) ) ;
#1611 = CARTESIAN_POINT ( 'NONE',  ( 9.024259482822207801, -2.962866578979869825, -1.725702640775884866 ) ) ;
#1612 = FACE_OUTER_BOUND ( 'NONE', #1206, .T. ) ;
#1613 = PRESENTATION_STYLE_ASSIGNMENT (( #436 ) ) ;
#1614 = CARTESIAN_POINT ( 'NONE',  ( -9.472034211087999367, -4.999156777078000324, -3.477740715692000162 ) ) ;
#1615 = CARTESIAN_POINT ( 'NONE',  ( -9.979041672352000347, -1.212126886427999928, -4.010524985328999925 ) ) ;
#1616 = CARTESIAN_POINT ( 'NONE',  ( 10.02081187961900000, -6.554018217458000173, -5.250976322048000355 ) ) ;
#1617 = FILL_AREA_STYLE_COLOUR ( '', #2127 ) ;
#1618 = EDGE_CURVE ( 'NONE', #2295, #1946, #644, .T. ) ;
#1619 = LINE ( 'NONE', #2986, #2858 ) ;
#1620 = CARTESIAN_POINT ( 'NONE',  ( 8.323244909915000989, 1.457828885634000038, -0.1684822678439999999 ) ) ;
#1621 = CARTESIAN_POINT ( 'NONE',  ( 8.298466417946999130, -1.747868174067000124, -0.1328159142939999982 ) ) ;
#1622 = CARTESIAN_POINT ( 'NONE',  ( -8.413831767175999232, -1.965733896376000045, -0.3930329983329999832 ) ) ;
#1623 = SURFACE_STYLE_FILL_AREA ( #2507 ) ;
#1624 =( NAMED_UNIT ( * ) PLANE_ANGLE_UNIT ( ) SI_UNIT ( $, .RADIAN. ) );
#1625 = CARTESIAN_POINT ( 'NONE',  ( 8.304645047329000107, -1.737817973387000059, -0.1391896124660000067 ) ) ;
#1626 = CARTESIAN_POINT ( 'NONE',  ( 9.328330766838917043, -1.222374128734025289, -4.531085115569668531 ) ) ;
#1627 = CARTESIAN_POINT ( 'NONE',  ( -8.748858001009313767, 0.8136840921065475740, -1.525559712390402778 ) ) ;
#1628 = SURFACE_STYLE_FILL_AREA ( #514 ) ;
#1629 = CARTESIAN_POINT ( 'NONE',  ( 9.402995792316001911, -0.8218187319670001711, -2.525769955250000809 ) ) ;
#1630 = PLANE ( 'NONE',  #1638 ) ;
#1631 = CARTESIAN_POINT ( 'NONE',  ( 0.0000000000000000000, 0.0000000000000000000, 0.0000000000000000000 ) ) ;
#1632 = CARTESIAN_POINT ( 'NONE',  ( 0.0000000000000000000, 0.0000000000000000000, 24.00000000000090949 ) ) ;
#1633 = CARTESIAN_POINT ( 'NONE',  ( -8.947767132853002181, 0.4712908804700000620, -1.642889511464000529 ) ) ;
#1634 = UNCERTAINTY_MEASURE_WITH_UNIT (LENGTH_MEASURE( 1.000000000000000082E-05 ), #3131, 'distance_accuracy_value', 'NONE');
#1635 = CARTESIAN_POINT ( 'NONE',  ( 10.35110279487400042, -7.477631462777000415, -6.370468570711000034 ) ) ;
#1636 = CARTESIAN_POINT ( 'NONE',  ( -11.02795071108011449, -4.571151472625261114, -6.402608175172282756 ) ) ;
#1637 = CARTESIAN_POINT ( 'NONE',  ( -8.314605629974000323, 1.479414335810999903, -0.1560160071380000124 ) ) ;
#1638 = AXIS2_PLACEMENT_3D ( 'NONE', #649, #2037, #920 ) ;
#1639 = PLANE ( 'NONE',  #985 ) ;
#1640 = CARTESIAN_POINT ( 'NONE',  ( 8.433953002979999169, 1.243497384148000373, -0.4066701837560000032 ) ) ;
#1641 = CARTESIAN_POINT ( 'NONE',  ( 8.534546860748999819, -2.342952555321999863, -0.7215276723069999898 ) ) ;
#1642 = CARTESIAN_POINT ( 'NONE',  ( -8.307488965237999068, -1.745187692217000208, -0.1474107766910000006 ) ) ;
#1643 = DIRECTION ( 'NONE',  ( 0.0000000000000000000, -1.000000000000000000, -2.220446049250000002E-16 ) ) ;
#1644 = CARTESIAN_POINT ( 'NONE',  ( 8.267000230566001306, -1.660658317720000055, -0.05322256115019000783 ) ) ;
#1645 = EDGE_CURVE ( 'NONE', #111, #1395, #1703, .T. ) ;
#1646 = CARTESIAN_POINT ( 'NONE',  ( 8.752143114303404303, 0.8228108445059048037, -1.508100548048470602 ) ) ;
#1647 = CARTESIAN_POINT ( 'NONE',  ( -8.285078008914000591, -1.716149338889999987, -0.1015292879629999950 ) ) ;
#1648 = CARTESIAN_POINT ( 'NONE',  ( -11.36713379033612092, -4.955156637523675300, -7.499998675041889662 ) ) ;
#1649 = FACE_OUTER_BOUND ( 'NONE', #1472, .T. ) ;
#1650 = CARTESIAN_POINT ( 'NONE',  ( 11.45414398730477146, -5.109183916569131512, -7.499804668925221129 ) ) ;
#1651 =( NAMED_UNIT ( * ) PLANE_ANGLE_UNIT ( ) SI_UNIT ( $, .RADIAN. ) );
#1652 =( NAMED_UNIT ( * ) SI_UNIT ( $, .STERADIAN. ) SOLID_ANGLE_UNIT ( ) );
#1653 = CARTESIAN_POINT ( 'NONE',  ( -9.673970396680999784, -5.605462932181000113, -4.151542988902000353 ) ) ;
#1654 = CARTESIAN_POINT ( 'NONE',  ( -9.403969435322000692, -0.2503082420109999928, -2.695544334176999790 ) ) ;
#1655 = CARTESIAN_POINT ( 'NONE',  ( 9.407944262032000182, -4.754082934511999703, -3.210645745996000056 ) ) ;
#1656 = FILL_AREA_STYLE ('',( #1617 ) ) ;
#1657 = CARTESIAN_POINT ( 'NONE',  ( -8.306576852884999695, 1.482108348314999935, -0.1298519786890000027 ) ) ;
#1658 = SURFACE_STYLE_USAGE ( .BOTH. , #1894 ) ;
#1659 = CARTESIAN_POINT ( 'NONE',  ( 10.71878904790299991, -3.816497871260999819, -5.586799619838999753 ) ) ;
#1660 = MECHANICAL_DESIGN_GEOMETRIC_PRESENTATION_REPRESENTATION (  '', ( #1065 ), #2522 ) ;
#1661 = VERTEX_POINT ( 'NONE', #820 ) ;
#1662 = CARTESIAN_POINT ( 'NONE',  ( 9.858861707072989589, -6.082885856205967556, -4.698252504417962605 ) ) ;
#1663 = CARTESIAN_POINT ( 'NONE',  ( -8.896219168881000172, -2.966678882667999506, -1.505790160149999890 ) ) ;
#1664 = DIRECTION ( 'NONE',  ( 0.0000000000000000000, -2.220446049250000002E-16, 1.000000000000000000 ) ) ;
#1665 = APPLICATION_PROTOCOL_DEFINITION ( 'draft international standard', 'automotive_design', 1998, #324 ) ;
#1666 = CARTESIAN_POINT ( 'NONE',  ( 8.263065277383999430, -1.647195305596999892, -0.04251410260507999805 ) ) ;
#1667 = CARTESIAN_POINT ( 'NONE',  ( -8.243698300824000569, 1.612897493640000013, 0.0000000000000000000 ) ) ;
#1668 = CARTESIAN_POINT ( 'NONE',  ( 8.726321910936999160, 0.8751427196909999928, -1.403209923177999974 ) ) ;
#1669 = EDGE_CURVE ( 'NONE', #3455, #641, #1892, .T. ) ;
#1670 = CARTESIAN_POINT ( 'NONE',  ( 2.319300000000000139, -8.382740000000000080, -7.500000000000000000 ) ) ;
#1671 = CARTESIAN_POINT ( 'NONE',  ( -8.368395451297999443, 1.434414467696000006, -0.3210496273449999771 ) ) ;
#1672 = CARTESIAN_POINT ( 'NONE',  ( 8.310524720745002369, -1.727707242659999975, -0.1457476653950000034 ) ) ;
#1673 = CARTESIAN_POINT ( 'NONE',  ( -10.57756875555011433, -3.558461680309264796, -5.316432540212280067 ) ) ;
#1674 =( NAMED_UNIT ( * ) SI_UNIT ( $, .STERADIAN. ) SOLID_ANGLE_UNIT ( ) );
#1675 = CARTESIAN_POINT ( 'NONE',  ( 9.018614155264000232, 0.03401599212026000518, -1.673137688680000013 ) ) ;
#1676 = ORIENTED_EDGE ( 'NONE', *, *, #1186, .F. ) ;
#1677 = CARTESIAN_POINT ( 'NONE',  ( 8.243698300824000569, 1.612897493640000013, 5.329070518201000674E-15 ) ) ;
#1678 = CARTESIAN_POINT ( 'NONE',  ( -8.484744674524000274, -2.112813745973000312, -0.5567472451630000041 ) ) ;
#1679 =( NAMED_UNIT ( * ) SI_UNIT ( $, .STERADIAN. ) SOLID_ANGLE_UNIT ( ) );
#1680 = ITEM_DEFINED_TRANSFORMATION ( 'NONE', 'NONE', #130,  #688 ) ;
#1681 = CARTESIAN_POINT ( 'NONE',  ( 11.80827410548100076, -7.950054445612000364, -8.184256812273000392 ) ) ;
#1682 = CARTESIAN_POINT ( 'NONE',  ( 8.245240955046000408, -1.616993856759999959, -0.003821816115004999896 ) ) ;
#1683 = CARTESIAN_POINT ( 'NONE',  ( -8.243698300824000569, -1.612897493640000013, -4.440892098500999885E-16 ) ) ;
#1684 = CYLINDRICAL_SURFACE ( 'NONE', #2178, 4.250000000000000000 ) ;
#1685 = CARTESIAN_POINT ( 'NONE',  ( -11.45492054331213261, -5.196987508215546114, -7.500001498033482150 ) ) ;
#1686 = CARTESIAN_POINT ( 'NONE',  ( 10.49676881294599973, -4.829955939833999956, -8.545467580602002400 ) ) ;
#1687 = CARTESIAN_POINT ( 'NONE',  ( 11.42587234895219339, -5.016978359687045419, -7.499969521885574864 ) ) ;
#1688 = CARTESIAN_POINT ( 'NONE',  ( -10.23444561518999940, -7.249015359116000035, -6.089161562190999355 ) ) ;
#1689 = CARTESIAN_POINT ( 'NONE',  ( -10.80627607903000076, -2.649650653123999611, -5.924297306829999776 ) ) ;
#1690 = B_SPLINE_CURVE_WITH_KNOTS ( 'NONE', 3,
 ( #1877, #523, #2146, #3042, #1911, #1943, #3338, #2781, #3272, #1026, #2761, #1372 ),
 .UNSPECIFIED., .F., .F.,
 ( 4, 2, 2, 2, 2, 4 ),
 ( 3.873690347826669447E-16, 0.0004537793468709922905, 0.0006806690203062957731, 0.0009075586937415992556, 0.001361338040612200366, 0.001815117387482801693 ),
 .UNSPECIFIED. ) ;
#1691 = CARTESIAN_POINT ( 'NONE',  ( 8.424231314209999155, -1.923412201191000204, -0.3946359696619999857 ) ) ;
#1692 = ORIENTED_EDGE ( 'NONE', *, *, #3120, .F. ) ;
#1693 = CARTESIAN_POINT ( 'NONE',  ( 8.243698300824000569, -1.612897493639833479, -1.258252789737392716E-15 ) ) ;
#1694 =( NAMED_UNIT ( * ) SI_UNIT ( $, .STERADIAN. ) SOLID_ANGLE_UNIT ( ) );
#1695 = UNCERTAINTY_MEASURE_WITH_UNIT (LENGTH_MEASURE( 1.000000000000000082E-05 ), #1523, 'distance_accuracy_value', 'NONE');
#1696 = CARTESIAN_POINT ( 'NONE',  ( 11.99180037277300137, -4.673853124669999914, -8.625617331830001788 ) ) ;
#1697 = CARTESIAN_POINT ( 'NONE',  ( -8.248165809466001974, -1.618679463899000304, -0.009205721864099000729 ) ) ;
#1698 = CARTESIAN_POINT ( 'NONE',  ( 11.30786013705770188, -8.089810225179350667, -7.499999810105583364 ) ) ;
#1699 = CONTEXT_DEPENDENT_SHAPE_REPRESENTATION ( #1256, #2747 ) ;
#1700 = CARTESIAN_POINT ( 'NONE',  ( 8.256120808466999250, -1.652239025197000055, -0.03280125619905999851 ) ) ;
#1701 = CARTESIAN_POINT ( 'NONE',  ( 8.099999999999999645, 1.983927814618711846E-15, 24.00000000000000000 ) ) ;
#1702 = CARTESIAN_POINT ( 'NONE',  ( -8.506279957442000494, -2.279763827972000279, -0.6583751708780000156 ) ) ;
#1703 = LINE ( 'NONE', #1124, #1725 ) ;
#1704 = CARTESIAN_POINT ( 'NONE',  ( 10.49122271458098865, -3.305297411663971729, -5.046848991354968561 ) ) ;
#1705 = DIRECTION ( 'NONE',  ( 0.0000000000000000000, -1.000000000000000000, 0.0000000000000000000 ) ) ;
#1706 =( BOUNDED_CURVE ( )  B_SPLINE_CURVE ( 14, ( #480, #2719, #2448, #776, #1636, #2310, #3627, #1712, #1673, #3361, #43, #563, #807, #545, #1469, #831, #3103, #265, #2518, #3063, #325, #620, #1450, #290, #604, #1981, #1998, #3383, #1735, #1112, #849, #2780, #2560, #579, #3397, #2292, #2234, #2541, #1962, #1391, #2856, #2270, #2023, #3139, #2823, #23, #243, #2573, #2842, #3081, #1431, #5, #1151, #1188, #2500, #2805, #1413, #307, #3649, #1131, #1167, #948, #2658, #3470, #366, #401, #1238, #2328, #1508, #3216, #3432, #96, #3177, #3453, #128, #2910, #2083, #2382, #964, #671 ),
 .UNSPECIFIED., .F., .T. ) 
 B_SPLINE_CURVE_WITH_KNOTS ( ( 15, 13, 13, 13, 13, 13, 15 ),
 ( 0.0000000000000000000, 0.5000000000000000000, 0.7499999999999537037, 0.8749999999999767963, 0.9375000000000347500, 0.9687500000000173195, 1.000000000000000000 ),
 .UNSPECIFIED. ) 
 CURVE ( )  GEOMETRIC_REPRESENTATION_ITEM ( )  RATIONAL_B_SPLINE_CURVE ( ( 1.000000000000000000, 1.000000000000000000, 0.9999999999990000221, 1.000000000001999956, 0.9999999999949999996, 1.000000000008999912, 0.9999999999859999766, 1.000000000016999957, 0.9999999999819999541, 1.000000000015000001, 0.9999999999899999992, 1.000000000005000000, 0.9999999999980000442, 1.000000000000000000, 1.000000000000000000, 0.9999999999990000221, 1.000000000003999912, 0.9999999999919999549, 1.000000000016000090, 0.9999999999769999537, 1.000000000028000047, 0.9999999999730000422, 1.000000000021999957, 0.9999999999859999766, 1.000000000006999956, 0.9999999999980000442, 1.000000000000000000, 1.000000000000000000, 1.000000000000000000, 1.000000000001000089, 0.9999999999959999775, 1.000000000006999956, 0.9999999999880000434, 1.000000000016000090, 0.9999999999840000209, 1.000000000013999912, 0.9999999999909999771, 1.000000000003999912, 0.9999999999990000221, 1.000000000000000000, 1.000000000000000000, 0.9999999999990000221, 1.000000000003000045, 0.9999999999919999549, 1.000000000013999912, 0.9999999999790000205, 1.000000000026000091, 0.9999999999740000201, 1.000000000021000091, 0.9999999999859999766, 1.000000000006999956, 0.9999999999980000442, 1.000000000000000000, 1.000000000000000000, 0.9999999999990000221, 1.000000000001999956, 0.9999999999940000217, 1.000000000011000090, 0.9999999999830000430, 1.000000000021000091, 0.9999999999780000426, 1.000000000018000046, 0.9999999999880000434, 1.000000000006000089, 0.9999999999980000442, 1.000000000000000000, 1.000000000000000000, 1.000000000001000089, 0.9999999999969999553, 1.000000000006999956, 0.9999999999869999545, 1.000000000018000046, 0.9999999999790000205, 1.000000000020000002, 0.9999999999849999988, 1.000000000008999912, 0.9999999999959999775, 1.000000000001999956, 1.000000000000000000, 1.000000000000000000 ) ) 
 REPRESENTATION_ITEM ( '' )  );
#1707 =( LENGTH_UNIT ( ) NAMED_UNIT ( * ) SI_UNIT ( .MILLI., .METRE. ) );
#1708 = CARTESIAN_POINT ( 'NONE',  ( -8.357635877311997419, -1.898801495819999907, -0.2814614276299999274 ) ) ;
#1709 = CARTESIAN_POINT ( 'NONE',  ( -8.543317187278001157, 1.173177894855000236, -0.8126108529630000632 ) ) ;
#1710 = CARTESIAN_POINT ( 'NONE',  ( 8.408569760329999809, -1.896429776636000097, -0.3602866334520000158 ) ) ;
#1711 = ORIENTED_EDGE ( 'NONE', *, *, #3518, .T. ) ;
#1712 = CARTESIAN_POINT ( 'NONE',  ( -10.69000095346011925, -3.813304394552262888, -5.586823034977278724 ) ) ;
#1713 = CARTESIAN_POINT ( 'NONE',  ( 8.243726849919271515, -1.612951179175797778, -6.367113851171946276E-05 ) ) ;
#1714 = ADVANCED_FACE ( 'NONE', ( #3620 ), #1684, .F. ) ;
#1715 = CARTESIAN_POINT ( 'NONE',  ( 10.94673779362499921, -4.323150101871999773, -6.129915953278000984 ) ) ;
#1716 = ORIENTED_EDGE ( 'NONE', *, *, #2054, .F. ) ;
#1717 = CARTESIAN_POINT ( 'NONE',  ( 11.96438895214000020, -4.625574267799000161, -8.561062503830996206 ) ) ;
#1718 = CARTESIAN_POINT ( 'NONE',  ( 9.151371419079000091, -4.012050313307999438, -2.419414713151999852 ) ) ;
#1719 = CARTESIAN_POINT ( 'NONE',  ( -10.96204349034999659, -7.293487926440999303, -6.279531316163000199 ) ) ;
#1720 = CARTESIAN_POINT ( 'NONE',  ( 2.319300000000000139, -3.882740000000000080, -7.500000000000000000 ) ) ;
#1721 =( GEOMETRIC_REPRESENTATION_CONTEXT ( 3 ) GLOBAL_UNCERTAINTY_ASSIGNED_CONTEXT ( ( #9 ) ) GLOBAL_UNIT_ASSIGNED_CONTEXT ( ( #3448, #2871, #377 ) ) REPRESENTATION_CONTEXT ( 'NONE', 'WORKASPACE' ) );
#1722 = CARTESIAN_POINT ( 'NONE',  ( 8.358430001448999391, -1.848062521101999867, -0.2619832250990000166 ) ) ;
#1723 = MECHANICAL_DESIGN_GEOMETRIC_PRESENTATION_REPRESENTATION (  '', ( #2826 ), #599 ) ;
#1724 = CARTESIAN_POINT ( 'NONE',  ( -8.275735931288069835, 16.55147186257613612, 24.00000000000000000 ) ) ;
#1725 = VECTOR ( 'NONE', #1972, 1000.000000000000000 ) ;
#1726 = CARTESIAN_POINT ( 'NONE',  ( -8.363905185143000409, -1.914682049899000038, -0.2971270196179999767 ) ) ;
#1727 = CARTESIAN_POINT ( 'NONE',  ( 8.828971689522999711, 0.6589928263290000254, -1.833695323081000028 ) ) ;
#1728 = CARTESIAN_POINT ( 'NONE',  ( 11.29021302402960814, -4.704061930354607846, -7.499999991323600845 ) ) ;
#1729 = CARTESIAN_POINT ( 'NONE',  ( 0.0000000000000000000, 0.0000000000000000000, 0.0000000000000000000 ) ) ;
#1730 = STYLED_ITEM ( 'NONE', ( #347 ), #986 ) ;
#1731 = AXIS2_PLACEMENT_3D ( 'NONE', #2015, #3130, #55 ) ;
#1732 = CARTESIAN_POINT ( 'NONE',  ( -8.269194477069998328, -1.676437827233999922, -0.06246519780247000719 ) ) ;
#1733 = CARTESIAN_POINT ( 'NONE',  ( -10.68134380491999913, -2.430052305069000163, -5.632602090724000199 ) ) ;
#1734 = CARTESIAN_POINT ( 'NONE',  ( 8.099999999999999645, 0.0000000000000000000, 24.00000000000000000 ) ) ;
#1735 = CARTESIAN_POINT ( 'NONE',  ( -9.039475984630000127, -0.03117055744088999963, -1.738590990332000041 ) ) ;
#1736 = CARTESIAN_POINT ( 'NONE',  ( 10.83270172365300077, -4.070379737181999857, -5.857977505444999622 ) ) ;
#1737 = UNCERTAINTY_MEASURE_WITH_UNIT (LENGTH_MEASURE( 1.000000000000000082E-05 ), #2371, 'distance_accuracy_value', 'NONE');
#1738 = CARTESIAN_POINT ( 'NONE',  ( 10.19507033656399742, -1.542023661186000316, -4.453921468195998656 ) ) ;
#1739 = CARTESIAN_POINT ( 'NONE',  ( 9.696728329168985638, -5.604863040532967133, -4.151828339993962835 ) ) ;
#1740 = CARTESIAN_POINT ( 'NONE',  ( -8.321486456807999588, -1.747948153484000011, -0.1715831214270000238 ) ) ;
#1741 = EDGE_CURVE ( 'NONE', #641, #1165, #304, .T. ) ;
#1742 = CARTESIAN_POINT ( 'NONE',  ( 9.392161830589998317, -3.969980425658998779, -2.617802930896999669 ) ) ;
#1743 = LINE ( 'NONE', #2244, #1000 ) ;
#1744 = CARTESIAN_POINT ( 'NONE',  ( -8.401372654650000271, -2.009953989382999850, -0.3911948880009999963 ) ) ;
#1745 = CARTESIAN_POINT ( 'NONE',  ( 8.770242736642000381, 0.7897247341770000650, -1.574918094297999893 ) ) ;
#1746 = CARTESIAN_POINT ( 'NONE',  ( 10.76608435134776798, -4.098171429772246910, -7.500079107012488144 ) ) ;
#1747 = CARTESIAN_POINT ( 'NONE',  ( -8.246455193535000561, -1.654956391637000035, -0.01808123751414000141 ) ) ;
#1748 = CARTESIAN_POINT ( 'NONE',  ( -10.17194497551999888, -1.543010110788999967, -4.453495626835000998 ) ) ;
#1749 = FILL_AREA_STYLE ('',( #3155 ) ) ;
#1750 = VERTEX_POINT ( 'NONE', #353 ) ;
#1751 = CARTESIAN_POINT ( 'NONE',  ( -9.009882944707001684, 0.03418839698090000295, -1.672842065700000047 ) ) ;
#1752 = CARTESIAN_POINT ( 'NONE',  ( 8.268106486684420275, -1.654812521150012428, -0.05318837037866948336 ) ) ;
#1753 = SURFACE_SIDE_STYLE ('',( #2542 ) ) ;
#1754 = ORIENTED_EDGE ( 'NONE', *, *, #18, .F. ) ;
#1755 = CARTESIAN_POINT ( 'NONE',  ( 11.89531994165400342, -4.503925232675999979, -8.398402634737999861 ) ) ;
#1756 = CARTESIAN_POINT ( 'NONE',  ( -11.57197612474999993, -8.587554407753000163, -7.701448683758999714 ) ) ;
#1757 = CARTESIAN_POINT ( 'NONE',  ( 9.621413882983999244, -4.442281911473999756, -3.140107637818999820 ) ) ;
#1758 = EDGE_CURVE ( 'NONE', #330, #3423, #601, .T. ) ;
#1759 = STYLED_ITEM ( 'NONE', ( #2272 ), #3344 ) ;
#1760 = CARTESIAN_POINT ( 'NONE',  ( -8.444803130165999150, -2.121078883415000060, -0.5010854609080001021 ) ) ;
#1761 = CARTESIAN_POINT ( 'NONE',  ( 8.291557270247997380, 1.519508107075999925, -0.1007814004739999852 ) ) ;
#1762 = CARTESIAN_POINT ( 'NONE',  ( 10.71798112691608118, -4.065889866367510486, -7.500002190849516026 ) ) ;
#1763 = SHAPE_REPRESENTATION_RELATIONSHIP ( 'NONE' , 'NONE' ,  #438, #3082 ) ;
#1764 = FACE_OUTER_BOUND ( 'NONE', #3156, .T. ) ;
#1765 = CARTESIAN_POINT ( 'NONE',  ( -10.01541083224569917, -3.584111027349942802, -7.171269165475385066 ) ) ;
#1766 = CARTESIAN_POINT ( 'NONE',  ( -8.329339912603000329, -1.827333755625000000, -0.2110072883730000071 ) ) ;
#1767 = CARTESIAN_POINT ( 'NONE',  ( -9.048497047337999533, -0.1453988276759999865, -3.167954583300999882 ) ) ;
#1768 =( NAMED_UNIT ( * ) PLANE_ANGLE_UNIT ( ) SI_UNIT ( $, .RADIAN. ) );
#1769 = VERTEX_POINT ( 'NONE', #932 ) ;
#1770 = CARTESIAN_POINT ( 'NONE',  ( -8.602072334643999341, 0.9000105875860000548, -0.7767080738100000659 ) ) ;
#1771 = CARTESIAN_POINT ( 'NONE',  ( 8.277578790747000426, -1.696263055718000068, -0.08200896747286000321 ) ) ;
#1772 = CARTESIAN_POINT ( 'NONE',  ( -8.284559435590999499, -1.683810043770000098, -0.09006160392725000297 ) ) ;
#1773 = CARTESIAN_POINT ( 'NONE',  ( -8.243698300824000569, 1.612897493640000013, -2.649732285438333549E-14 ) ) ;
#1774 = CARTESIAN_POINT ( 'NONE',  ( -9.307580230198999161, -4.508809130846000102, -2.944739188909000216 ) ) ;
#1775 = CARTESIAN_POINT ( 'NONE',  ( 8.460516164587000176, 1.256500985076999699, -0.4996595961820000653 ) ) ;
#1776 = CYLINDRICAL_SURFACE ( 'NONE', #2242, 16.94444444444399878 ) ;
#1777 = CARTESIAN_POINT ( 'NONE',  ( 8.247598821646999312, -1.626416693134000280, -0.01067280273849000038 ) ) ;
#1778 = MECHANICAL_DESIGN_GEOMETRIC_PRESENTATION_REPRESENTATION (  '', ( #3353 ), #2994 ) ;
#1779 = VECTOR ( 'NONE', #2672, 1000.000000000000000 ) ;
#1780 =( GEOMETRIC_REPRESENTATION_CONTEXT ( 3 ) GLOBAL_UNCERTAINTY_ASSIGNED_CONTEXT ( ( #3288 ) ) GLOBAL_UNIT_ASSIGNED_CONTEXT ( ( #1264, #2406, #1284 ) ) REPRESENTATION_CONTEXT ( 'NONE', 'WORKASPACE' ) );
#1781 =( NAMED_UNIT ( * ) PLANE_ANGLE_UNIT ( ) SI_UNIT ( $, .RADIAN. ) );
#1782 = CARTESIAN_POINT ( 'NONE',  ( -9.203099359514951061, -0.7978221259324677073, -4.014439290178319020 ) ) ;
#1783 = CARTESIAN_POINT ( 'NONE',  ( -8.316727884432001616, -1.795568310582999816, -0.1797117039089999868 ) ) ;
#1784 = EDGE_CURVE ( 'NONE', #1130, #1022, #676, .T. ) ;
#1785 = AXIS2_PLACEMENT_3D ( 'NONE', #848, #1980, #2291 ) ;
#1786 = CARTESIAN_POINT ( 'NONE',  ( -8.996678240871000654, 0.07412959142182000416, -2.845526726372999970 ) ) ;
#1787 =( GEOMETRIC_REPRESENTATION_CONTEXT ( 3 ) GLOBAL_UNCERTAINTY_ASSIGNED_CONTEXT ( ( #1471 ) ) GLOBAL_UNIT_ASSIGNED_CONTEXT ( ( #145, #92, #3499 ) ) REPRESENTATION_CONTEXT ( 'NONE', 'WORKASPACE' ) );
#1788 = ORIENTED_EDGE ( 'NONE', *, *, #3120, .T. ) ;
#1789 = SURFACE_SIDE_STYLE ('',( #2950 ) ) ;
#1790 = CARTESIAN_POINT ( 'NONE',  ( -8.259524660359000237, 1.585596996079000176, -0.03637186240802999654 ) ) ;
#1791 = ORIENTED_EDGE ( 'NONE', *, *, #1618, .F. ) ;
#1792 = CARTESIAN_POINT ( 'NONE',  ( 8.352780384357002319, -1.882822242532000478, -0.2658451721999999795 ) ) ;
#1793 = CARTESIAN_POINT ( 'NONE',  ( -8.368073667825999706, -1.828936149847999904, -0.2746082466879999906 ) ) ;
#1794 = DIRECTION ( 'NONE',  ( 0.0000000000000000000, 0.0000000000000000000, 1.000000000000000000 ) ) ;
#1795 = CARTESIAN_POINT ( 'NONE',  ( 11.45439032059823248, -7.819782927094407476, -7.499973087775769542 ) ) ;
#1796 = CARTESIAN_POINT ( 'NONE',  ( 8.602336271848997740, -2.348086969794000112, -0.8184209591599999056 ) ) ;
#1797 = CARTESIAN_POINT ( 'NONE',  ( -8.262821442761000057, -1.653939063622000383, -0.04464182520446999952 ) ) ;
#1798 = CARTESIAN_POINT ( 'NONE',  ( 8.613856719594002342, 1.008814985587999979, -0.8534037197830000032 ) ) ;
#1799 =( LENGTH_UNIT ( ) NAMED_UNIT ( * ) SI_UNIT ( .MILLI., .METRE. ) );
#1800 = CARTESIAN_POINT ( 'NONE',  ( 0.0000000000000000000, 0.0000000000000000000, 0.0000000000000000000 ) ) ;
#1801 = CARTESIAN_POINT ( 'NONE',  ( 8.330155204272999825, -1.761462668649999896, -0.1886362234120000092 ) ) ;
#1802 = CARTESIAN_POINT ( 'NONE',  ( -9.617417470395121626, -2.328035256734775515, -5.785138435959551906 ) ) ;
#1803 = DIRECTION ( 'NONE',  ( 0.0000000000000000000, 0.0000000000000000000, 1.000000000000000000 ) ) ;
#1804 = CARTESIAN_POINT ( 'NONE',  ( -8.741208629035002176, 0.8323021260710000702, -1.488728935174000290 ) ) ;
#1805 = DIRECTION ( 'NONE',  ( 0.0000000000000000000, -1.000000000000000000, 0.0000000000000000000 ) ) ;
#1806 = LINE ( 'NONE', #982, #2007 ) ;
#1807 = CYLINDRICAL_SURFACE ( 'NONE', #2944, 1.000000000000000888 ) ;
#1808 = ORIENTED_EDGE ( 'NONE', *, *, #1483, .T. ) ;
#1809 = CARTESIAN_POINT ( 'NONE',  ( 8.390837795465001747, -1.978066993859000089, -0.3598865734489999912 ) ) ;
#1810 = CARTESIAN_POINT ( 'NONE',  ( -8.769319307547000619, -2.529523562937999959, -1.169757225546999901 ) ) ;
#1811 = CARTESIAN_POINT ( 'NONE',  ( -8.303883142163465791, -1.717367384516310658, -0.1327070283619219970 ) ) ;
#1812 = CARTESIAN_POINT ( 'NONE',  ( -10.73172908041000007, -8.577335571722999319, -7.744655589157999565 ) ) ;
#1813 = CARTESIAN_POINT ( 'NONE',  ( 9.665626464402999218, -4.085165787070000221, -3.177538691215000100 ) ) ;
#1814 = CARTESIAN_POINT ( 'NONE',  ( 8.694435151223013136, 0.9316928076893239430, -1.289943027752973537 ) ) ;
#1815 = PRESENTATION_STYLE_ASSIGNMENT (( #74 ) ) ;
#1816 = CARTESIAN_POINT ( 'NONE',  ( -9.908791468516000123, -3.270824108183000511, -6.827149239612000819 ) ) ;
#1817 = CARTESIAN_POINT ( 'NONE',  ( -2.576003697127999814, 8.942378205016000337, 0.0000000000000000000 ) ) ;
#1818 = CARTESIAN_POINT ( 'NONE',  ( 8.385087543493757067, -1.855972171479125521, -0.3087816321711476797 ) ) ;
#1819 = FILL_AREA_STYLE_COLOUR ( '', #1068 ) ;
#1820 = CARTESIAN_POINT ( 'NONE',  ( -11.56792295400000015, -5.757468444556000264, -7.711664710001000067 ) ) ;
#1821 = ORIENTED_EDGE ( 'NONE', *, *, #3235, .F. ) ;
#1822 = CARTESIAN_POINT ( 'NONE',  ( 8.274359528176999490, -1.688323635849000137, -0.07419519335547999916 ) ) ;
#1823 = CARTESIAN_POINT ( 'NONE',  ( -8.453318172512000572, -1.977330330484000198, -0.4636346751270000177 ) ) ;
#1824 = EDGE_CURVE ( 'NONE', #1149, #2543, #386, .T. ) ;
#1825 = CARTESIAN_POINT ( 'NONE',  ( -10.97372177358693257, -6.473607613262320370, -6.288045993900074571 ) ) ;
#1826 = CARTESIAN_POINT ( 'NONE',  ( 10.99372796620900239, -7.292427408120000010, -6.278215353818999311 ) ) ;
#1827 = CARTESIAN_POINT ( 'NONE',  ( -8.247177888877999408, -1.627033133762999961, -0.01026819728164999994 ) ) ;
#1828 = CARTESIAN_POINT ( 'NONE',  ( 6.000000000000000000, 0.0000000000000000000, 0.0000000000000000000 ) ) ;
#1829 = CARTESIAN_POINT ( 'NONE',  ( 0.0000000000000000000, 0.0000000000000000000, 0.0000000000000000000 ) ) ;
#1830 = CARTESIAN_POINT ( 'NONE',  ( 9.421710108940999362, -3.656893737503999819, -2.621925674683000196 ) ) ;
#1831 = PRESENTATION_LAYER_ASSIGNMENT (  '', '', ( #3055 ) ) ;
#1832 = CARTESIAN_POINT ( 'NONE',  ( -8.950151065384744697, 0.2509606526498168177, -2.558440617610046708 ) ) ;
#1833 = CARTESIAN_POINT ( 'NONE',  ( -10.66335937947273926, -4.052777088585083121, -7.500002667476411311 ) ) ;
#1834 = CARTESIAN_POINT ( 'NONE',  ( -9.515355496697999627, -1.988097570304000028, -5.408612899929000406 ) ) ;
#1835 = CARTESIAN_POINT ( 'NONE',  ( 8.275492996361000664, 1.546393789139999919, -0.06412337846120000351 ) ) ;
#1836 = CARTESIAN_POINT ( 'NONE',  ( 9.075614723268973449, -3.052324300177724492, -1.840940604832043581 ) ) ;
#1837 = VECTOR ( 'NONE', #3434, 1000.000000000000000 ) ;
#1838 = ORIENTED_EDGE ( 'NONE', *, *, #342, .T. ) ;
#1839 = CARTESIAN_POINT ( 'NONE',  ( 8.245575576461000367, -1.616427642229000261, -0.004186762345395000050 ) ) ;
#1840 = AXIS2_PLACEMENT_3D ( 'NONE', #900, #2036, #880 ) ;
#1841 = DIRECTION ( 'NONE',  ( 0.0000000000000000000, -1.000000000000000000, 0.0000000000000000000 ) ) ;
#1842 = CARTESIAN_POINT ( 'NONE',  ( -11.25398462527000198, -5.071103861262001189, -6.950016301618001435 ) ) ;
#1843 = AXIS2_PLACEMENT_3D ( 'NONE', #1299, #1861, #739 ) ;
#1844 = ORIENTED_EDGE ( 'NONE', *, *, #2978, .T. ) ;
#1845 = CARTESIAN_POINT ( 'NONE',  ( 8.284012228298999858, -1.712141754901000068, -0.09763886441341002032 ) ) ;
#1846 = CARTESIAN_POINT ( 'NONE',  ( -8.630908737189999513, -2.287270620395999821, -0.8594569077400000534 ) ) ;
#1847 = CARTESIAN_POINT ( 'NONE',  ( 8.400000000000000355, 0.0000000000000000000, 23.69999999999999929 ) ) ;
#1848 = CARTESIAN_POINT ( 'NONE',  ( -8.523248787197816867, -2.099171014627859488, -0.6189696795111165883 ) ) ;
#1849 = CARTESIAN_POINT ( 'NONE',  ( 11.21848859510100205, -7.763106313075000209, -6.795250964099000868 ) ) ;
#1850 = EDGE_CURVE ( 'NONE', #3415, #2348, #85, .T. ) ;
#1851 = CARTESIAN_POINT ( 'NONE',  ( 8.668724188475001924, -2.691451602173000612, -1.069350424508000330 ) ) ;
#1852 = CARTESIAN_POINT ( 'NONE',  ( -8.277364098311000618, -1.682713851975000008, -0.07780369884656999913 ) ) ;
#1853 = SURFACE_STYLE_FILL_AREA ( #2958 ) ;
#1854 = CARTESIAN_POINT ( 'NONE',  ( 8.635023595455999512, -2.287335957160999911, -0.8589369316079999983 ) ) ;
#1855 = LINE ( 'NONE', #2458, #1541 ) ;
#1856 = CARTESIAN_POINT ( 'NONE',  ( 8.378719519152999951, 1.351764137101000074, -0.2883303316449999931 ) ) ;
#1857 = APPLICATION_CONTEXT ( 'automotive_design' ) ;
#1858 =( LENGTH_UNIT ( ) NAMED_UNIT ( * ) SI_UNIT ( .MILLI., .METRE. ) );
#1859 = CARTESIAN_POINT ( 'NONE',  ( -11.14088566799000013, -4.821635126584999931, -6.675975787767000291 ) ) ;
#1860 = CARTESIAN_POINT ( 'NONE',  ( -10.50000000000000000, -3.899999999999999911, -7.500000000000000000 ) ) ;
#1861 = DIRECTION ( 'NONE',  ( 0.0000000000000000000, 1.000000000000000000, 2.220446049250000002E-16 ) ) ;
#1862 = CARTESIAN_POINT ( 'NONE',  ( -8.418433441630748248, -1.916551930704390561, -0.3861501205466529307 ) ) ;
#1863 = CARTESIAN_POINT ( 'NONE',  ( 8.787809618188999750, -3.007572920977000575, -1.387445092417999959 ) ) ;
#1864 = CARTESIAN_POINT ( 'NONE',  ( -8.286224073797999523, -1.701087854088000340, -0.09827695693219001827 ) ) ;
#1865 = DIRECTION ( 'NONE',  ( 0.0000000000000000000, 1.000000000000000000, 2.220446049250000002E-16 ) ) ;
#1866 = PRODUCT_DEFINITION ( 'UNKNOWN', '', #2390, #1448 ) ;
#1867 = CARTESIAN_POINT ( 'NONE',  ( 9.138974003626021414, -0.4651476377539801588, -3.596243475933908140 ) ) ;
#1868 = CARTESIAN_POINT ( 'NONE',  ( -8.432849879957394990, 1.340128978063665599, -0.4954559036727985144 ) ) ;
#1869 = CARTESIAN_POINT ( 'NONE',  ( -10.80610286745318582, -4.151047227636884607, -7.500357173980743752 ) ) ;
#1870 = CARTESIAN_POINT ( 'NONE',  ( 11.51929999999999943, -7.482739999999999725, -7.500000000000000000 ) ) ;
#1871 = ADVANCED_FACE ( 'NONE', ( #1561 ), #2633, .T. ) ;
#1872 = CARTESIAN_POINT ( 'NONE',  ( 8.963662385425788415, -2.857389970711634142, -1.589938006998271369 ) ) ;
#1873 = MECHANICAL_DESIGN_GEOMETRIC_PRESENTATION_REPRESENTATION (  '', ( #1521 ), #3277 ) ;
#1874 = CARTESIAN_POINT ( 'NONE',  ( -9.012538142059000279, 0.3700035570640000104, -1.793415719113000018 ) ) ;
#1875 = ORIENTED_EDGE ( 'NONE', *, *, #577, .F. ) ;
#1876 = PRESENTATION_STYLE_ASSIGNMENT (( #1093 ) ) ;
#1877 = CARTESIAN_POINT ( 'NONE',  ( 11.49999999999846523, -4.899999999999996803, -23.99999999999525713 ) ) ;
#1878 = CARTESIAN_POINT ( 'NONE',  ( 8.324080679235999369, -1.811378661006999957, -0.1953915790100000105 ) ) ;
#1879 = CARTESIAN_POINT ( 'NONE',  ( -9.605618018919999557, -4.442775948654999141, -3.140800255257999662 ) ) ;
#1880 = CARTESIAN_POINT ( 'NONE',  ( 0.0000000000000000000, 0.0000000000000000000, 0.0000000000000000000 ) ) ;
#1881 = CARTESIAN_POINT ( 'NONE',  ( 8.929798586303000718, -2.798482905726999981, -1.514166048075999971 ) ) ;
#1882 = B_SPLINE_SURFACE_WITH_KNOTS ( 'NONE', 5, 1, ( 
 ( #1266, #2977 ),
 ( #1014, #3263 ),
 ( #731, #452 ),
 ( #3458, #1085 ),
 ( #2750, #801 ),
 ( #1667, #1918 ) ),
 .UNSPECIFIED., .F., .F., .F.,
 ( 6, 6 ),
 ( 2, 2 ),
 ( 0.0000000000000000000, 4.500000000000000000 ),
 ( 0.0000000000000000000, 1.000000000000000000 ),
 .UNSPECIFIED. ) ;
#1883 = CARTESIAN_POINT ( 'NONE',  ( 9.941819945129322988, -3.285007768442286924, -6.842522172964686789 ) ) ;
#1884 = CARTESIAN_POINT ( 'NONE',  ( -8.576154265117752473, 1.121420982151613899, -0.9133109454711487718 ) ) ;
#1885 = CARTESIAN_POINT ( 'NONE',  ( 8.621654960496000442, 0.8685694099270001578, -0.8104047187170000388 ) ) ;
#1886 = EDGE_CURVE ( 'NONE', #48, #2295, #2581, .T. ) ;
#1887 = CARTESIAN_POINT ( 'NONE',  ( 3.851859888774000017E-34, -3.900000000000000799, -13.99999999999999822 ) ) ;
#1888 = STYLED_ITEM ( 'NONE', ( #2695 ), #124 ) ;
#1889 = CARTESIAN_POINT ( 'NONE',  ( -9.789749752403002603, -0.8899840168989999745, -3.576958427247000305 ) ) ;
#1890 = UNCERTAINTY_MEASURE_WITH_UNIT (LENGTH_MEASURE( 1.000000000000000082E-05 ), #1921, 'distance_accuracy_value', 'NONE');
#1891 = COLOUR_RGB ( '',0.8000000000000000444, 0.8000000000000000444, 0.8000000000000000444 ) ;
#1892 = CIRCLE ( 'NONE', #3303, 16.94444444444399878 ) ;
#1893 = PRESENTATION_LAYER_ASSIGNMENT (  '', '', ( #1730 ) ) ;
#1894 = SURFACE_SIDE_STYLE ('',( #3556 ) ) ;
#1895 = CIRCLE ( 'NONE', #1840, 8.400000000000000355 ) ;
#1896 = CARTESIAN_POINT ( 'NONE',  ( 8.806645395212999716, 0.4873137297340000007, -1.210686865773000109 ) ) ;
#1897 = CARTESIAN_POINT ( 'NONE',  ( 8.416068718624000411, -2.041552035196999793, -0.4226526282570000070 ) ) ;
#1898 = CARTESIAN_POINT ( 'NONE',  ( -8.318121893054000182, -1.767238781909999723, -0.1719764552789999623 ) ) ;
#1899 = CARTESIAN_POINT ( 'NONE',  ( 8.315401441562002560, -1.759865353787000153, -0.1637499264960000089 ) ) ;
#1900 = CARTESIAN_POINT ( 'NONE',  ( 8.766197755197408625, 0.7947453946413427506, -1.564226201024872420 ) ) ;
#1901 = FILL_AREA_STYLE ('',( #1403 ) ) ;
#1902 = CARTESIAN_POINT ( 'NONE',  ( 8.362292063762001959, 1.445427328727000083, -0.3007666748150000235 ) ) ;
#1903 = CARTESIAN_POINT ( 'NONE',  ( 11.44214004208375002, -5.067135827620086630, -7.499893587311666110 ) ) ;
#1904 = CARTESIAN_POINT ( 'NONE',  ( 9.893237448486482677, -4.486690440811623937, -3.699721970195305243 ) ) ;
#1905 =( NAMED_UNIT ( * ) SI_UNIT ( $, .STERADIAN. ) SOLID_ANGLE_UNIT ( ) );
#1906 =( NAMED_UNIT ( * ) PLANE_ANGLE_UNIT ( ) SI_UNIT ( $, .RADIAN. ) );
#1907 = CARTESIAN_POINT ( 'NONE',  ( -8.322905805403999935, 1.478302004211000220, -0.1832288255999999782 ) ) ;
#1908 = PRODUCT_RELATED_PRODUCT_CATEGORY ( 'part', '', ( #522 ) ) ;
#1909 = CARTESIAN_POINT ( 'NONE',  ( 10.60863328128499994, -8.157740431889999755, -7.217176472015999877 ) ) ;
#1910 = SURFACE_SIDE_STYLE ('',( #3271 ) ) ;
#1911 = CARTESIAN_POINT ( 'NONE',  ( 11.33542927740773898, -4.346391963644189005, -24.15020399069062762 ) ) ;
#1912 = CARTESIAN_POINT ( 'NONE',  ( 8.745284645225000375, 0.6151082802090001023, -1.077647025956000038 ) ) ;
#1913 = CARTESIAN_POINT ( 'NONE',  ( 8.460013212036001207, -2.152630465644000513, -0.5326031826260001489 ) ) ;
#1914 = CARTESIAN_POINT ( 'NONE',  ( -8.626584838497999286, -2.407053744310999388, -0.8840443523149998928 ) ) ;
#1915 = APPLICATION_PROTOCOL_DEFINITION ( 'draft international standard', 'automotive_design', 1998, #2042 ) ;
#1916 = CARTESIAN_POINT ( 'NONE',  ( 11.82282167875600010, -7.976941646329000157, -8.218711401696999985 ) ) ;
#1917 = CARTESIAN_POINT ( 'NONE',  ( -8.291420722357999651, -1.732033615176000074, -0.1171598382490000173 ) ) ;
#1918 = CARTESIAN_POINT ( 'NONE',  ( -11.48070000000000235, -3.882740000000000080, -7.500000000000000000 ) ) ;
#1919 = CARTESIAN_POINT ( 'NONE',  ( -6.999999999948158802, 8.572527593967984678E-16, 24.00000000000090949 ) ) ;
#1920 = CARTESIAN_POINT ( 'NONE',  ( 9.577046307593001018, -1.218430420637000022, -2.919577937345999796 ) ) ;
#1921 =( LENGTH_UNIT ( ) NAMED_UNIT ( * ) SI_UNIT ( .MILLI., .METRE. ) );
#1922 = CARTESIAN_POINT ( 'NONE',  ( -8.615182221198999457, -2.565117441423000244, -0.9425066465639999613 ) ) ;
#1923 = CARTESIAN_POINT ( 'NONE',  ( -9.338673625811999557, -0.1450680648100000081, -2.545941595798999924 ) ) ;
#1924 = CARTESIAN_POINT ( 'NONE',  ( 5.204748896376250699E-16, -8.400000000000000355, -22.50000000000000000 ) ) ;
#1925 = COLOUR_RGB ( '',0.8000000000000000444, 0.8000000000000000444, 0.8000000000000000444 ) ;
#1926 = CARTESIAN_POINT ( 'NONE',  ( 10.71840990199500077, -8.438359038026000292, -7.569912901120999571 ) ) ;
#1927 =( LENGTH_UNIT ( ) NAMED_UNIT ( * ) SI_UNIT ( .MILLI., .METRE. ) );
#1928 = CARTESIAN_POINT ( 'NONE',  ( 8.958491378079999734, 0.1643902131580000092, -1.541447425986000042 ) ) ;
#1929 = CARTESIAN_POINT ( 'NONE',  ( 9.107331311682999697, -3.887256517531000100, -2.289113513060999860 ) ) ;
#1930 = CARTESIAN_POINT ( 'NONE',  ( -8.392561287172000561, -1.921619088958999910, -0.3439158802820000416 ) ) ;
#1931 = EDGE_CURVE ( 'NONE', #2295, #48, #1002, .T. ) ;
#1932 = CARTESIAN_POINT ( 'NONE',  ( 8.245241565824999341, -1.643820019088999995, -0.01237957056408999987 ) ) ;
#1933 = CARTESIAN_POINT ( 'NONE',  ( 8.929859467245476523, 0.3649780954438390235, -2.370546877957985465 ) ) ;
#1934 = CARTESIAN_POINT ( 'NONE',  ( -10.50000000000000000, -8.399999999999998579, -24.85458550253670396 ) ) ;
#1935 = CARTESIAN_POINT ( 'NONE',  ( -8.243698300824000569, -1.612897493640000013, -7.401486830835000218E-17 ) ) ;
#1936 = CARTESIAN_POINT ( 'NONE',  ( 9.539159921908000328, -1.989979046853000089, -5.412538675199000338 ) ) ;
#1937 = CARTESIAN_POINT ( 'NONE',  ( 11.30014083389096768, -4.722691443686883872, -7.499993772467933972 ) ) ;
#1938 = DIRECTION ( 'NONE',  ( 1.000000000000000000, 0.0000000000000000000, -0.0000000000000000000 ) ) ;
#1939 = FILL_AREA_STYLE ('',( #1956 ) ) ;
#1940 = CARTESIAN_POINT ( 'NONE',  ( -9.181048055253999252, -4.137211558167999570, -2.549828882883999892 ) ) ;
#1941 = CARTESIAN_POINT ( 'NONE',  ( -8.386418525753999376, 1.374773650435999750, -0.3327893941289999935 ) ) ;
#1942 = CARTESIAN_POINT ( 'NONE',  ( 8.264943307277999196, -1.644003725192999976, -0.04457470403153999949 ) ) ;
#1943 = CARTESIAN_POINT ( 'NONE',  ( 11.25475052567229461, -4.240624856803688836, -24.22235139004509819 ) ) ;
#1944 = CARTESIAN_POINT ( 'NONE',  ( 8.898020027074000637, 0.2941174512300000488, -1.409435323984000066 ) ) ;
#1945 = PRESENTATION_LAYER_ASSIGNMENT (  '', '', ( #1061 ) ) ;
#1946 = VERTEX_POINT ( 'NONE', #1847 ) ;
#1947 = CARTESIAN_POINT ( 'NONE',  ( 12.01895278254500177, -4.721675794009000171, -8.689562180439001082 ) ) ;
#1948 = CARTESIAN_POINT ( 'NONE',  ( -9.265412704980999337, -3.733971631438999683, -2.356627543352999510 ) ) ;
#1949 = MECHANICAL_DESIGN_GEOMETRIC_PRESENTATION_REPRESENTATION (  '', ( #950 ), #2758 ) ;
#1950 = PLANE ( 'NONE',  #1119 ) ;
#1951 = B_SPLINE_CURVE_WITH_KNOTS ( 'NONE', 3,
 ( #289, #1390, #2516, #2252, #264, #1449, #1166, #306, #2214, #4, #1111, #3360, #3117, #1150, #2804, #2269, #221, #3396, #3138, #830, #868, #1997, #1370, #3102, #1961, #3080, #2022, #3382, #1412 ),
 .UNSPECIFIED., .F., .F.,
 ( 4, 2, 2, 1, 1, 2, 2, 2, 2, 1, 2, 2, 2, 2, 2, 4 ),
 ( 0.0000000000000000000, 0.1250000000000248690, 0.1875000000000364153, 0.2187500000000421885, 0.2343750000000450751, 0.2421875000000448530, 0.2500000000000446310, 0.3750000000000440759, 0.4375000000000446310, 0.4687500000000432987, 0.4843750000000410227, 0.5000000000000387468, 0.6250000000000265343, 0.6875000000000218714, 0.7500000000000172085, 1.000000000000000000 ),
 .UNSPECIFIED. ) ;
#1952 = CARTESIAN_POINT ( 'NONE',  ( -8.272374598860999129, -1.684380223943999999, -0.07027645655252999501 ) ) ;
#1953 = DIRECTION ( 'NONE',  ( 0.0000000000000000000, 1.000000000000000000, 2.220446049250000002E-16 ) ) ;
#1954 = CARTESIAN_POINT ( 'NONE',  ( 9.116940319648001889, -0.3752274850349999746, -3.484905527304000383 ) ) ;
#1955 = CARTESIAN_POINT ( 'NONE',  ( 8.958491378079999734, 0.1643902131580000092, -1.541447425986000042 ) ) ;
#1956 = FILL_AREA_STYLE_COLOUR ( '', #703 ) ;
#1957 = CARTESIAN_POINT ( 'NONE',  ( -6.880700000000000038, -8.382740000000000080, -7.500000000000000000 ) ) ;
#1958 = CARTESIAN_POINT ( 'NONE',  ( -8.472512543798000451, 1.281141195021999968, -0.6062475160410000230 ) ) ;
#1959 = UNCERTAINTY_MEASURE_WITH_UNIT (LENGTH_MEASURE( 1.000000000000000082E-05 ), #695, 'distance_accuracy_value', 'NONE');
#1960 = CARTESIAN_POINT ( 'NONE',  ( 8.416401451284000856, -1.909921464271000069, -0.3774604733600000483 ) ) ;
#1961 = CARTESIAN_POINT ( 'NONE',  ( -11.04520421554671650, -8.283150638177611214, -7.499963778531331116 ) ) ;
#1962 = CARTESIAN_POINT ( 'NONE',  ( -8.739662091617001138, 0.6150776274400001631, -1.077398467678000182 ) ) ;
#1963 = CARTESIAN_POINT ( 'NONE',  ( -9.157291267059999740, -0.2933837929779999909, -2.001257382923999906 ) ) ;
#1964 = CARTESIAN_POINT ( 'NONE',  ( 8.293236115869564884, -1.697990133858451545, -0.1080045955346069092 ) ) ;
#1965 = CARTESIAN_POINT ( 'NONE',  ( 11.60760863912899943, -5.761828578261999567, -7.711665939018000238 ) ) ;
#1966 = ORIENTED_EDGE ( 'NONE', *, *, #1824, .F. ) ;
#1967 = CARTESIAN_POINT ( 'NONE',  ( 10.83698442150999952, -2.648864120820999979, -5.924670955154001106 ) ) ;
#1968 = CARTESIAN_POINT ( 'NONE',  ( 8.811276402698000609, -3.070686760788000402, -1.451316692702000033 ) ) ;
#1969 = CARTESIAN_POINT ( 'NONE',  ( -8.292336720178999698, -1.697314368648999983, -0.1072212458120000017 ) ) ;
#1970 = CARTESIAN_POINT ( 'NONE',  ( -8.099999999999997868, -16.19999999999999574, 24.00000000000000355 ) ) ;
#1971 = CARTESIAN_POINT ( 'NONE',  ( -8.872047961523000126, -3.260278607111999793, -1.643220481254000109 ) ) ;
#1972 = DIRECTION ( 'NONE',  ( -0.0000000000000000000, 1.000000000000000000, -0.0000000000000000000 ) ) ;
#1973 = CARTESIAN_POINT ( 'NONE',  ( 9.864291384670002216, -1.876309615417000254, -3.579465598836999884 ) ) ;
#1974 = CARTESIAN_POINT ( 'NONE',  ( 8.400000000000000355, 1.271552307891101166E-15, 0.0000000000000000000 ) ) ;
#1975 = CARTESIAN_POINT ( 'NONE',  ( 8.400000000000000355, 0.3245952928640000179, 0.0000000000000000000 ) ) ;
#1976 = CARTESIAN_POINT ( 'NONE',  ( -11.48070000000000235, -8.382740000000000080, -7.500000000000000000 ) ) ;
#1977 = ADVANCED_FACE ( 'NONE', ( #1005 ), #1056, .T. ) ;
#1978 = CARTESIAN_POINT ( 'NONE',  ( -11.29910479391000067, -3.520696717753999838, -7.083781678634999857 ) ) ;
#1979 = ORIENTED_EDGE ( 'NONE', *, *, #1248, .T. ) ;
#1980 = DIRECTION ( 'NONE',  ( -0.0000000000000000000, -0.0000000000000000000, -1.000000000000000000 ) ) ;
#1981 = CARTESIAN_POINT ( 'NONE',  ( -9.215846825446000423, -0.4249577237840000410, -2.132400113836000255 ) ) ;
#1982 = DIRECTION ( 'NONE',  ( -0.0000000000000000000, -1.000000000000000000, -2.220446049250000002E-16 ) ) ;
#1983 = FILL_AREA_STYLE ('',( #2843 ) ) ;
#1984 = UNCERTAINTY_MEASURE_WITH_UNIT (LENGTH_MEASURE( 1.000000000000000082E-05 ), #1927, 'distance_accuracy_value', 'NONE');
#1985 = ORIENTED_EDGE ( 'NONE', *, *, #1439, .F. ) ;
#1986 = CARTESIAN_POINT ( 'NONE',  ( 9.219087968924000620, 0.06429761387518000137, -2.244573318735000100 ) ) ;
#1987 =( LENGTH_UNIT ( ) NAMED_UNIT ( * ) SI_UNIT ( .MILLI., .METRE. ) );
#1988 = CARTESIAN_POINT ( 'NONE',  ( -8.245295512762002232, -1.643578397142000158, -0.01249908336095000190 ) ) ;
#1989 = MECHANICAL_DESIGN_GEOMETRIC_PRESENTATION_REPRESENTATION (  '', ( #1041 ), #135 ) ;
#1990 = CARTESIAN_POINT ( 'NONE',  ( 8.674093247522998595, -2.495234536553999849, -0.9820163022990001656 ) ) ;
#1991 = CARTESIAN_POINT ( 'NONE',  ( -9.673970396680999784, -5.605462932181000113, -4.151542988902000353 ) ) ;
#1992 = CARTESIAN_POINT ( 'NONE',  ( 8.519196208423000627, 1.216149000028000193, -0.7296218443190001235 ) ) ;
#1993 = SURFACE_SIDE_STYLE ('',( #663 ) ) ;
#1994 = FACE_OUTER_BOUND ( 'NONE', #2504, .T. ) ;
#1995 = CARTESIAN_POINT ( 'NONE',  ( -8.307250644256999550, -1.771743338050000061, -0.1562486810829999684 ) ) ;
#1996 = CARTESIAN_POINT ( 'NONE',  ( -11.93381186669000016, -4.650287747402000349, -8.593121176412999773 ) ) ;
#1997 = CARTESIAN_POINT ( 'NONE',  ( -11.19095643453560918, -8.177190300545342794, -7.499886503391613779 ) ) ;
#1998 = CARTESIAN_POINT ( 'NONE',  ( -9.157291267059999740, -0.2933837929779999909, -2.001257382923999906 ) ) ;
#1999 = CARTESIAN_POINT ( 'NONE',  ( -8.555875337962001836, 0.9942061284920000741, -0.6760488923759999658 ) ) ;
#2000 = PRODUCT_DEFINITION_SHAPE ( 'NONE', 'NONE',  #3661 ) ;
#2001 = CARTESIAN_POINT ( 'NONE',  ( 2.576003697126000080, -8.942378205011999981, 0.0000000000000000000 ) ) ;
#2002 = ORIENTED_EDGE ( 'NONE', *, *, #3628, .T. ) ;
#2003 = VECTOR ( 'NONE', #169, 1000.000000000000000 ) ;
#2004 = CARTESIAN_POINT ( 'NONE',  ( 8.923441700272000787, 0.5222077781370000338, -1.567559994747000474 ) ) ;
#2005 = CARTESIAN_POINT ( 'NONE',  ( 8.834627277205001405, -3.133758146183000193, -1.515277237704000024 ) ) ;
#2006 = CARTESIAN_POINT ( 'NONE',  ( -8.288448321035000177, -1.690562325646999930, -0.09864121211349999307 ) ) ;
#2007 = VECTOR ( 'NONE', #997, 1000.000000000000114 ) ;
#2008 = CARTESIAN_POINT ( 'NONE',  ( 9.219300000000002271, -3.882740000000000080, -7.500000000000000000 ) ) ;
#2009 = MECHANICAL_DESIGN_GEOMETRIC_PRESENTATION_REPRESENTATION (  '', ( #1353 ), #1596 ) ;
#2010 = CIRCLE ( 'NONE', #2416, 6.000000000000000000 ) ;
#2011 = CARTESIAN_POINT ( 'NONE',  ( -8.099999999999999645, 0.0000000000000000000, 24.00000000000000000 ) ) ;
#2012 = STYLED_ITEM ( 'NONE', ( #1487 ), #2424 ) ;
#2013 = CARTESIAN_POINT ( 'NONE',  ( -9.753721141771999115, -5.845300043682000180, -4.423929659994000119 ) ) ;
#2014 = CARTESIAN_POINT ( 'NONE',  ( 9.397622373026999654, -1.481402658773000036, -4.833092449596000151 ) ) ;
#2015 = CARTESIAN_POINT ( 'NONE',  ( 0.0000000000000000000, 0.0000000000000000000, 23.00000000000000000 ) ) ;
#2016 =( GEOMETRIC_REPRESENTATION_CONTEXT ( 3 ) GLOBAL_UNCERTAINTY_ASSIGNED_CONTEXT ( ( #1984 ) ) GLOBAL_UNIT_ASSIGNED_CONTEXT ( ( #1927, #1597, #2215 ) ) REPRESENTATION_CONTEXT ( 'NONE', 'WORKASPACE' ) );
#2017 = MECHANICAL_DESIGN_GEOMETRIC_PRESENTATION_REPRESENTATION (  '', ( #2417 ), #603 ) ;
#2018 = UNCERTAINTY_MEASURE_WITH_UNIT (LENGTH_MEASURE( 1.000000000000000082E-05 ), #2415, 'distance_accuracy_value', 'NONE');
#2019 = CARTESIAN_POINT ( 'NONE',  ( -8.319883498739999439, -1.803509805250000264, -0.1875343542900000104 ) ) ;
#2020 = CARTESIAN_POINT ( 'NONE',  ( -8.330018872985000655, 1.490410380049999928, -0.2206276027119999927 ) ) ;
#2021 = ORIENTED_EDGE ( 'NONE', *, *, #2194, .T. ) ;
#2022 = CARTESIAN_POINT ( 'NONE',  ( -10.89312975930704042, -8.356569572963074677, -7.500003878233328258 ) ) ;
#2023 = CARTESIAN_POINT ( 'NONE',  ( -8.632767360347999741, 0.8369724650170000668, -0.8436819745029999762 ) ) ;
#2024 = CARTESIAN_POINT ( 'NONE',  ( -8.830527523780000720, 0.4231207368950000158, -1.276763705467000021 ) ) ;
#2025 = PRODUCT_DEFINITION ( 'UNKNOWN', '', #2156, #478 ) ;
#2026 = CARTESIAN_POINT ( 'NONE',  ( -10.50000000000000000, -8.400000000000000355, -7.500000000000000000 ) ) ;
#2027 = CARTESIAN_POINT ( 'NONE',  ( 7.799317672731000073, -3.884176259448000046, 0.0000000000000000000 ) ) ;
#2028 = UNCERTAINTY_MEASURE_WITH_UNIT (LENGTH_MEASURE( 1.000000000000000082E-05 ), #1858, 'distance_accuracy_value', 'NONE');
#2029 = VERTEX_POINT ( 'NONE', #1919 ) ;
#2030 = CARTESIAN_POINT ( 'NONE',  ( 11.84026629328399949, -4.406961005778000207, -8.268749420161000785 ) ) ;
#2031 = CARTESIAN_POINT ( 'NONE',  ( -11.50257543144999950, -8.440189796829999480, -7.539486245084001226 ) ) ;
#2032 =( NAMED_UNIT ( * ) SI_UNIT ( $, .STERADIAN. ) SOLID_ANGLE_UNIT ( ) );
#2033 = CARTESIAN_POINT ( 'NONE',  ( 10.49999999999999822, -8.400000000000000355, -7.500000000000000000 ) ) ;
#2034 = CARTESIAN_POINT ( 'NONE',  ( -8.518488079114000300, -2.311488677987000084, -0.6898817243110001440 ) ) ;
#2035 = CARTESIAN_POINT ( 'NONE',  ( 8.259711762316999994, 1.585586392884999807, -0.03636449465808999637 ) ) ;
#2036 = DIRECTION ( 'NONE',  ( -0.0000000000000000000, -0.0000000000000000000, -1.000000000000000000 ) ) ;
#2037 = DIRECTION ( 'NONE',  ( 0.0000000000000000000, 0.0000000000000000000, 1.000000000000000000 ) ) ;
#2038 = CARTESIAN_POINT ( 'NONE',  ( -8.868144748333824268, 0.5240990293900449348, -2.084518056577551626 ) ) ;
#2039 = CARTESIAN_POINT ( 'NONE',  ( -8.363905185143000409, -1.914682049898999816, -0.2971270196179999212 ) ) ;
#2040 = CARTESIAN_POINT ( 'NONE',  ( -9.022538257159002484, -0.03410176845507000010, -3.007885168383000352 ) ) ;
#2041 = UNCERTAINTY_MEASURE_WITH_UNIT (LENGTH_MEASURE( 1.000000000000000082E-05 ), #2939, 'distance_accuracy_value', 'NONE');
#2042 = APPLICATION_CONTEXT ( 'automotive_design' ) ;
#2043 = CARTESIAN_POINT ( 'NONE',  ( -11.37219288602033451, -4.405746994985606513, -24.11696954369742940 ) ) ;
#2044 = CARTESIAN_POINT ( 'NONE',  ( -8.493997859281000373, 1.119149846842000029, -0.5414816038199999904 ) ) ;
#2045 = CARTESIAN_POINT ( 'NONE',  ( -8.400000000000000355, -1.028703311283776586E-15, 23.69999999999999929 ) ) ;
#2046 = CARTESIAN_POINT ( 'NONE',  ( 11.65823013725399981, -5.870988474472000895, -7.833000012795000799 ) ) ;
#2047 = ORIENTED_EDGE ( 'NONE', *, *, #1210, .F. ) ;
#2048 = CARTESIAN_POINT ( 'NONE',  ( 8.269527461288999959, -1.676414426792000256, -0.06247598951446999699 ) ) ;
#2049 = CARTESIAN_POINT ( 'NONE',  ( -10.73852956872000064, -6.820721933869000608, -5.760197717192999889 ) ) ;
#2050 = CARTESIAN_POINT ( 'NONE',  ( -11.50000000000000178, -7.554085207567443838, -23.99999999999383959 ) ) ;
#2051 = CARTESIAN_POINT ( 'NONE',  ( 11.13553101533160117, -8.253904846386562966, -7.499889052447123561 ) ) ;
#2052 = CARTESIAN_POINT ( 'NONE',  ( 8.473195649517000660, -2.083318492506999853, -0.5238837199510000264 ) ) ;
#2053 = CIRCLE ( 'NONE', #2335, 16.94444444444399878 ) ;
#2054 = EDGE_CURVE ( 'NONE', #2894, #2855, #3282, .T. ) ;
#2055 = CARTESIAN_POINT ( 'NONE',  ( -8.757055738753999563, -2.944856052545000047, -1.323447152591999965 ) ) ;
#2056 = CARTESIAN_POINT ( 'NONE',  ( 8.452467141651000659, 1.269607177863999681, -0.4810991995389999332 ) ) ;
#2057 = FACE_OUTER_BOUND ( 'NONE', #639, .T. ) ;
#2058 = CARTESIAN_POINT ( 'NONE',  ( 8.267350754842999194, -1.653337895348000020, -0.05148407051409999852 ) ) ;
#2059 = CARTESIAN_POINT ( 'NONE',  ( -9.674612267471927041, -2.518476681756399493, -5.996784737425080891 ) ) ;
#2060 = CARTESIAN_POINT ( 'NONE',  ( -8.246823282317999215, -1.627632058914000091, -0.009880620796915000684 ) ) ;
#2061 = CARTESIAN_POINT ( 'NONE',  ( -8.762286473807000320, 0.7894253029100000152, -1.574626839053999916 ) ) ;
#2062 = ORIENTED_EDGE ( 'NONE', *, *, #214, .T. ) ;
#2063 = FILL_AREA_STYLE ('',( #2628 ) ) ;
#2064 = CARTESIAN_POINT ( 'NONE',  ( -10.46519549321999953, -3.302465673972999838, -5.046861685398000397 ) ) ;
#2065 = EDGE_LOOP ( 'NONE', ( #2275, #2875, #3251, #729 ) ) ;
#2066 = CARTESIAN_POINT ( 'NONE',  ( 8.327274723861002315, -1.819317115335000290, -0.2032172384770000173 ) ) ;
#2067 = CARTESIAN_POINT ( 'NONE',  ( -8.707857203492000764, -2.421885228703999804, -1.031796039470000093 ) ) ;
#2068 = DIRECTION ( 'NONE',  ( 0.0000000000000000000, 0.0000000000000000000, 1.000000000000000000 ) ) ;
#2069 = CARTESIAN_POINT ( 'NONE',  ( 11.49793338812228072, -7.675037107177725026, -7.500001543049455321 ) ) ;
#2070 = CARTESIAN_POINT ( 'NONE',  ( 8.272749261971002355, -1.684353909655000203, -0.07028859818963001382 ) ) ;
#2071 = CARTESIAN_POINT ( 'NONE',  ( -10.77454982809999962, -8.688533041278999391, -7.884458782963000623 ) ) ;
#2072 = CARTESIAN_POINT ( 'NONE',  ( 8.549205569094999291, 1.112689728175999981, -0.7042199665660000552 ) ) ;
#2073 = CARTESIAN_POINT ( 'NONE',  ( 8.243698300824000569, 1.612897493640000457, -2.960588260220099165E-16 ) ) ;
#2074 = CARTESIAN_POINT ( 'NONE',  ( 8.494629502196000104, -2.044791808263000110, -0.5492796825250000348 ) ) ;
#2075 = COLOUR_RGB ( '',0.8000000000000000444, 0.8000000000000000444, 0.8000000000000000444 ) ;
#2076 = VECTOR ( 'NONE', #1133, 1000.000000000000000 ) ;
#2077 = CARTESIAN_POINT ( 'NONE',  ( -3.286260152890000141E-14, -9.349786777489999423, 0.0000000000000000000 ) ) ;
#2078 = CARTESIAN_POINT ( 'NONE',  ( -8.494042649802000966, -2.248034588762000130, -0.6268851757829999594 ) ) ;
#2079 = CARTESIAN_POINT ( 'NONE',  ( -10.50822743322000008, -4.963704214339999865, -8.694549588232000303 ) ) ;
#2080 = FILL_AREA_STYLE_COLOUR ( '', #1241 ) ;
#2081 = PRESENTATION_LAYER_ASSIGNMENT (  '', '', ( #3305 ) ) ;
#2082 = ORIENTED_EDGE ( 'NONE', *, *, #34, .F. ) ;
#2083 = CARTESIAN_POINT ( 'NONE',  ( -8.267384750187000364, 1.569196452106000450, -0.05256478967420000897 ) ) ;
#2084 = CARTESIAN_POINT ( 'NONE',  ( -11.65549580891000225, -5.948560475785000357, -7.924178527591999810 ) ) ;
#2085 = ORIENTED_EDGE ( 'NONE', *, *, #3145, .T. ) ;
#2086 = CARTESIAN_POINT ( 'NONE',  ( 8.346413062998999877, -1.866946467196999970, -0.2501837599399999723 ) ) ;
#2087 = CARTESIAN_POINT ( 'NONE',  ( -8.437835827338000527, -1.950358122282999984, -0.4292513256440000369 ) ) ;
#2088 =( BOUNDED_CURVE ( )  B_SPLINE_CURVE ( 14, ( #2479, #1089, #2754, #1407, #3644, #1688, #3567, #3624, #199, #1344, #3077, #2775, #1653, #1107, #1614, #541, #3096, #2462, #3352, #3588, #805, #1940, #1073, #2192, #845, #2231, #219, #559, #827, #2797, #771, #3320, #1128, #2250, #3377, #2716, #184, #788, #1325, #1922, #3037, #1055, #2174, #3307, #3017, #496, #2892, #2078, #2872, #60, #1147, #2819, #2571, #3431, #36, #904, #1445, #2555, #282, #1464, #1161, #2039, #1708, #1485, #864, #20, #1766, #2341, #1201, #2019, #1783, #1429, #2839, #1995, #2590, #1182, #2536, #2324, #75, #3449, #2286, #3115, #2307, #2, #598, #3467, #302, #574, #2266, #1217, #1732, #320, #3410, #3133, #615, #943, #636, #3173, #1747, #361, #341, #923, #2060, #653, #1503, #2607 ),
 .UNSPECIFIED., .F., .T. ) 
 B_SPLINE_CURVE_WITH_KNOTS ( ( 15, 13, 13, 13, 13, 13, 13, 13, 15 ),
 ( 0.0000000000000000000, 0.4999999999987534971, 0.7499999999993768318, 0.8749999999997366551, 0.9374999999998199218, 0.9687499999999582556, 0.9843749999999791278, 0.9921874999999809042, 1.000000000000000000 ),
 .UNSPECIFIED. ) 
 CURVE ( )  GEOMETRIC_REPRESENTATION_ITEM ( )  RATIONAL_B_SPLINE_CURVE ( ( 1.000000000000109912, 1.000000000001000089, 0.9999999999959999775, 1.000000000011999957, 0.9999999999730000422, 1.000000000045000004, 0.9999999999359999725, 1.000000000073000050, 0.9999999999309999721, 1.000000000053000049, 0.9999999999669999529, 1.000000000015000001, 0.9999999999949999996, 1.000000000001000089, 1.000000000000000000, 0.9999999999969999553, 1.000000000010000001, 0.9999999999759999758, 1.000000000043000048, 0.9999999999390000172, 1.000000000071000095, 0.9999999999330000389, 1.000000000051999960, 0.9999999999680000418, 1.000000000015000001, 0.9999999999949999996, 1.000000000001000089, 1.000000000000000000, 0.9999999999969999553, 1.000000000010000001, 0.9999999999759999758, 1.000000000043000048, 0.9999999999390000172, 1.000000000071999962, 0.9999999999319999500, 1.000000000053000049, 0.9999999999669999529, 1.000000000016000090, 0.9999999999949999996, 1.000000000001000089, 1.000000000000000000, 0.9999999999969999553, 1.000000000011000090, 0.9999999999749999979, 1.000000000045000004, 0.9999999999359999725, 1.000000000073999917, 0.9999999999299999942, 1.000000000053999916, 0.9999999999659999750, 1.000000000016000090, 0.9999999999949999996, 1.000000000001000089, 1.000000000000000000, 0.9999999999969999553, 1.000000000010000001, 0.9999999999769999537, 1.000000000040000003, 0.9999999999430000397, 1.000000000066999961, 0.9999999999369999504, 1.000000000048999915, 0.9999999999699999975, 1.000000000013999912, 0.9999999999949999996, 1.000000000001000089, 1.000000000000000000, 0.9999999999969999553, 1.000000000011000090, 0.9999999999749999979, 1.000000000045000004, 0.9999999999359999725, 1.000000000073999917, 0.9999999999299999942, 1.000000000053999916, 0.9999999999669999529, 1.000000000016000090, 0.9999999999949999996, 1.000000000001000089, 1.000000000000000000, 0.9999999999969999553, 1.000000000010000001, 0.9999999999759999758, 1.000000000043999915, 0.9999999999369999504, 1.000000000073000050, 0.9999999999299999942, 1.000000000053999916, 0.9999999999659999750, 1.000000000016000090, 0.9999999999949999996, 1.000000000001000089, 1.000000000000000000, 1.000000000001000089, 0.9999999999990000221, 1.000000000001999956, 0.9999999999980000442, 1.000000000001999956, 0.9999999999980000442, 1.000000000001999956, 0.9999999999990000221, 1.000000000001000089, 1.000000000000000000, 1.000000000000000000, 1.000000000000000000, 1.000000000000000000 ) ) 
 REPRESENTATION_ITEM ( '' )  );
#2089 = CARTESIAN_POINT ( 'NONE',  ( 11.46926038852991780, -7.773336928473931096, -7.499999280545734948 ) ) ;
#2090 = CARTESIAN_POINT ( 'NONE',  ( 8.484678705055999970, 1.217191757207999991, -0.5553794704240000435 ) ) ;
#2091 = FACE_OUTER_BOUND ( 'NONE', #1595, .T. ) ;
#2092 = CARTESIAN_POINT ( 'NONE',  ( -6.659631154436000067, -6.019416751019999623, 0.0000000000000000000 ) ) ;
#2093 = CARTESIAN_POINT ( 'NONE',  ( -9.205483832487759699, -0.8075701071513163853, -4.026479172306310694 ) ) ;
#2094 = CARTESIAN_POINT ( 'NONE',  ( -11.27837415942826560, -4.748609793109511479, -7.500000053354635376 ) ) ;
#2095 = CARTESIAN_POINT ( 'NONE',  ( -9.744303011852000651, -2.757559970591000109, -6.262932285940999932 ) ) ;
#2096 = EDGE_CURVE ( 'NONE', #3423, #1558, #733, .T. ) ;
#2097 = DIRECTION ( 'NONE',  ( -0.0000000000000000000, -2.220446049250000002E-16, 1.000000000000000000 ) ) ;
#2098 = CARTESIAN_POINT ( 'NONE',  ( -11.58041193934000113, -5.784720560283999724, -7.741971840619999767 ) ) ;
#2099 = ORIENTED_EDGE ( 'NONE', *, *, #1439, .T. ) ;
#2100 = CARTESIAN_POINT ( 'NONE',  ( 8.301674198103000890, -1.755807232490000036, -0.1406350295140000040 ) ) ;
#2101 = CARTESIAN_POINT ( 'NONE',  ( -8.391344527248000063, -1.869418704562999967, -0.3261409559100000299 ) ) ;
#2102 = CARTESIAN_POINT ( 'NONE',  ( 11.50000000000000000, -3.899999999999999911, -7.500000000000000000 ) ) ;
#2103 = CARTESIAN_POINT ( 'NONE',  ( -8.298422367319073345, -1.707883021764638132, -0.1206525901565210085 ) ) ;
#2104 = CARTESIAN_POINT ( 'NONE',  ( -10.31682427281000081, -7.477798035856999981, -6.370392263368001018 ) ) ;
#2105 =( NAMED_UNIT ( * ) SI_UNIT ( $, .STERADIAN. ) SOLID_ANGLE_UNIT ( ) );
#2106 = CARTESIAN_POINT ( 'NONE',  ( -9.922384294850417064, -3.303823452369210489, -6.863359006433350729 ) ) ;
#2107 = CARTESIAN_POINT ( 'NONE',  ( -10.48072083526857945, -3.957443085841650277, -7.500304914925174593 ) ) ;
#2108 = CARTESIAN_POINT ( 'NONE',  ( -10.54927632006000060, -5.074498572074000791, -8.817422584339000835 ) ) ;
#2109 = CARTESIAN_POINT ( 'NONE',  ( 8.243698300824000569, 1.612897493640000457, -2.960588260220099165E-16 ) ) ;
#2110 = DIRECTION ( 'NONE',  ( 0.0000000000000000000, -2.220446049250000002E-16, 1.000000000000000000 ) ) ;
#2111 = CARTESIAN_POINT ( 'NONE',  ( -10.24044223033999934, -2.786976762866999913, -4.510285242276000695 ) ) ;
#2112 = EDGE_CURVE ( 'NONE', #2967, #871, #1855, .T. ) ;
#2113 = CARTESIAN_POINT ( 'NONE',  ( 8.409771609362000078, -2.025681758924999798, -0.4069555873730000273 ) ) ;
#2114 = CARTESIAN_POINT ( 'NONE',  ( -9.590056377699999857, -3.977934016673000173, -3.040367021371000344 ) ) ;
#2115 =( NAMED_UNIT ( * ) PLANE_ANGLE_UNIT ( ) SI_UNIT ( $, .RADIAN. ) );
#2116 = CARTESIAN_POINT ( 'NONE',  ( -9.093248877053603962, -3.098883406521812489, -1.902283799585979152 ) ) ;
#2117 = CARTESIAN_POINT ( 'NONE',  ( 11.59699087972700227, -8.557064821460999227, -7.667782797801000250 ) ) ;
#2118 = CARTESIAN_POINT ( 'NONE',  ( -8.255124776982002643, -1.620238109168000040, -0.02114830921267999916 ) ) ;
#2119 = CARTESIAN_POINT ( 'NONE',  ( 11.50000000000000000, -7.400000000000000355, -7.500000000000000000 ) ) ;
#2120 = ORIENTED_EDGE ( 'NONE', *, *, #670, .F. ) ;
#2121 = CARTESIAN_POINT ( 'NONE',  ( -11.50000000000000000, -7.400000000000002132, -7.500000000000000000 ) ) ;
#2122 = STYLED_ITEM ( 'NONE', ( #1815 ), #1410 ) ;
#2123 = CARTESIAN_POINT ( 'NONE',  ( 8.291425095299999271, 1.529552733490000094, -0.1081949288040000012 ) ) ;
#2124 = CARTESIAN_POINT ( 'NONE',  ( 8.433953002979999169, 1.243497384148000151, -0.4066701837560000588 ) ) ;
#2125 =( GEOMETRIC_REPRESENTATION_CONTEXT ( 3 ) GLOBAL_UNCERTAINTY_ASSIGNED_CONTEXT ( ( #3631 ) ) GLOBAL_UNIT_ASSIGNED_CONTEXT ( ( #2567, #275, #1141 ) ) REPRESENTATION_CONTEXT ( 'NONE', 'WORKASPACE' ) );
#2126 = EDGE_LOOP ( 'NONE', ( #2062, #3123, #887, #3201 ) ) ;
#2127 = COLOUR_RGB ( '',0.8000000000000000444, 0.8000000000000000444, 0.8000000000000000444 ) ;
#2128 = ORIENTED_EDGE ( 'NONE', *, *, #3545, .F. ) ;
#2129 = CARTESIAN_POINT ( 'NONE',  ( 9.491122340761000586, -4.998493526526000430, -3.478062135076999795 ) ) ;
#2130 = CARTESIAN_POINT ( 'NONE',  ( -8.422346138198999910, -1.923382117890999998, -0.3948745724270000257 ) ) ;
#2131 = CARTESIAN_POINT ( 'NONE',  ( -9.200180235529376915, -3.287473556756765891, -2.145760430956701548 ) ) ;
#2132 = CARTESIAN_POINT ( 'NONE',  ( 8.740526849649997487, -2.881227557595000377, -1.259960630284000072 ) ) ;
#2133 = CARTESIAN_POINT ( 'NONE',  ( -8.245387443472999678, -1.616711969452000019, -0.004004330590638999904 ) ) ;
#2134 = CARTESIAN_POINT ( 'NONE',  ( 9.604774648299999384, -3.978141611514000253, -3.038540281958999945 ) ) ;
#2135 = CARTESIAN_POINT ( 'NONE',  ( 8.748544321852604000, 0.8299547238405643457, -1.493809467634412913 ) ) ;
#2136 = CARTESIAN_POINT ( 'NONE',  ( -8.813121458704637590, 0.6716510546322362885, -1.806434205127783299 ) ) ;
#2137 = CARTESIAN_POINT ( 'NONE',  ( -10.55349968137277195, -3.991289756521815058, -7.500167819075739928 ) ) ;
#2138 = SURFACE_STYLE_USAGE ( .BOTH. , #2691 ) ;
#2139 = CARTESIAN_POINT ( 'NONE',  ( 8.512493051109000675, 1.088033283139999918, -0.5753022658619999508 ) ) ;
#2140 = CARTESIAN_POINT ( 'NONE',  ( 8.736920020714805446, -2.463687834442951363, -1.084521281591385611 ) ) ;
#2141 = ORIENTED_EDGE ( 'NONE', *, *, #1162, .T. ) ;
#2142 = CARTESIAN_POINT ( 'NONE',  ( -8.883006719810998320, 0.5727576754150000005, -1.492052872686999931 ) ) ;
#2143 = EDGE_LOOP ( 'NONE', ( #2486, #305, #1985 ) ) ;
#2144 = SURFACE_SIDE_STYLE ('',( #2678 ) ) ;
#2145 = CARTESIAN_POINT ( 'NONE',  ( -11.68175915634000006, -7.788919678214000442, -7.981954193810999243 ) ) ;
#2146 = CARTESIAN_POINT ( 'NONE',  ( 11.46355034318845867, -4.597350715015698697, -24.03385634574358676 ) ) ;
#2147 = CARTESIAN_POINT ( 'NONE',  ( 11.58297872418699903, -8.527666639016999284, -7.635472691322998884 ) ) ;
#2148 = CARTESIAN_POINT ( 'NONE',  ( 8.277578790747002202, -1.696263055718000068, -0.08200896747286000321 ) ) ;
#2149 = CARTESIAN_POINT ( 'NONE',  ( -9.492415779052999270, -4.206680666069999575, -2.879807092419000014 ) ) ;
#2150 = CARTESIAN_POINT ( 'NONE',  ( 9.908210166384000317, -4.513086853443001090, -3.734050553476000012 ) ) ;
#2151 = ADVANCED_FACE ( 'NONE', ( #1649 ), #2578, .T. ) ;
#2152 = CARTESIAN_POINT ( 'NONE',  ( 9.202491119784875551, -0.7256060408468321121, -3.928007716667401450 ) ) ;
#2153 = CARTESIAN_POINT ( 'NONE',  ( -8.614808723642152444, 1.058134193999323180, -1.037897886508793999 ) ) ;
#2154 = CARTESIAN_POINT ( 'NONE',  ( -6.000000000000000000, 7.960204194426052700E-16, 23.00000000000000000 ) ) ;
#2155 = CARTESIAN_POINT ( 'NONE',  ( 8.481123680087000238, 1.150322782653000031, -0.5079051624899999506 ) ) ;
#2156 = PRODUCT_DEFINITION_FORMATION_WITH_SPECIFIED_SOURCE ( 'ANY', '', #522, .NOT_KNOWN. ) ;
#2157 = FACE_OUTER_BOUND ( 'NONE', #2524, .T. ) ;
#2158 = CARTESIAN_POINT ( 'NONE',  ( -8.529638243072000137, 1.138770505806999900, -0.6670070454130001547 ) ) ;
#2159 = CARTESIAN_POINT ( 'NONE',  ( 9.323734129994999620, -4.508130605518000600, -2.945071745194999924 ) ) ;
#2160 = CARTESIAN_POINT ( 'NONE',  ( -8.408457908383999424, 1.289920555246999889, -0.3558969693419999913 ) ) ;
#2161 = DIRECTION ( 'NONE',  ( 0.0000000000000000000, 2.153159805334000109E-16, -1.000000000000000000 ) ) ;
#2162 = CARTESIAN_POINT ( 'NONE',  ( 9.749713533154999112, -1.613793784677000076, -3.314904778834999899 ) ) ;
#2163 = CARTESIAN_POINT ( 'NONE',  ( 8.308084628940001437, -1.771685153076000052, -0.1562756774170000473 ) ) ;
#2164 = CARTESIAN_POINT ( 'NONE',  ( -8.456376285795002445, -2.053973820146000051, -0.4912600787450000506 ) ) ;
#2165 = CARTESIAN_POINT ( 'NONE',  ( 8.290303688109000646, -1.708422690609000094, -0.1064412793400000001 ) ) ;
#2166 = PRODUCT_DEFINITION_SHAPE ( 'NONE', 'NONE',  #1529 ) ;
#2167 = CARTESIAN_POINT ( 'NONE',  ( 9.209599275638881366, -0.7542919185446372854, -3.963686181285577703 ) ) ;
#2168 = CARTESIAN_POINT ( 'NONE',  ( -8.316727884431999840, -1.795568310583000038, -0.1797117039089999868 ) ) ;
#2169 = CARTESIAN_POINT ( 'NONE',  ( -11.36875251244787144, -4.959567427134240702, -7.499999701772527061 ) ) ;
#2170 = CARTESIAN_POINT ( 'NONE',  ( 8.338953669788999434, 1.478585299064999914, -0.2402009689450000096 ) ) ;
#2171 = CARTESIAN_POINT ( 'NONE',  ( 9.167726478709999682, -0.2937628449060000202, -2.001534422023000026 ) ) ;
#2172 = LINE ( 'NONE', #3285, #3528 ) ;
#2173 = CARTESIAN_POINT ( 'NONE',  ( 11.49999999999846523, -4.899999999999996803, -23.99999999999525713 ) ) ;
#2174 = CARTESIAN_POINT ( 'NONE',  ( -8.554936543245998948, -2.406634322509999979, -0.7845033952950000167 ) ) ;
#2175 = CARTESIAN_POINT ( 'NONE',  ( -8.577518945298999498, 1.060673443887000245, -0.7788032370830000328 ) ) ;
#2176 = UNCERTAINTY_MEASURE_WITH_UNIT (LENGTH_MEASURE( 1.000000000000000082E-05 ), #2224, 'distance_accuracy_value', 'NONE');
#2177 = STYLED_ITEM ( 'NONE', ( #1319 ), #1462 ) ;
#2178 = AXIS2_PLACEMENT_3D ( 'NONE', #2532, #793, #1143 ) ;
#2179 = DIRECTION ( 'NONE',  ( 0.0000000000000000000, 2.153159805334000109E-16, -1.000000000000000000 ) ) ;
#2180 = LINE ( 'NONE', #777, #3508 ) ;
#2181 = MECHANICAL_DESIGN_GEOMETRIC_PRESENTATION_REPRESENTATION (  '', ( #538 ), #3359 ) ;
#2182 = CARTESIAN_POINT ( 'NONE',  ( 9.048548885857000457, -0.03138082596539999714, -1.738884473946000098 ) ) ;
#2183 = CARTESIAN_POINT ( 'NONE',  ( 8.320884909798001772, -1.803440119989000445, -0.1875667510530000248 ) ) ;
#2184 = CARTESIAN_POINT ( 'NONE',  ( -8.555668153700999312, -2.259930337119000043, -0.7204300788670000566 ) ) ;
#2185 = ITEM_DEFINED_TRANSFORMATION ( 'NONE', 'NONE', #79,  #2619 ) ;
#2186 = CARTESIAN_POINT ( 'NONE',  ( 8.246988922013999357, -1.654277145768999979, -0.01856361103997999917 ) ) ;
#2187 = CARTESIAN_POINT ( 'NONE',  ( 9.531280627506060199, -1.952641082780792292, -5.366751047231866245 ) ) ;
#2188 = CARTESIAN_POINT ( 'NONE',  ( -8.310411454918000373, -1.779685073767999892, -0.1640688712070000332 ) ) ;
#2189 = CARTESIAN_POINT ( 'NONE',  ( -8.757599277679020133, 0.7956170068956039954, -1.561647052453527085 ) ) ;
#2190 = CARTESIAN_POINT ( 'NONE',  ( -11.35865053024759952, -4.932440240499354367, -7.499987273977609448 ) ) ;
#2191 = CARTESIAN_POINT ( 'NONE',  ( 11.33851247865162826, -4.799151738215666541, -7.499947290450615256 ) ) ;
#2192 = CARTESIAN_POINT ( 'NONE',  ( -9.094817197649001983, -3.887887657475000314, -2.288802239010000239 ) ) ;
#2193 = CARTESIAN_POINT ( 'NONE',  ( -9.533720380858003551, -0.4622921612830000471, -2.992138909790999612 ) ) ;
#2194 = EDGE_CURVE ( 'NONE', #2543, #330, #565, .T. ) ;
#2195 = CARTESIAN_POINT ( 'NONE',  ( 9.195012290652002207, -4.136552468458999599, -2.550153526392000547 ) ) ;
#2196 = CARTESIAN_POINT ( 'NONE',  ( -10.66215517589000150, -5.904023835966000000, -5.548727669250001604 ) ) ;
#2197 = PRODUCT_DEFINITION_SHAPE ( 'NONE', 'NONE',  #1866 ) ;
#2198 = CARTESIAN_POINT ( 'NONE',  ( 10.49122271458099931, -3.305297411664000151, -5.046848991354999647 ) ) ;
#2199 = ORIENTED_EDGE ( 'NONE', *, *, #3195, .F. ) ;
#2200 = CARTESIAN_POINT ( 'NONE',  ( 8.620265790149000296, -2.564790590844999940, -0.9426643332890000115 ) ) ;
#2201 = CARTESIAN_POINT ( 'NONE',  ( -8.924584461255999912, -3.025584130694999985, -1.571171231329999918 ) ) ;
#2202 = PRESENTATION_STYLE_ASSIGNMENT (( #228 ) ) ;
#2203 = DIRECTION ( 'NONE',  ( 1.000000000000000000, 0.0000000000000000000, 0.0000000000000000000 ) ) ;
#2204 = CARTESIAN_POINT ( 'NONE',  ( 8.247806225007000336, -1.619359888642999845, -0.008758886707367999694 ) ) ;
#2205 = CARTESIAN_POINT ( 'NONE',  ( 8.823025864463414081, 0.6691064958623794690, -1.812577177630807279 ) ) ;
#2206 = CARTESIAN_POINT ( 'NONE',  ( -8.264421527317999505, -1.664524165703999969, -0.05074956394596000231 ) ) ;
#2207 = CARTESIAN_POINT ( 'NONE',  ( -11.36466849123775091, -4.948476166265530551, -7.499996447114011922 ) ) ;
#2208 = CARTESIAN_POINT ( 'NONE',  ( 8.955013480353999356, 0.2811512443409999729, -2.515705419801999909 ) ) ;
#2209 = CARTESIAN_POINT ( 'NONE',  ( 10.26372878654498599, -2.789418770972970307, -4.510294685072970822 ) ) ;
#2210 = SHAPE_REPRESENTATION ( 'User Library-Terminal lug 70mm2-M8-1', ( #3618, #1393, #130, #79 ), #439 ) ;
#2211 = FILL_AREA_STYLE ('',( #2818 ) ) ;
#2212 = CARTESIAN_POINT ( 'NONE',  ( -9.662290482689000370, -0.6757184361940001827, -3.285706236066000319 ) ) ;
#2213 = COLOUR_RGB ( '',0.8000000000000000444, 0.8000000000000000444, 0.8000000000000000444 ) ;
#2214 = CARTESIAN_POINT ( 'NONE',  ( -11.43613800979754380, -7.751863890643888588, -7.499996334087012606 ) ) ;
#2215 =( NAMED_UNIT ( * ) SI_UNIT ( $, .STERADIAN. ) SOLID_ANGLE_UNIT ( ) );
#2216 = CARTESIAN_POINT ( 'NONE',  ( -8.431836727949999499, 1.243455744410000285, -0.4065693755400000553 ) ) ;
#2217 = MECHANICAL_DESIGN_GEOMETRIC_PRESENTATION_REPRESENTATION (  '', ( #509 ), #3356 ) ;
#2218 = EDGE_CURVE ( 'NONE', #3531, #1395, #1434, .T. ) ;
#2219 = CARTESIAN_POINT ( 'NONE',  ( 11.50000000000000000, -3.899999999999999911, -7.500000000000000000 ) ) ;
#2220 = CARTESIAN_POINT ( 'NONE',  ( 8.410309956972000123, 1.289958171447999957, -0.3559851950460000136 ) ) ;
#2221 = ORIENTED_EDGE ( 'NONE', *, *, #3414, .F. ) ;
#2222 = CARTESIAN_POINT ( 'NONE',  ( 8.956220803540999142, 0.4715549908950000813, -1.642981994866999917 ) ) ;
#2223 = CARTESIAN_POINT ( 'NONE',  ( -8.332299527521000115, -1.796641279121000023, -0.2047290829660000089 ) ) ;
#2224 =( LENGTH_UNIT ( ) NAMED_UNIT ( * ) SI_UNIT ( .MILLI., .METRE. ) );
#2225 = CARTESIAN_POINT ( 'NONE',  ( 11.70658081421800034, -7.762102277787000126, -7.943405604218001237 ) ) ;
#2226 = CARTESIAN_POINT ( 'NONE',  ( 8.261161976867999357, -1.650381910019000031, -0.04046894745121999704 ) ) ;
#2227 = CARTESIAN_POINT ( 'NONE',  ( -11.46338016632556212, -7.703687321989110437, -24.03401913452678684 ) ) ;
#2228 = CARTESIAN_POINT ( 'NONE',  ( 9.614284872026999551, -2.246327494467000641, -5.698849587581999998 ) ) ;
#2229 = PRODUCT_DEFINITION_SHAPE ( 'NONE', 'NONE',  #430 ) ;
#2230 = CARTESIAN_POINT ( 'NONE',  ( 11.51929999999999943, -5.232739999999999725, -7.500000000000000000 ) ) ;
#2231 = CARTESIAN_POINT ( 'NONE',  ( -9.006915329255001268, -3.637464689225000214, -2.029488872369999974 ) ) ;
#2232 = CARTESIAN_POINT ( 'NONE',  ( -8.391168061455999805, 1.401335095984999946, -0.3817918765000000159 ) ) ;
#2233 = CARTESIAN_POINT ( 'NONE',  ( 8.447709996437000157, -1.963878713322000147, -0.4461723660390000123 ) ) ;
#2234 = CARTESIAN_POINT ( 'NONE',  ( -8.800326949631001483, 0.4873069325070000790, -1.210417651835999919 ) ) ;
#2235 = CARTESIAN_POINT ( 'NONE',  ( 8.247071658777079151, -1.618698389406688420, -0.007349446669950043289 ) ) ;
#2236 = CARTESIAN_POINT ( 'NONE',  ( 9.226960433985002652, -0.4254318407359999887, -2.132664126532000104 ) ) ;
#2237 = UNCERTAINTY_MEASURE_WITH_UNIT (LENGTH_MEASURE( 1.000000000000000082E-05 ), #1609, 'distance_accuracy_value', 'NONE');
#2238 = ORIENTED_EDGE ( 'NONE', *, *, #3171, .T. ) ;
#2239 = ADVANCED_FACE ( 'NONE', ( #851 ), #3636, .T. ) ;
#2240 = CARTESIAN_POINT ( 'NONE',  ( 8.275492996361000664, 1.546393789139999919, -0.06412337846120000351 ) ) ;
#2241 = AXIS2_PLACEMENT_3D ( 'NONE', #884, #1184, #1805 ) ;
#2242 = AXIS2_PLACEMENT_3D ( 'NONE', #2354, #1865, #2918 ) ;
#2243 = EDGE_CURVE ( 'NONE', #795, #2327, #2088, .T. ) ;
#2244 = CARTESIAN_POINT ( 'NONE',  ( 11.50000000000000000, -4.900000000000000355, -7.500000000000000000 ) ) ;
#2245 = PRESENTATION_STYLE_ASSIGNMENT (( #3602 ) ) ;
#2246 = CARTESIAN_POINT ( 'NONE',  ( 9.692079492605000013, -2.503258125769999953, -5.983567933580999920 ) ) ;
#2247 = CARTESIAN_POINT ( 'NONE',  ( 9.048548885857000457, -0.03138082596539999714, -1.738884473946000098 ) ) ;
#2248 = CARTESIAN_POINT ( 'NONE',  ( 11.01340571161739312, -6.484438649426045309, -6.303192996092946920 ) ) ;
#2249 = CARTESIAN_POINT ( 'NONE',  ( 11.51929999999999943, -4.332740000000001146, -7.500000000000000000 ) ) ;
#2250 = CARTESIAN_POINT ( 'NONE',  ( -8.757055738753997787, -2.944856052545000047, -1.323447152591999965 ) ) ;
#2251 = CARTESIAN_POINT ( 'NONE',  ( 8.318378336439000265, -1.741210128912999977, -0.1629018212889999928 ) ) ;
#2252 = CARTESIAN_POINT ( 'NONE',  ( -11.46232681928051633, -7.636497074817770070, -7.499844409346878571 ) ) ;
#2253 = CARTESIAN_POINT ( 'NONE',  ( -8.709199621677999659, 0.6786604943359999531, -1.010723358156000229 ) ) ;
#2254 = CARTESIAN_POINT ( 'NONE',  ( -8.275735931288068059, -16.55147186257613612, 24.00000000000000000 ) ) ;
#2255 = CARTESIAN_POINT ( 'NONE',  ( 11.56971860169599964, -5.680122727848000430, -7.620847753709999672 ) ) ;
#2256 = ORIENTED_EDGE ( 'NONE', *, *, #530, .F. ) ;
#2257 = CARTESIAN_POINT ( 'NONE',  ( 9.679361983240999834, -0.6747073231179999686, -3.286191706313000616 ) ) ;
#2258 = CARTESIAN_POINT ( 'NONE',  ( 9.017989498824002581, -3.636872996392999990, -2.029780554309000173 ) ) ;
#2259 = CARTESIAN_POINT ( 'NONE',  ( -10.51351542231999936, -6.345921943781999808, -5.238385596997000349 ) ) ;
#2260 = CARTESIAN_POINT ( 'NONE',  ( 8.458847004069999898, -2.053903964388000158, -0.4911468160830000373 ) ) ;
#2261 = CARTESIAN_POINT ( 'NONE',  ( 8.099999999999999645, 0.0000000000000000000, 24.00000000000000000 ) ) ;
#2262 = CARTESIAN_POINT ( 'NONE',  ( -9.833178857845000564, -6.083396413804000424, -4.698014075033000836 ) ) ;
#2263 = CARTESIAN_POINT ( 'NONE',  ( -10.96084752532105533, -8.295542753378908785, -24.47822652311853986 ) ) ;
#2264 = CARTESIAN_POINT ( 'NONE',  ( 8.602052413172000200, 1.087634693995999990, -0.9794865221909998532 ) ) ;
#2265 = CARTESIAN_POINT ( 'NONE',  ( 10.15176661702981598, -3.882740196014938583, -7.499999821792775911 ) ) ;
#2266 = CARTESIAN_POINT ( 'NONE',  ( -8.272374598860999129, -1.684380223943999999, -0.07027645655252999501 ) ) ;
#2267 = CARTESIAN_POINT ( 'NONE',  ( -8.413693633788000170, 1.368390408862999896, -0.4427394375240000235 ) ) ;
#2268 = ORIENTED_EDGE ( 'NONE', *, *, #1227, .F. ) ;
#2269 = CARTESIAN_POINT ( 'NONE',  ( -11.31303714208351252, -8.027426809612123293, -7.499951327729491801 ) ) ;
#2270 = CARTESIAN_POINT ( 'NONE',  ( -8.648083495794002928, 0.8053797079640001577, -0.8771284666490001269 ) ) ;
#2271 = CARTESIAN_POINT ( 'NONE',  ( -8.540435800472000238, 1.025510399552999941, -0.6424442720459999645 ) ) ;
#2272 = PRESENTATION_STYLE_ASSIGNMENT (( #1452 ) ) ;
#2273 = CARTESIAN_POINT ( 'NONE',  ( 11.17525394705399933, -4.825473658774999564, -6.675956316048999639 ) ) ;
#2274 = UNCERTAINTY_MEASURE_WITH_UNIT (LENGTH_MEASURE( 1.000000000000000082E-05 ), #3280, 'distance_accuracy_value', 'NONE');
#2275 = ORIENTED_EDGE ( 'NONE', *, *, #1758, .F. ) ;
#2276 = CARTESIAN_POINT ( 'NONE',  ( 11.33573222039500017, -3.520025108970000094, -7.084094477526998723 ) ) ;
#2277 = CARTESIAN_POINT ( 'NONE',  ( 10.52171647318699144, -7.931969628668969818, -6.934567836778962047 ) ) ;
#2278 = CARTESIAN_POINT ( 'NONE',  ( -11.44673263820999942, -8.321613870467000851, -7.409164276453999776 ) ) ;
#2279 =( GEOMETRIC_REPRESENTATION_CONTEXT ( 3 ) GLOBAL_UNCERTAINTY_ASSIGNED_CONTEXT ( ( #2538 ) ) GLOBAL_UNIT_ASSIGNED_CONTEXT ( ( #3445, #2285, #3169 ) ) REPRESENTATION_CONTEXT ( 'NONE', 'WORKASPACE' ) );
#2280 = CARTESIAN_POINT ( 'NONE',  ( 6.919299999999999784, -3.882740000000000080, -7.500000000000000000 ) ) ;
#2281 = CARTESIAN_POINT ( 'NONE',  ( 8.415808560193999810, -1.965678220956000422, -0.3929421567190001241 ) ) ;
#2282 = PRESENTATION_STYLE_ASSIGNMENT (( #2789 ) ) ;
#2283 = CARTESIAN_POINT ( 'NONE',  ( -10.15297590915000114, -7.018941442994000468, -5.808704089201000897 ) ) ;
#2284 = CARTESIAN_POINT ( 'NONE',  ( 8.846764647239000467, 0.6142961299460000246, -1.919913038556000151 ) ) ;
#2285 =( NAMED_UNIT ( * ) PLANE_ANGLE_UNIT ( ) SI_UNIT ( $, .RADIAN. ) );
#2286 = CARTESIAN_POINT ( 'NONE',  ( -8.285078008914000591, -1.716149338889999987, -0.1015292879629999950 ) ) ;
#2287 = CARTESIAN_POINT ( 'NONE',  ( -8.267521560311999806, 1.582186271064000227, -0.06202405387930002428 ) ) ;
#2288 = UNCERTAINTY_MEASURE_WITH_UNIT (LENGTH_MEASURE( 1.000000000000000082E-05 ), #814, 'distance_accuracy_value', 'NONE');
#2289 = EDGE_LOOP ( 'NONE', ( #2199, #658, #2783, #952 ) ) ;
#2290 = ADVANCED_FACE ( 'NONE', ( #108 ), #3486, .T. ) ;
#2291 = DIRECTION ( 'NONE',  ( 1.000000000000000000, 0.0000000000000000000, 0.0000000000000000000 ) ) ;
#2292 = CARTESIAN_POINT ( 'NONE',  ( -8.830527523780000720, 0.4231207368950000158, -1.276763705467000021 ) ) ;
#2293 = CARTESIAN_POINT ( 'NONE',  ( -8.509496897224000378, 1.087981510191000201, -0.5751601499830000241 ) ) ;
#2294 = CARTESIAN_POINT ( 'NONE',  ( 8.400000000000000355, 0.0000000000000000000, 23.87573593128806593 ) ) ;
#2295 = VERTEX_POINT ( 'NONE', #2923 ) ;
#2296 = CARTESIAN_POINT ( 'NONE',  ( 9.743981335447999825, -0.7817517585990000351, -3.432061318236999892 ) ) ;
#2297 = CARTESIAN_POINT ( 'NONE',  ( -11.43281397973999880, -8.292059155762000699, -7.376681893893999309 ) ) ;
#2298 = STYLED_ITEM ( 'NONE', ( #2282 ), #387 ) ;
#2299 = CARTESIAN_POINT ( 'NONE',  ( 8.243698300824000569, 1.612897493640000013, 0.0000000000000000000 ) ) ;
#2300 = CARTESIAN_POINT ( 'NONE',  ( 9.162243672367001324, -3.497197002697000290, -2.094148593318000184 ) ) ;
#2301 = CARTESIAN_POINT ( 'NONE',  ( 8.099999999999999645, -16.19999999999999574, 24.00000000000000355 ) ) ;
#2302 = MECHANICAL_DESIGN_GEOMETRIC_PRESENTATION_REPRESENTATION (  '', ( #2012 ), #2697 ) ;
#2303 = CARTESIAN_POINT ( 'NONE',  ( 10.56972774917799995, -5.023991774283000034, -8.760522322093999392 ) ) ;
#2304 = CARTESIAN_POINT ( 'NONE',  ( 10.31764676378509016, -3.882744568874032964, -7.500003129492776033 ) ) ;
#2305 = SURFACE_SIDE_STYLE ('',( #1229 ) ) ;
#2306 = CARTESIAN_POINT ( 'NONE',  ( -8.961758011981769911, 0.2071318620587051795, -2.629449198232761020 ) ) ;
#2307 = CARTESIAN_POINT ( 'NONE',  ( -8.281904722773001382, -1.708207137098000317, -0.09371490302255999771 ) ) ;
#2308 = CARTESIAN_POINT ( 'NONE',  ( -8.337725557585999425, 1.478622905888000050, -0.2402673970639999934 ) ) ;
#2309 = FACE_OUTER_BOUND ( 'NONE', #2126, .T. ) ;
#2310 = CARTESIAN_POINT ( 'NONE',  ( -10.91516901096011871, -4.319621586530261403, -6.129941045146282796 ) ) ;
#2311 = CARTESIAN_POINT ( 'NONE',  ( 8.271768803690108030, -1.661099576352657259, -0.06117227112449823839 ) ) ;
#2312 = EDGE_CURVE ( 'NONE', #1022, #383, #3655, .T. ) ;
#2313 = SURFACE_STYLE_USAGE ( .BOTH. , #1753 ) ;
#2314 = ORIENTED_EDGE ( 'NONE', *, *, #2636, .T. ) ;
#2315 = CARTESIAN_POINT ( 'NONE',  ( 8.365494158478000486, -1.914572489561000124, -0.2971782877460000249 ) ) ;
#2316 = CARTESIAN_POINT ( 'NONE',  ( -8.265819833711999465, -1.615457628591000061, -0.03720035670739999661 ) ) ;
#2317 = CARTESIAN_POINT ( 'NONE',  ( 2.200017945597000174E-12, 9.349786777486000844, 0.0000000000000000000 ) ) ;
#2318 = CARTESIAN_POINT ( 'NONE',  ( -8.733706204383999250, -2.881647384798000644, -1.259756086909999961 ) ) ;
#2319 = CARTESIAN_POINT ( 'NONE',  ( 8.396165055416000556, 1.361590377154000109, -0.3512983903799999919 ) ) ;
#2320 = CARTESIAN_POINT ( 'NONE',  ( 8.400000000000000355, 0.3245952928640000179, 0.0000000000000000000 ) ) ;
#2321 = CARTESIAN_POINT ( 'NONE',  ( 8.296776487464001093, -1.704074983888000050, -0.1157318097179999977 ) ) ;
#2322 = CARTESIAN_POINT ( 'NONE',  ( 8.352963299618000548, -0.9727760948829999865, 0.0000000000000000000 ) ) ;
#2323 = CARTESIAN_POINT ( 'NONE',  ( -9.644508528062052832, -2.418689276779410591, -5.885985287343715733 ) ) ;
#2324 = CARTESIAN_POINT ( 'NONE',  ( -8.294590148313002231, -1.739975688259000064, -0.1249760054360000150 ) ) ;
#2325 = CARTESIAN_POINT ( 'NONE',  ( -10.26090220427000155, -4.291505081614000794, -7.949883203967999634 ) ) ;
#2326 = UNCERTAINTY_MEASURE_WITH_UNIT (LENGTH_MEASURE( 1.000000000000000082E-05 ), #1799, 'distance_accuracy_value', 'NONE');
#2327 = VERTEX_POINT ( 'NONE', #1935 ) ;
#2328 = CARTESIAN_POINT ( 'NONE',  ( -8.338076033746999016, 1.428741503321000250, -0.2035654506500000072 ) ) ;
#2329 = CARTESIAN_POINT ( 'NONE',  ( -9.845758418799999134, -1.874611087087999950, -3.579383952391999912 ) ) ;
#2330 = ORIENTED_EDGE ( 'NONE', *, *, #3284, .F. ) ;
#2331 = CARTESIAN_POINT ( 'NONE',  ( 8.275969371158000243, -1.692293351258000289, -0.07810198284225999821 ) ) ;
#2332 = CARTESIAN_POINT ( 'NONE',  ( -9.409034056221999620, -3.656707686292000048, -2.623507291245999795 ) ) ;
#2333 = PRODUCT_DEFINITION_FORMATION_WITH_SPECIFIED_SOURCE ( 'ANY', '', #783, .NOT_KNOWN. ) ;
#2334 = CARTESIAN_POINT ( 'NONE',  ( 11.47075935757855625, -7.768277709873123271, -7.499999951802984732 ) ) ;
#2335 = AXIS2_PLACEMENT_3D ( 'NONE', #850, #1982, #2501 ) ;
#2336 = CARTESIAN_POINT ( 'NONE',  ( -10.76384464118000217, -8.660733673890000262, -7.849507984511000735 ) ) ;
#2337 = CARTESIAN_POINT ( 'NONE',  ( 8.420285807669998235, 1.322119301670999780, -0.4069014717029999506 ) ) ;
#2338 = CARTESIAN_POINT ( 'NONE',  ( 8.377224592494002309, -1.842453511405000466, -0.2916079004850000711 ) ) ;
#2339 = DIRECTION ( 'NONE',  ( 0.0000000000000000000, 1.000000000000000000, 2.220446049250000002E-16 ) ) ;
#2340 = CARTESIAN_POINT ( 'NONE',  ( -9.075353976326807626, -0.2612469753060280842, -3.320691333146642776 ) ) ;
#2341 = CARTESIAN_POINT ( 'NONE',  ( -8.326189515086998227, -1.819392530987999912, -0.2031821426569999922 ) ) ;
#2342 = CARTESIAN_POINT ( 'NONE',  ( -10.46717854637999956, -4.852909856605999828, -8.571676592125999861 ) ) ;
#2343 = DIRECTION ( 'NONE',  ( 0.0000000000000000000, 1.000000000000000000, 0.0000000000000000000 ) ) ;
#2344 = CARTESIAN_POINT ( 'NONE',  ( 8.267915927380002472, -1.672444670840000036, -0.05856997498296000193 ) ) ;
#2345 =( NAMED_UNIT ( * ) PLANE_ANGLE_UNIT ( ) SI_UNIT ( $, .RADIAN. ) );
#2346 = CARTESIAN_POINT ( 'NONE',  ( -11.50000000000000355, -4.746128682938653753, -23.99999999999384315 ) ) ;
#2347 = CARTESIAN_POINT ( 'NONE',  ( -11.60541133251999923, -5.839271537617000796, -7.802638088039000053 ) ) ;
#2348 = VERTEX_POINT ( 'NONE', #2154 ) ;
#2349 = CARTESIAN_POINT ( 'NONE',  ( 8.834627277204999629, -3.133758146183000193, -1.515277237704000024 ) ) ;
#2350 = CARTESIAN_POINT ( 'NONE',  ( -8.983620955524001417, -2.905811566102000310, -1.653376170457999894 ) ) ;
#2351 = FILL_AREA_STYLE_COLOUR ( '', #3418 ) ;
#2352 =( BOUNDED_SURFACE ( )  B_SPLINE_SURFACE ( 2, 14, ( 
 ( #3230, #1839, #2949, #1777, #2778, #650, #1215, #2604, #3079, #2497, #1942, #3626, #2058, #2623, #2890, #89, #72, #664, #3483, #359, #1500, #1110, #543, #287, #1198, #2539, #2321, #2800, #1409, #1672, #2821, #2251, #3446, #3060, #1801, #57, #921, #3170, #561, #576, #2903, #1230, #2338, #3465, #847, #938, #1710, #1960, #1691, #375, #3379, #2233, #241, #3357, #2074, #1388, #829, #2356, #3099, #3192, #1517, #1605, #974, #1854, #413, #121, #959, #471, #2959, #3546, #3208, #744, #141, #1881, #1011, #1583, #1566, #1316, #2441, #696, #2920, #105, #2670, #1830, #681, #1285, #2134, #1813, #3260, #727, #1030, #2150, #3512, #160, #394, #2993, #2974, #2940, #449, #3278, #2707, #1533, #2638, #1249, #2376, #3496, #1548, #2391, #250, #2225, #2471, #3346, #1047, #1379, #273, #782, #1681, #1916, #798 ),
 ( #2813, #3048, #2204, #2509, #816, #1932, #2725, #2186, #1082, #1700, #1666, #2767, #3371, #1644, #3071, #3314, #510, #1121, #3026, #1399, #2746, #1359, #550, #3010, #229, #2165, #2489, #3617, #2788, #1625, #3298, #762, #1899, #3575, #488, #192, #1335, #2454, #1067, #3658, #3441, #1722, #876, #52, #661, #3164, #314, #68, #1139, #2281, #2833, #916, #896, #2260, #2052, #3186, #646, #3128, #3109, #2884, #857, #355, #1175, #1796, #934, #2900, #1990, #588, #1495, #2601, #297, #1211, #373, #610, #2530, #1438, #3147, #2547, #29, #2582, #2300, #14, #3404, #3427, #1742, #2848, #629, #1475, #1757, #2865, #334, #2914, #389, #3542, #971, #1226, #1301, #2651, #2372, #1280, #1263, #1826, #3273, #1849, #2426, #2935, #118, #2388, #87, #3510, #1027, #427, #710, #992, #2147, #2117, #2988, #3238, #1563 ),
 ( #137, #2402, #3478, #1515, #3525, #3256, #445, #1579, #2618, #956, #329, #1554, #1254, #2593, #2344, #2048, #3492, #405, #1822, #2331, #1771, #1192, #2879, #1243, #1845, #967, #2953, #2931, #3505, #2661, #2100, #691, #351, #3436, #3202, #384, #674, #1527, #2066, #3182, #912, #2086, #1792, #2631, #2315, #988, #99, #2369, #1809, #3456, #3473, #2113, #423, #3218, #1544, #83, #2647, #953, #1207, #930, #3232, #659, #1492, #3160, #2598, #115, #642, #65, #1559, #2897, #369, #1512, #2614, #1223, #2385, #2349, #706, #132, #3323, #3555, #2737, #1277, #3591, #3004, #2195, #185, #775, #2159, #3039, #1655, #151, #2129, #2968, #1038, #1023, #2399, #751, #1616, #3520, #479, #2718, #1635, #201, #2700, #1909, #1003, #1926, #1328, #1298, #3289, #2447, #1311, #2465, #520, #1346, #3252, #1057, #2421, #3539 ) ),
 .UNSPECIFIED., .F., .F., .F. ) 
 B_SPLINE_SURFACE_WITH_KNOTS ( ( 3, 3 ),
 ( 15, 13, 13, 13, 13, 13, 13, 13, 13, 15 ),
 ( 0.0000000000000000000, 10.36751496007899931 ),
 ( 0.0000000000000000000, 0.08099621062561999929, 0.1619924212509999961, 0.3239848425019999922, 0.6479696850049999624, 1.295939370009999925, 2.591878740019999849, 5.183757480039999699, 10.36751496007899931, 11.00821753302400019 ),
 .UNSPECIFIED. ) 
 GEOMETRIC_REPRESENTATION_ITEM ( )  RATIONAL_B_SPLINE_SURFACE ( (
 ( 1.000000000000000000, 1.000000000000000000, 1.000000000001000089, 0.9999999999959999775, 1.000000000008999912, 0.9999999999859999766, 1.000000000018999913, 0.9999999999799999983, 1.000000000016999957, 0.9999999999880000434, 1.000000000006999956, 0.9999999999969999553, 1.000000000001000089, 1.000000000000000000, 1.000000000000000000, 0.9999999999990000221, 1.000000000003000045, 0.9999999999940000217, 1.000000000010000001, 0.9999999999869999545, 1.000000000015000001, 0.9999999999859999766, 1.000000000011000090, 0.9999999999930000438, 1.000000000003000045, 0.9999999999990000221, 1.000000000000000000, 1.000000000000000000, 1.000000000000000000, 1.000000000000000000, 0.9999999999980000442, 1.000000000003000045, 0.9999999999940000217, 1.000000000006999956, 0.9999999999930000438, 1.000000000006000089, 0.9999999999959999775, 1.000000000001999956, 0.9999999999990000221, 1.000000000000000000, 1.000000000000000000, 1.000000000000000000, 0.9999999999990000221, 1.000000000001000089, 1.000000000000000000, 0.9999999999990000221, 1.000000000001999956, 0.9999999999969999553, 1.000000000003000045, 0.9999999999980000442, 1.000000000001000089, 1.000000000000000000, 1.000000000000000000, 1.000000000000000000, 1.000000000000000000, 0.9999999999990000221, 1.000000000001999956, 0.9999999999980000442, 1.000000000001000089, 1.000000000000000000, 0.9999999999990000221, 1.000000000001000089, 0.9999999999990000221, 1.000000000001000089, 1.000000000000000000, 1.000000000000000000, 1.000000000000000000, 1.000000000001000089, 0.9999999999990000221, 1.000000000003000045, 0.9999999999959999775, 1.000000000005000000, 0.9999999999949999996, 1.000000000003999912, 0.9999999999969999553, 1.000000000001999956, 0.9999999999990000221, 1.000000000000000000, 1.000000000000000000, 1.000000000000000000, 1.000000000000000000, 1.000000000001000089, 0.9999999999980000442, 1.000000000003999912, 0.9999999999940000217, 1.000000000006999956, 0.9999999999930000438, 1.000000000005000000, 0.9999999999969999553, 1.000000000001999956, 0.9999999999990000221, 1.000000000000000000, 1.000000000000000000, 1.000000000000000000, 1.000000000000000000, 1.000000000000000000, 1.000000000000000000, 0.9999999999980000442, 1.000000000003999912, 0.9999999999959999775, 1.000000000003999912, 0.9999999999969999553, 1.000000000001000089, 0.9999999999990000221, 1.000000000000000000, 1.000000000000000000, 1.000000000000000000, 1.000000000000000000, 1.000000000000000000, 1.000000000000000000, 1.000000000000000000, 1.000000000000000000, 1.000000000000000000, 1.000000000000000000, 1.000000000000000000, 1.000000000000000000, 1.000000000000000000, 1.000000000000000000, 1.000000000000000000),
 ( 1.000000000000000000, 1.000000000000000000, 0.9999998334009999601, 0.9999995001020000052, 0.9999990000370000409, 0.9999983330570000328, 0.9999974991640000477, 0.9999964981360000005, 0.9999953300320000293, 0.9999939946129999813, 0.9999924919079999919, 0.9999908217420000467, 0.9999889840719999867, 0.9999869787830000245, 0.9999826328040000156, 0.9999802921079999907, 0.9999777836219999605, 0.9999751072400000496, 0.9999722629030000087, 0.9999692504649999591, 0.9999660699189999447, 0.9999627210699999491, 0.9999592039369999963, 0.9999555183339999820, 0.9999516642400000377, 0.9999476415239999527, 0.9999434501139999876, 0.9999303695119999835, 0.9999209739309999900, 0.9999109024669999846, 0.9999001544190000423, 0.9998887290810000161, 0.9998766257490000475, 0.9998638437289999459, 0.9998503822990000289, 0.9998362407809999741, 0.9998214184470000099, 0.9998059146129999464, 0.9997897285639999465, 0.9997728596029999970, 0.9997202018680000357, 0.9996823617950000296, 0.9996417815750000546, 0.9995984559649999657, 0.9995523797590000203, 0.9995035476729999813, 0.9994519545529999549, 0.9993975950679999665, 0.9993404640880000356, 0.9992805562909999884, 0.9992178665069999521, 0.9991523894680000017, 0.9990841199579999499, 0.9988709182970000322, 0.9987175824130000157, 0.9985530118990000314, 0.9983771735730000429, 0.9981900342499999690, 0.9979915607410000389, 0.9977817198749999728, 0.9975604784470000208, 0.9973278032969999929, 0.9970836612179999614, 0.9968280190430000021, 0.9965608435770000328, 0.9962821016409999508, 0.9954110768660000552, 0.9947837136489999788, 0.9941096240640000525, 0.9933887617679999504, 0.9926210804380000141, 0.9918065337089999600, 0.9909450752880000213, 0.9900366587819999786, 0.9890812379119999775, 0.9880787662909999991, 0.9870291976170000314, 0.9859324855319999692, 0.9847885837099999984, 0.9812151700090000483, 0.9786453802869999885, 0.9758892628390000157, 0.9729486817970000034, 0.9698261792640000545, 0.9665249752350000279, 0.9630489677419999950, 0.9594027326409999556, 0.9555915238679999479, 0.9516212731819999604, 0.9474985903829999945, 0.9432307631559999628, 0.9388257571639999632, 0.9252251336800000336, 0.9156436105249999846, 0.9056124806599999966, 0.8952067119419999663, 0.8845069171699999622, 0.8735954568039999701, 0.8625531334089999724, 0.8514564774180000128, 0.8403756248610000368, 0.8293727862019999453, 0.8185013072369999865, 0.8078053211600000338, 0.7973199925060000526, 0.7858057636649999900, 0.7847340346550000234, 0.7838571654649999498, 0.7831751560949999913, 0.7826880065450000368, 0.7823957168139999974, 0.7822982869040000509, 0.7823957168139999974, 0.7826880065450000368, 0.7831751560949999913, 0.7838571654649999498, 0.7847340346550000234, 0.7858057636649999900, 0.7870723524949999605),
 ( 1.000000000000000000, 1.000000000000000000, 1.000000000001000089, 0.9999999999959999775, 1.000000000008999912, 0.9999999999859999766, 1.000000000018999913, 0.9999999999799999983, 1.000000000016999957, 0.9999999999880000434, 1.000000000006999956, 0.9999999999969999553, 1.000000000001000089, 1.000000000000000000, 1.000000000000000000, 0.9999999999990000221, 1.000000000003000045, 0.9999999999940000217, 1.000000000010000001, 0.9999999999869999545, 1.000000000015000001, 0.9999999999859999766, 1.000000000011000090, 0.9999999999930000438, 1.000000000003000045, 0.9999999999990000221, 1.000000000000000000, 1.000000000000000000, 1.000000000000000000, 1.000000000000000000, 0.9999999999980000442, 1.000000000003000045, 0.9999999999940000217, 1.000000000006999956, 0.9999999999930000438, 1.000000000006000089, 0.9999999999959999775, 1.000000000001999956, 0.9999999999990000221, 1.000000000000000000, 1.000000000000000000, 1.000000000000000000, 0.9999999999990000221, 1.000000000001000089, 1.000000000000000000, 0.9999999999990000221, 1.000000000001999956, 0.9999999999969999553, 1.000000000003000045, 0.9999999999980000442, 1.000000000001000089, 1.000000000000000000, 1.000000000000000000, 1.000000000000000000, 1.000000000000000000, 0.9999999999990000221, 1.000000000001999956, 0.9999999999980000442, 1.000000000001000089, 1.000000000000000000, 0.9999999999990000221, 1.000000000001000089, 0.9999999999990000221, 1.000000000001000089, 1.000000000000000000, 1.000000000000000000, 1.000000000000000000, 1.000000000001000089, 0.9999999999990000221, 1.000000000003000045, 0.9999999999959999775, 1.000000000005000000, 0.9999999999949999996, 1.000000000003999912, 0.9999999999969999553, 1.000000000001999956, 0.9999999999990000221, 1.000000000000000000, 1.000000000000000000, 1.000000000000000000, 1.000000000000000000, 1.000000000001000089, 0.9999999999980000442, 1.000000000003999912, 0.9999999999940000217, 1.000000000006999956, 0.9999999999930000438, 1.000000000005000000, 0.9999999999969999553, 1.000000000001999956, 0.9999999999990000221, 1.000000000000000000, 1.000000000000000000, 1.000000000000000000, 1.000000000000000000, 1.000000000000000000, 1.000000000000000000, 0.9999999999980000442, 1.000000000003999912, 0.9999999999959999775, 1.000000000003999912, 0.9999999999969999553, 1.000000000001000089, 0.9999999999990000221, 1.000000000000000000, 1.000000000000000000, 1.000000000000000000, 1.000000000000000000, 1.000000000000000000, 1.000000000000000000, 1.000000000000000000, 1.000000000000000000, 1.000000000000000000, 1.000000000000000000, 1.000000000000000000, 1.000000000000000000, 1.000000000000000000, 1.000000000000000000, 1.000000000000000000) ) ) 
 REPRESENTATION_ITEM ( '' )  SURFACE ( )  );
#2353 = CARTESIAN_POINT ( 'NONE',  ( 8.388127742281000110, 1.374762945989999929, -0.3327726688479999972 ) ) ;
#2354 = CARTESIAN_POINT ( 'NONE',  ( 6.515201656323000735E-16, -3.899999999999999911, -11.55555555555000069 ) ) ;
#2355 = SURFACE_STYLE_USAGE ( .BOTH. , #2305 ) ;
#2356 = CARTESIAN_POINT ( 'NONE',  ( 8.541490187458000705, -2.125673648637000035, -0.6524409004179999583 ) ) ;
#2357 = ADVANCED_FACE ( 'NONE', ( #766, #821 ), #2457, .F. ) ;
#2358 = AXIS2_PLACEMENT_3D ( 'NONE', #441, #2499, #2779 ) ;
#2359 = AXIS2_PLACEMENT_3D ( 'NONE', #708, #2068, #3254 ) ;
#2360 = CARTESIAN_POINT ( 'NONE',  ( 8.413190635765191772, 1.372367207978855808, -0.4353778119730600804 ) ) ;
#2361 = CARTESIAN_POINT ( 'NONE',  ( -9.033757529211966286, -0.08499203348500546096, -3.072421260669501830 ) ) ;
#2362 = SURFACE_STYLE_USAGE ( .BOTH. , #1015 ) ;
#2363 = CARTESIAN_POINT ( 'NONE',  ( -8.635300548842000268, 1.023796521421999950, -1.105897458395999955 ) ) ;
#2364 = CARTESIAN_POINT ( 'NONE',  ( 8.652658255291999723, 0.8054298492420000066, -0.8773388210170001145 ) ) ;
#2365 = AXIS2_PLACEMENT_3D ( 'NONE', #593, #358, #3463 ) ;
#2366 = CARTESIAN_POINT ( 'NONE',  ( -11.33542927740774076, -4.346391963644193446, -24.15020399069063117 ) ) ;
#2367 = CARTESIAN_POINT ( 'NONE',  ( -9.332105628184001134, -0.6888783491920001945, -2.394487190629000395 ) ) ;
#2368 = ORIENTED_EDGE ( 'NONE', *, *, #2096, .T. ) ;
#2369 = CARTESIAN_POINT ( 'NONE',  ( 8.384512414120999679, -1.962194185771999999, -0.3442041656310000364 ) ) ;
#2370 = CARTESIAN_POINT ( 'NONE',  ( -8.600089828059999775, -2.233403313532000389, -0.7905576869979999977 ) ) ;
#2371 =( LENGTH_UNIT ( ) NAMED_UNIT ( * ) SI_UNIT ( .MILLI., .METRE. ) );
#2372 = CARTESIAN_POINT ( 'NONE',  ( 10.65392199719000033, -6.582624590774998730, -5.498416227143001045 ) ) ;
#2373 = CARTESIAN_POINT ( 'NONE',  ( -8.246819926046999427, -1.654354038880000211, -0.01846756370969999950 ) ) ;
#2374 = CYLINDRICAL_SURFACE ( 'NONE', #292, 8.400000000000000355 ) ;
#2375 = DIRECTION ( 'NONE',  ( 1.000000000000000000, 0.0000000000000000000, 0.0000000000000000000 ) ) ;
#2376 = CARTESIAN_POINT ( 'NONE',  ( 11.51687630738699930, -7.411485507865999800, -7.494107926106999606 ) ) ;
#2377 = CARTESIAN_POINT ( 'NONE',  ( 8.733288748614450370, 0.8597332137523154838, -1.434189993624390258 ) ) ;
#2378 = EDGE_CURVE ( 'NONE', #2348, #2029, #1075, .T. ) ;
#2379 = CARTESIAN_POINT ( 'NONE',  ( -10.52875187663999945, -5.019101393207000328, -8.755986086286000614 ) ) ;
#2380 = CARTESIAN_POINT ( 'NONE',  ( 8.776009047010999709, 0.5513133313679999814, -1.144222697130000022 ) ) ;
#2381 = VERTEX_POINT ( 'NONE', #1924 ) ;
#2382 = CARTESIAN_POINT ( 'NONE',  ( -8.259464698730999643, 1.581669792608999980, -0.03351965417969000188 ) ) ;
#2383 = CARTESIAN_POINT ( 'NONE',  ( -9.561887629078999140, -1.217293774905999992, -2.919421304200000566 ) ) ;
#2384 = EDGE_LOOP ( 'NONE', ( #2952, #2238, #1296, #3340 ) ) ;
#2385 = CARTESIAN_POINT ( 'NONE',  ( 8.811276402698000609, -3.070686760788000402, -1.451316692702000033 ) ) ;
#2386 = CARTESIAN_POINT ( 'NONE',  ( -8.953081920096000346, -2.852097025451000079, -1.584218262392000032 ) ) ;
#2387 = SURFACE_SIDE_STYLE ('',( #2649 ) ) ;
#2388 = CARTESIAN_POINT ( 'NONE',  ( 11.48418975003000142, -8.320402576217000856, -7.407678882953000254 ) ) ;
#2389 = CARTESIAN_POINT ( 'NONE',  ( -8.263875555074999824, -1.618758699293999959, -0.03505983803819000960 ) ) ;
#2390 = PRODUCT_DEFINITION_FORMATION_WITH_SPECIFIED_SOURCE ( 'ANY', '', #237, .NOT_KNOWN. ) ;
#2391 = CARTESIAN_POINT ( 'NONE',  ( 11.67757049867799957, -7.708484663219000055, -7.874697339817999797 ) ) ;
#2392 = CARTESIAN_POINT ( 'NONE',  ( 8.657600299012942813, 0.9964262084661238417, -1.160392860553822070 ) ) ;
#2393 = CARTESIAN_POINT ( 'NONE',  ( -11.00186934226960034, -4.341518290899437638, -7.500179250836721323 ) ) ;
#2394 = CARTESIAN_POINT ( 'NONE',  ( -9.665446646794002561, -2.500731544681999985, -5.979505487481000081 ) ) ;
#2395 = CARTESIAN_POINT ( 'NONE',  ( 8.441824443679999845, 1.227989636111999960, -0.4235541066030000801 ) ) ;
#2396 = ADVANCED_FACE ( 'NONE', ( #1369 ), #2481, .T. ) ;
#2397 = FILL_AREA_STYLE ('',( #3489 ) ) ;
#2398 = ORIENTED_EDGE ( 'NONE', *, *, #2112, .T. ) ;
#2399 = CARTESIAN_POINT ( 'NONE',  ( 9.858861707073000247, -6.082885856206000419, -4.698252504418000797 ) ) ;
#2400 = CARTESIAN_POINT ( 'NONE',  ( -8.800010690368999633, -2.583320882605000257, -1.238774660280000051 ) ) ;
#2401 = CARTESIAN_POINT ( 'NONE',  ( -8.270677270818101334, -1.659707485496419332, -0.05944594221656167993 ) ) ;
#2402 = CARTESIAN_POINT ( 'NONE',  ( 8.245240955046000408, -1.616993856759999959, -0.003821816115004999896 ) ) ;
#2403 = CARTESIAN_POINT ( 'NONE',  ( 8.280796358244000288, -1.704202429745000247, -0.08982352322153001889 ) ) ;
#2404 =( REPRESENTATION_RELATIONSHIP ('NONE','NONE', #2210, #438 ) REPRESENTATION_RELATIONSHIP_WITH_TRANSFORMATION ( #3370 )SHAPE_REPRESENTATION_RELATIONSHIP( ) );
#2405 = CARTESIAN_POINT ( 'NONE',  ( -8.284452061492000752, -1.697413012636999952, -0.09418235945536999887 ) ) ;
#2406 =( NAMED_UNIT ( * ) PLANE_ANGLE_UNIT ( ) SI_UNIT ( $, .RADIAN. ) );
#2407 = EDGE_LOOP ( 'NONE', ( #3142, #1417, #3538, #2082 ) ) ;
#2408 = SURFACE_STYLE_FILL_AREA ( #1287 ) ;
#2409 = STYLED_ITEM ( 'NONE', ( #1343 ), #1272 ) ;
#2410 = CARTESIAN_POINT ( 'NONE',  ( -8.860975376541968984, 0.5446772757636400009, -2.046490230480252137 ) ) ;
#2411 = CARTESIAN_POINT ( 'NONE',  ( 8.331146092463999508, 1.490383479301000014, -0.2205709620030000262 ) ) ;
#2412 = CARTESIAN_POINT ( 'NONE',  ( 8.323244909914999212, 1.457828885634000038, -0.1684822678439999999 ) ) ;
#2413 = CIRCLE ( 'NONE', #2822, 6.000000000000000000 ) ;
#2414 =( GEOMETRIC_REPRESENTATION_CONTEXT ( 3 ) GLOBAL_UNCERTAINTY_ASSIGNED_CONTEXT ( ( #1737 ) ) GLOBAL_UNIT_ASSIGNED_CONTEXT ( ( #2371, #2616, #1674 ) ) REPRESENTATION_CONTEXT ( 'NONE', 'WORKASPACE' ) );
#2415 =( LENGTH_UNIT ( ) NAMED_UNIT ( * ) SI_UNIT ( .MILLI., .METRE. ) );
#2416 = AXIS2_PLACEMENT_3D ( 'NONE', #3342, #1375, #270 ) ;
#2417 = STYLED_ITEM ( 'NONE', ( #1109 ), #2396 ) ;
#2418 = CARTESIAN_POINT ( 'NONE',  ( -11.50000000000000000, -3.899999999999999911, -7.500000000000000000 ) ) ;
#2419 = CARTESIAN_POINT ( 'NONE',  ( -8.786055909217999726, 0.7257230596399999456, -1.265834461944000067 ) ) ;
#2420 = VERTEX_POINT ( 'NONE', #380 ) ;
#2421 = CARTESIAN_POINT ( 'NONE',  ( 10.83807832203100041, -8.744263747168002254, -7.954433857287000365 ) ) ;
#2422 = CARTESIAN_POINT ( 'NONE',  ( -11.79663204601000182, -8.003827593475000057, -8.257403559228999157 ) ) ;
#2423 = FILL_AREA_STYLE ('',( #2351 ) ) ;
#2424 = ADVANCED_FACE ( 'NONE', ( #1505 ), #38, .T. ) ;
#2425 =( NAMED_UNIT ( * ) PLANE_ANGLE_UNIT ( ) SI_UNIT ( $, .RADIAN. ) );
#2426 = CARTESIAN_POINT ( 'NONE',  ( 11.33040982432200039, -7.997764827912000385, -7.053083491849000630 ) ) ;
#2427 = CARTESIAN_POINT ( 'NONE',  ( -8.428012246857999656, -1.995144686878000284, -0.4257748797050000533 ) ) ;
#2428 = CARTESIAN_POINT ( 'NONE',  ( 9.009982628627843937, 0.06782606036868608912, -2.850303836137494162 ) ) ;
#2429 = CARTESIAN_POINT ( 'NONE',  ( -11.06018575584565689, -4.410521065891956916, -7.500027855850091463 ) ) ;
#2430 = CARTESIAN_POINT ( 'NONE',  ( 8.408378239845999857, 1.379302093098000004, -0.4222957738659999793 ) ) ;
#2431 = CARTESIAN_POINT ( 'NONE',  ( 8.410309956972000123, 1.289958171447999957, -0.3559851950459999581 ) ) ;
#2432 = SURFACE_STYLE_FILL_AREA ( #168 ) ;
#2433 = CARTESIAN_POINT ( 'NONE',  ( 0.0000000000000000000, 0.0000000000000000000, 0.0000000000000000000 ) ) ;
#2434 = CARTESIAN_POINT ( 'NONE',  ( -8.370538566659000423, 1.401139889049999976, -0.2957493179169999875 ) ) ;
#2435 = CARTESIAN_POINT ( 'NONE',  ( -11.78225559561000146, -7.976931665347001044, -8.222930811557999320 ) ) ;
#2436 = CARTESIAN_POINT ( 'NONE',  ( -8.385036484535000056, 1.336294364770000076, -0.3051762698040000332 ) ) ;
#2437 = FILL_AREA_STYLE_COLOUR ( '', #2213 ) ;
#2438 = CARTESIAN_POINT ( 'NONE',  ( 8.867651138470000305, 0.3587104626750000080, -1.343289165255000084 ) ) ;
#2439 = CARTESIAN_POINT ( 'NONE',  ( 8.301674198102999114, -1.755807232490000036, -0.1406350295140000040 ) ) ;
#2440 = CARTESIAN_POINT ( 'NONE',  ( -8.470560299833000073, -2.083393121773999823, -0.5240044688170000242 ) ) ;
#2441 = CARTESIAN_POINT ( 'NONE',  ( 9.084051781258999370, -3.067015231502999928, -1.859857302118000044 ) ) ;
#2442 = CARTESIAN_POINT ( 'NONE',  ( 9.600659950744992344, -2.189029599168841766, -5.631710028100376242 ) ) ;
#2443 = CARTESIAN_POINT ( 'NONE',  ( 8.377759515970000237, 1.423324848150000044, -0.3411858402710000182 ) ) ;
#2444 = CARTESIAN_POINT ( 'NONE',  ( 11.06091696398998536, -4.574838022337972987, -6.402585065361968475 ) ) ;
#2445 = DIRECTION ( 'NONE',  ( 0.0000000000000000000, -0.0000000000000000000, 1.000000000000000000 ) ) ;
#2446 = CARTESIAN_POINT ( 'NONE',  ( -4.871484326707999912, -7.779158573561000267, 0.0000000000000000000 ) ) ;
#2447 = CARTESIAN_POINT ( 'NONE',  ( 10.76192569109899999, -8.549597114078000715, -7.709738703362999601 ) ) ;
#2448 = CARTESIAN_POINT ( 'NONE',  ( -11.25398462527012100, -5.071103861262259649, -6.950016301618283876 ) ) ;
#2449 = SURFACE_SIDE_STYLE ('',( #1330 ) ) ;
#2450 = CARTESIAN_POINT ( 'NONE',  ( 9.285900493056999494, -0.5574016176549999591, -2.263701791446000033 ) ) ;
#2451 = CARTESIAN_POINT ( 'NONE',  ( 8.284012228299001634, -1.712141754901000068, -0.09763886441341000644 ) ) ;
#2452 = CARTESIAN_POINT ( 'NONE',  ( -8.364201604001999968, -1.862802772071000090, -0.2784192693029999832 ) ) ;
#2453 = SHAPE_DEFINITION_REPRESENTATION ( #2229, #2210 ) ;
#2454 = CARTESIAN_POINT ( 'NONE',  ( 8.333329334879998385, -1.796612499897000115, -0.2046815390129999856 ) ) ;
#2455 = CARTESIAN_POINT ( 'NONE',  ( 8.975433864590852906, 0.2026365053132337390, -2.640926892176648000 ) ) ;
#2456 = CARTESIAN_POINT ( 'NONE',  ( -8.458234493272678733, 1.302475252763291902, -0.5660408260160403326 ) ) ;
#2457 = PLANE ( 'NONE',  #1542 ) ;
#2458 = CARTESIAN_POINT ( 'NONE',  ( 11.50000000000000000, -7.400000000000000355, -7.500000000000000000 ) ) ;
#2459 = CARTESIAN_POINT ( 'NONE',  ( 11.41068372444715529, -4.973458213416860119, -7.499999343397209195 ) ) ;
#2460 = SURFACE_SIDE_STYLE ('',( #1342 ) ) ;
#2461 = COLOUR_RGB ( '',0.8000000000000000444, 0.8000000000000000444, 0.8000000000000000444 ) ;
#2462 = CARTESIAN_POINT ( 'NONE',  ( -9.349096165474000131, -4.631972144464000962, -3.077295861407000288 ) ) ;
#2463 = AXIS2_PLACEMENT_3D ( 'NONE', #3513, #2921, #1534 ) ;
#2464 = PRODUCT_DEFINITION_CONTEXT ( 'detailed design', #2042, 'design' ) ;
#2465 = CARTESIAN_POINT ( 'NONE',  ( 10.78368358565099960, -8.605216152103000837, -7.779651604484000060 ) ) ;
#2466 = CARTESIAN_POINT ( 'NONE',  ( -11.61012460707000216, -7.654903447865000210, -7.810184412505000395 ) ) ;
#2467 = CARTESIAN_POINT ( 'NONE',  ( 8.637167155520000250, 0.8370245087720000754, -0.8438853935080000701 ) ) ;
#2468 = CARTESIAN_POINT ( 'NONE',  ( 8.583654857582999398, -2.469741053541000042, -0.8478149779439999589 ) ) ;
#2469 = CARTESIAN_POINT ( 'NONE',  ( -8.541483597036000575, -2.230505810277000123, -0.6876982832610000207 ) ) ;
#2470 = DIRECTION ( 'NONE',  ( 1.000000000000000000, 0.0000000000000000000, 0.0000000000000000000 ) ) ;
#2471 = CARTESIAN_POINT ( 'NONE',  ( 11.72109345707700001, -7.788924919205000741, -7.977777464163000154 ) ) ;
#2472 = CARTESIAN_POINT ( 'NONE',  ( 9.470953627350311876, -1.742196346582172373, -5.129095359273629029 ) ) ;
#2473 = CARTESIAN_POINT ( 'NONE',  ( -8.269194477070000104, -1.676437827233999922, -0.06246519780247000025 ) ) ;
#2474 = CARTESIAN_POINT ( 'NONE',  ( 8.988595633518999151, 0.09927767926088999773, -1.607328481526999919 ) ) ;
#2475 = FACE_OUTER_BOUND ( 'NONE', #3269, .T. ) ;
#2476 = SURFACE_SIDE_STYLE ('',( #2432 ) ) ;
#2477 = ADVANCED_FACE ( 'NONE', ( #2309 ), #589, .T. ) ;
#2478 = CARTESIAN_POINT ( 'NONE',  ( 11.51929999999999943, -4.782740000000000435, -7.500000000000000000 ) ) ;
#2479 = CARTESIAN_POINT ( 'NONE',  ( -10.65679277194226771, -8.382739999997610880, -7.499999999996936673 ) ) ;
#2480 = CARTESIAN_POINT ( 'NONE',  ( -8.657464525176999715, 0.9313527927529999806, -0.9655164877109999599 ) ) ;
#2481 = CYLINDRICAL_SURFACE ( 'NONE', #2241, 1.000000000000000000 ) ;
#2482 = DIRECTION ( 'NONE',  ( 0.0000000000000000000, 2.220446049250000002E-16, -1.000000000000000000 ) ) ;
#2483 = CARTESIAN_POINT ( 'NONE',  ( -8.259464698730999643, 1.581669792609000202, -0.03351965417969000188 ) ) ;
#2484 = PRESENTATION_STYLE_ASSIGNMENT (( #1658 ) ) ;
#2485 = CARTESIAN_POINT ( 'NONE',  ( 8.370810172134000027, 1.367191026916000141, -0.2714037152759999905 ) ) ;
#2486 = ORIENTED_EDGE ( 'NONE', *, *, #2312, .T. ) ;
#2487 = FACE_OUTER_BOUND ( 'NONE', #150, .T. ) ;
#2488 = CARTESIAN_POINT ( 'NONE',  ( -8.311033243116998648, -1.752537975745999788, -0.1555994459309999745 ) ) ;
#2489 = CARTESIAN_POINT ( 'NONE',  ( 8.292096320168999668, -1.712097014957000063, -0.1105348423799999980 ) ) ;
#2490 = CARTESIAN_POINT ( 'NONE',  ( 8.245052497008002135, -1.644132396818000386, -0.01218015890288000162 ) ) ;
#2491 = LINE ( 'NONE', #232, #819 ) ;
#2492 = CARTESIAN_POINT ( 'NONE',  ( 9.939733920914999743, -3.274200750208999811, -6.831379898036001208 ) ) ;
#2493 = CARTESIAN_POINT ( 'NONE',  ( 11.48697879173155734, -5.244991872198431437, -7.499581548951111287 ) ) ;
#2494 = CARTESIAN_POINT ( 'NONE',  ( -8.251645770760999810, 1.601771500731999920, -0.02002057285877999887 ) ) ;
#2495 = SURFACE_STYLE_USAGE ( .BOTH. , #1387 ) ;
#2496 = UNCERTAINTY_MEASURE_WITH_UNIT (LENGTH_MEASURE( 1.000000000000000082E-05 ), #7, 'distance_accuracy_value', 'NONE');
#2497 = CARTESIAN_POINT ( 'NONE',  ( 8.257345838073000266, -1.650155131593000091, -0.03414720486387000375 ) ) ;
#2498 =( GEOMETRIC_REPRESENTATION_CONTEXT ( 3 ) GLOBAL_UNCERTAINTY_ASSIGNED_CONTEXT ( ( #2496 ) ) GLOBAL_UNIT_ASSIGNED_CONTEXT ( ( #7, #2806, #3629 ) ) REPRESENTATION_CONTEXT ( 'NONE', 'WORKASPACE' ) );
#2499 = DIRECTION ( 'NONE',  ( 0.0000000000000000000, -0.0000000000000000000, 1.000000000000000000 ) ) ;
#2500 = CARTESIAN_POINT ( 'NONE',  ( -8.447398715457001828, 1.212427253050000209, -0.4403232245160000335 ) ) ;
#2501 = DIRECTION ( 'NONE',  ( 1.776356839400250465E-15, -2.303485271379099403E-16, 1.000000000000000000 ) ) ;
#2502 = EDGE_CURVE ( 'NONE', #1511, #3365, #1025, .T. ) ;
#2503 = CARTESIAN_POINT ( 'NONE',  ( 8.378719519152999951, 1.351764137101000074, -0.2883303316449999931 ) ) ;
#2504 = EDGE_LOOP ( 'NONE', ( #966, #704, #2002, #3180 ) ) ;
#2505 = CARTESIAN_POINT ( 'NONE',  ( 11.90914963800799953, -4.528283033744999742, -8.430972040070997764 ) ) ;
#2506 = CARTESIAN_POINT ( 'NONE',  ( -11.18416560521999870, -7.764242937913000020, -6.796650569592999958 ) ) ;
#2507 = FILL_AREA_STYLE ('',( #3635 ) ) ;
#2508 = APPLICATION_PROTOCOL_DEFINITION ( 'draft international standard', 'automotive_design', 1998, #1275 ) ;
#2509 = CARTESIAN_POINT ( 'NONE',  ( 8.247244596290002505, -1.627017002302000082, -0.01028565059331000044 ) ) ;
#2510 = CARTESIAN_POINT ( 'NONE',  ( 8.262793893240999665, -1.634219314594000050, -0.03795904980665000539 ) ) ;
#2511 = CARTESIAN_POINT ( 'NONE',  ( -8.300923842396001007, -1.755859648099999948, -0.1406107341099999963 ) ) ;
#2512 = SURFACE_STYLE_USAGE ( .BOTH. , #2792 ) ;
#2513 = CARTESIAN_POINT ( 'NONE',  ( 10.11516855086700062, -3.786316304476999850, -7.393428348859999666 ) ) ;
#2514 = CARTESIAN_POINT ( 'NONE',  ( -2.280699999999999950, -8.382740000000000080, -7.500000000000000000 ) ) ;
#2515 = CARTESIAN_POINT ( 'NONE',  ( -8.283408252133000360, 1.569020648888999947, -0.1087268075839999959 ) ) ;
#2516 = CARTESIAN_POINT ( 'NONE',  ( -11.47534233635264656, -7.548457866410022810, -7.499838766958616176 ) ) ;
#2517 = MECHANICAL_DESIGN_GEOMETRIC_PRESENTATION_REPRESENTATION (  '', ( #3055 ), #39 ) ;
#2518 = CARTESIAN_POINT ( 'NONE',  ( -9.618897690050999927, -1.349152296348999913, -3.051022537911999954 ) ) ;
#2519 = CARTESIAN_POINT ( 'NONE',  ( -8.524976265644999884, 1.056768619502000073, -0.6088145384309999741 ) ) ;
#2520 = CARTESIAN_POINT ( 'NONE',  ( 8.400000000000000355, 0.0000000000000000000, 23.69999999999999929 ) ) ;
#2521 = CARTESIAN_POINT ( 'NONE',  ( 4.871484326707999912, -7.779158573562000356, 0.0000000000000000000 ) ) ;
#2522 =( GEOMETRIC_REPRESENTATION_CONTEXT ( 3 ) GLOBAL_UNCERTAINTY_ASSIGNED_CONTEXT ( ( #3422 ) ) GLOBAL_UNIT_ASSIGNED_CONTEXT ( ( #2791, #2881, #277 ) ) REPRESENTATION_CONTEXT ( 'NONE', 'WORKASPACE' ) );
#2523 = UNCERTAINTY_MEASURE_WITH_UNIT (LENGTH_MEASURE( 1.000000000000000082E-05 ), #3225, 'distance_accuracy_value', 'NONE');
#2524 = EDGE_LOOP ( 'NONE', ( #2644, #2984, #2930, #1716 ) ) ;
#2525 = CARTESIAN_POINT ( 'NONE',  ( 9.999862272404000052, -1.211089667493000066, -4.010949242204000953 ) ) ;
#2526 = SURFACE_STYLE_FILL_AREA ( #812 ) ;
#2527 = CARTESIAN_POINT ( 'NONE',  ( -11.29477071067000082, -7.998939711725001622, -7.054526257734000438 ) ) ;
#2528 = EDGE_CURVE ( 'NONE', #3365, #3261, #3594, .T. ) ;
#2529 = CARTESIAN_POINT ( 'NONE',  ( 2.576003697123999903, 8.942378205015000248, 0.0000000000000000000 ) ) ;
#2530 = CARTESIAN_POINT ( 'NONE',  ( 8.903789760009001242, -2.966455980557000327, -1.505449825572999778 ) ) ;
#2531 = CARTESIAN_POINT ( 'NONE',  ( -8.849282312464000100, -3.197284999463999799, -1.579083287485999909 ) ) ;
#2532 = CARTESIAN_POINT ( 'NONE',  ( 3.851859888774000017E-34, -3.899999999999999911, -18.25000000000000000 ) ) ;
#2533 = CARTESIAN_POINT ( 'NONE',  ( 9.009468762692002031, 0.07502178598205999638, -2.847841793388000031 ) ) ;
#2534 = CARTESIAN_POINT ( 'NONE',  ( -10.50000000000000000, -3.899999999999999911, -7.500000000000000000 ) ) ;
#2535 = CARTESIAN_POINT ( 'NONE',  ( 11.51929999999999943, -6.132740000000000080, -7.500000000000000000 ) ) ;
#2536 = CARTESIAN_POINT ( 'NONE',  ( -8.297757855745999223, -1.747917700311000022, -0.1327929694380000081 ) ) ;
#2537 = CARTESIAN_POINT ( 'NONE',  ( -8.421144000411999286, 1.357438505915000038, -0.4631021250340000006 ) ) ;
#2538 = UNCERTAINTY_MEASURE_WITH_UNIT (LENGTH_MEASURE( 1.000000000000000082E-05 ), #3445, 'distance_accuracy_value', 'NONE');
#2539 = CARTESIAN_POINT ( 'NONE',  ( 8.294812130166999253, -1.700698784930000151, -0.1114441180470000098 ) ) ;
#2540 = LINE ( 'NONE', #2841, #1356 ) ;
#2541 = CARTESIAN_POINT ( 'NONE',  ( -8.770038225005999166, 0.5512932571049999897, -1.143963188078999771 ) ) ;
#2542 = SURFACE_STYLE_FILL_AREA ( #1983 ) ;
#2543 = VERTEX_POINT ( 'NONE', #1088 ) ;
#2544 = CARTESIAN_POINT ( 'NONE',  ( 11.97812148414699962, -4.649760936418998902, -8.593403083824998845 ) ) ;
#2545 = CARTESIAN_POINT ( 'NONE',  ( 9.365982672785001739, -4.631293140931000529, -3.077627855667000034 ) ) ;
#2546 = CARTESIAN_POINT ( 'NONE',  ( -11.58569927857999637, -8.616693990207998866, -7.733474811381999103 ) ) ;
#2547 = CARTESIAN_POINT ( 'NONE',  ( 8.989850388290001604, -3.143121653049000042, -1.701492423789000119 ) ) ;
#2548 = EDGE_CURVE ( 'NONE', #3261, #1130, #3484, .T. ) ;
#2549 = CARTESIAN_POINT ( 'NONE',  ( -10.07229068852999987, -6.787446737465000268, -5.529190501291999738 ) ) ;
#2550 = CARTESIAN_POINT ( 'NONE',  ( 8.895711099967000379, 0.4755975369289999755, -2.177125142046000050 ) ) ;
#2551 = CARTESIAN_POINT ( 'NONE',  ( 10.98270192156482850, -4.280108377705839295, -7.500399269061819751 ) ) ;
#2552 =( NAMED_UNIT ( * ) SI_UNIT ( $, .STERADIAN. ) SOLID_ANGLE_UNIT ( ) );
#2553 = SHAPE_REPRESENTATION ( 'Fillet002', ( #688 ), #2279 ) ;
#2554 = SURFACE_STYLE_USAGE ( .BOTH. , #1160 ) ;
#2555 = CARTESIAN_POINT ( 'NONE',  ( -8.388911865374002019, -1.978199031338999880, -0.3598245627330000085 ) ) ;
#2556 = CARTESIAN_POINT ( 'NONE',  ( -8.243698300824000569, 1.612897493640000013, -1.385558334732000230E-13 ) ) ;
#2557 = CARTESIAN_POINT ( 'NONE',  ( 8.400000000000000355, -0.3245952928640000179, 0.0000000000000000000 ) ) ;
#2558 = EDGE_LOOP ( 'NONE', ( #368, #3159, #25, #1571 ) ) ;
#2559 = MECHANICAL_DESIGN_GEOMETRIC_PRESENTATION_REPRESENTATION (  '', ( #3452 ), #3097 ) ;
#2560 = CARTESIAN_POINT ( 'NONE',  ( -8.920598135894000080, 0.2294172807010000370, -1.475192188989999709 ) ) ;
#2561 = UNCERTAINTY_MEASURE_WITH_UNIT (LENGTH_MEASURE( 1.000000000000000082E-05 ), #165, 'distance_accuracy_value', 'NONE');
#2562 = EDGE_LOOP ( 'NONE', ( #867, #525, #2613, #2256 ) ) ;
#2563 = CARTESIAN_POINT ( 'NONE',  ( 8.825225402355000526, 0.6747170580300000386, -1.341203502383000234 ) ) ;
#2564 = CARTESIAN_POINT ( 'NONE',  ( 10.35110279487398799, -7.477631462776967552, -6.370468570710960066 ) ) ;
#2565 = CARTESIAN_POINT ( 'NONE',  ( -8.268999136514999293, -1.656798586826000008, -0.05574732708205000498 ) ) ;
#2566 = PRESENTATION_LAYER_ASSIGNMENT (  '', '', ( #509 ) ) ;
#2567 =( LENGTH_UNIT ( ) NAMED_UNIT ( * ) SI_UNIT ( .MILLI., .METRE. ) );
#2568 = CARTESIAN_POINT ( 'NONE',  ( -8.962302221850002582, -3.511893402695000166, -1.900442757240000002 ) ) ;
#2569 = CARTESIAN_POINT ( 'NONE',  ( 10.61141856988099974, -5.134869393968999773, -8.883410745803999475 ) ) ;
#2570 = CARTESIAN_POINT ( 'NONE',  ( 11.14818982658825064, -4.479289390546540517, -7.500044334998167805 ) ) ;
#2571 = CARTESIAN_POINT ( 'NONE',  ( -8.432421070576999966, -2.089331555449999822, -0.4696742686429999925 ) ) ;
#2572 = CARTESIAN_POINT ( 'NONE',  ( -8.376012605629000518, 1.423372948909999991, -0.3412746630549999827 ) ) ;
#2573 = CARTESIAN_POINT ( 'NONE',  ( -8.555875337962001836, 0.9942061284920000741, -0.6760488923759999658 ) ) ;
#2574 = CARTESIAN_POINT ( 'NONE',  ( -11.50000000000000000, -3.899999999999999911, -7.500000000000000000 ) ) ;
#2575 = PRESENTATION_LAYER_ASSIGNMENT (  '', '', ( #2177 ) ) ;
#2576 = CARTESIAN_POINT ( 'NONE',  ( 9.021776713725000008, 0.3703668705370000147, -1.793560017467999979 ) ) ;
#2577 = CARTESIAN_POINT ( 'NONE',  ( -11.07326585302000055, -7.529103547125999718, -6.538339195488999778 ) ) ;
#2578 =( BOUNDED_SURFACE ( )  B_SPLINE_SURFACE ( 2, 14, ( 
 ( #1016, #2998, #475, #2711, #212, #1364, #2123, #2962, #767, #3264, #2979, #2411, #2170, #1321, #1902, #3534, #2443, #1589, #1307, #2729, #2430, #3564, #1050, #612, #860, #278, #841, #1423, #3640, #16, #1992, #1442, #1125, #255, #3392, #802, #2264, #2836, #592, #1104, #535, #3603, #1668, #506, #1745, #3112, #2852, #1727, #2284, #1460, #300, #2550, #2771, #2208, #3092, #2533, #572, #1144, #822, #1954, #3331, #1156, #556, #3406, #1087, #879, #2014, #3129, #1936, #2228, #2246, #3053, #233, #2492, #3621, #2513, #3349, #3373, #3074, #1686, #2793, #1404, #899, #104, #634, #1497, #2303, #2867, #1531, #2584, #2569, #3429, #32 ),
 ( #3167, #1177, #2035, #3462, #391, #3150, #1761, #88, #336, #957, #1478, #1228, #54, #1196, #70, #648, #357, #2353, #2319, #1213, #2917, #2337, #3443, #680, #918, #2056, #1775, #2090, #2887, #2603, #936, #2072, #3482, #3190, #662, #1798, #2902, #1516, #2621, #3206, #872, #3366, #835, #2563, #3400, #1136, #2004, #2222, #11, #2576, #3084, #310, #566, #1986, #3067, #2862, #3124, #294, #3107, #1152, #2257, #2296, #607, #26, #3387, #2525, #1738, #548, #1455, #1171, #3424, #1967, #2784, #3341, #246, #2276, #331, #893, #1473, #2030, #3143, #49, #626, #1755, #2505, #811, #584, #1436, #1717, #2544, #1696, #2808, #1947 ),
 ( #1677, #3633, #1117, #269, #2240, #1418, #3654, #853, #2829, #1601, #1620, #3293, #1373, #1351, #2703, #2485, #2503, #225, #3571, #3557, #2220, #174, #1095, #1640, #3630, #1394, #3364, #1313, #464, #3613, #3339, #755, #3065, #244, #1060, #2782, #810, #2467, #2762, #502, #3043, #1912, #524, #1896, #778, #2438, #1944, #3023, #1928, #546, #1675, #2182, #1116, #2741, #2236, #2450, #1042, #834, #203, #3007, #2987, #3596, #483, #2162, #3324, #2721, #189, #3310, #1331, #1077, #2198, #794, #1659, #1736, #1715, #1470, #2273, #910, #8, #2825, #891, #308, #2255, #293, #1168, #1965, #1453, #3105, #3384, #2046, #605, #3399, #328 ) ),
 .UNSPECIFIED., .F., .F., .F. ) 
 B_SPLINE_SURFACE_WITH_KNOTS ( ( 3, 3 ),
 ( 15, 13, 13, 13, 13, 13, 13, 15 ),
 ( 0.0000000000000000000, 10.79946010090299957 ),
 ( 0.0000000000000000000, 0.3374831281530000227, 0.6749662563060000453, 1.349932512612999957, 2.699865025225999915, 5.399730050451999830, 10.79946010090299957, 11.39151204928499972 ),
 .UNSPECIFIED. ) 
 GEOMETRIC_REPRESENTATION_ITEM ( )  RATIONAL_B_SPLINE_SURFACE ( (
 ( 1.000000000000000000, 1.000000000000000000, 1.000000000001000089, 0.9999999999959999775, 1.000000000008000045, 0.9999999999859999766, 1.000000000018000046, 0.9999999999819999541, 1.000000000015000001, 0.9999999999899999992, 1.000000000006000089, 0.9999999999980000442, 1.000000000001000089, 1.000000000000000000, 1.000000000000000000, 1.000000000000000000, 1.000000000000000000, 0.9999999999990000221, 1.000000000001999956, 0.9999999999969999553, 1.000000000003000045, 0.9999999999969999553, 1.000000000001999956, 0.9999999999990000221, 1.000000000001000089, 1.000000000000000000, 1.000000000000000000, 1.000000000000000000, 1.000000000000000000, 1.000000000000000000, 0.9999999999990000221, 1.000000000003000045, 0.9999999999949999996, 1.000000000006000089, 0.9999999999940000217, 1.000000000005000000, 0.9999999999969999553, 1.000000000001999956, 0.9999999999990000221, 1.000000000000000000, 1.000000000000000000, 1.000000000000000000, 1.000000000000000000, 1.000000000000000000, 1.000000000000000000, 1.000000000000000000, 1.000000000000000000, 1.000000000000000000, 1.000000000000000000, 1.000000000000000000, 1.000000000000000000, 1.000000000000000000, 1.000000000000000000, 1.000000000000000000, 1.000000000000000000, 1.000000000000000000, 1.000000000001000089, 0.9999999999990000221, 1.000000000001000089, 0.9999999999990000221, 1.000000000001000089, 0.9999999999990000221, 1.000000000000000000, 1.000000000000000000, 1.000000000000000000, 1.000000000000000000, 1.000000000000000000, 1.000000000000000000, 1.000000000001000089, 0.9999999999980000442, 1.000000000003000045, 0.9999999999949999996, 1.000000000005000000, 0.9999999999949999996, 1.000000000003000045, 0.9999999999980000442, 1.000000000001000089, 1.000000000000000000, 1.000000000000000000, 1.000000000000000000, 1.000000000000000000, 1.000000000000000000, 1.000000000000000000, 1.000000000000000000, 1.000000000000000000, 1.000000000000000000, 1.000000000000000000, 1.000000000000000000, 1.000000000000000000, 1.000000000000000000, 1.000000000000000000, 1.000000000000000000, 1.000000000000000000),
 ( 1.000000000000000000, 0.9999999999990000221, 0.9999933382200000276, 0.9999798791159999478, 0.9999594833870000254, 0.9999320076909999910, 0.9998973049749999564, 0.9998552237390000430, 0.9998056088779999628, 0.9997483005509999465, 0.9996831351849999603, 0.9996099445260000493, 0.9995285562400000323, 0.9994387934970000442, 0.9992421567879999911, 0.9991353301950000043, 0.9990197903349999908, 0.9988953321700000387, 0.9987617506760000374, 0.9986188408099999636, 0.9984663975540000180, 0.9983042158599999549, 0.9981320907109999530, 0.9979498170630000109, 0.9977571898920000182, 0.9975540041610000408, 0.9973400548399999899, 0.9966653010099999488, 0.9961716009569999697, 0.9956320380349999999, 0.9950446218480000216, 0.9944073702810000137, 0.9937183095520000231, 0.9929754741259999573, 0.9921769068369999944, 0.9913206587370000378, 0.9904047892570000400, 0.9894273660610000132, 0.9883864651579999938, 0.9872801708299999701, 0.9837593853510000486, 0.9811482407620000235, 0.9782534505409999914, 0.9750624444509999877, 0.9715693085709999899, 0.9677743205300000096, 0.9636834846630000229, 0.9593080672810000431, 0.9546641318009999599, 0.9497720740220000346, 0.9446561572730000078, 0.9393440476550000140, 0.9338663492230000474, 0.9170357191669999963, 0.9052600419959999645, 0.8931792538780000124, 0.8809830997859999790, 0.8688112456059999822, 0.8567626859210000223, 0.8449042377330000519, 0.8332781196840000071, 0.8219086173730000278, 0.8108078340709999887, 0.7999805275300000407, 0.7894280322969999819, 0.7791512679550000042, 0.7491559631949999964, 0.7302662827420000058, 0.7124531844289999638, 0.6956717396730000003, 0.6798682141690000069, 0.6649846269910000274, 0.6509623532099999554, 0.6377447699530000014, 0.6252789460450000059, 0.6135163750290000273, 0.6024127518030000239, 0.5919267926440000549, 0.5820180988009999723, 0.5716162499689999565, 0.5707465615610000098, 0.5700349983179999747, 0.5694815602399999621, 0.5690862473269999722, 0.5688490595790000048, 0.5687699969970000380, 0.5688490595790000048, 0.5690862473269999722, 0.5694815602399999621, 0.5700349983179999747, 0.5707465615610000098, 0.5716162499689999565, 0.5726440635430000148),
 ( 1.000000000000000000, 1.000000000000000000, 1.000000000001000089, 0.9999999999959999775, 1.000000000008000045, 0.9999999999859999766, 1.000000000018000046, 0.9999999999819999541, 1.000000000015000001, 0.9999999999899999992, 1.000000000006000089, 0.9999999999980000442, 1.000000000001000089, 1.000000000000000000, 1.000000000000000000, 1.000000000000000000, 1.000000000000000000, 0.9999999999990000221, 1.000000000001999956, 0.9999999999969999553, 1.000000000003000045, 0.9999999999969999553, 1.000000000001999956, 0.9999999999990000221, 1.000000000001000089, 1.000000000000000000, 1.000000000000000000, 1.000000000000000000, 1.000000000000000000, 1.000000000000000000, 0.9999999999990000221, 1.000000000003000045, 0.9999999999949999996, 1.000000000006000089, 0.9999999999940000217, 1.000000000005000000, 0.9999999999969999553, 1.000000000001999956, 0.9999999999990000221, 1.000000000000000000, 1.000000000000000000, 1.000000000000000000, 1.000000000000000000, 1.000000000000000000, 1.000000000000000000, 1.000000000000000000, 1.000000000000000000, 1.000000000000000000, 1.000000000000000000, 1.000000000000000000, 1.000000000000000000, 1.000000000000000000, 1.000000000000000000, 1.000000000000000000, 1.000000000000000000, 1.000000000000000000, 1.000000000001000089, 0.9999999999990000221, 1.000000000001000089, 0.9999999999990000221, 1.000000000001000089, 0.9999999999990000221, 1.000000000000000000, 1.000000000000000000, 1.000000000000000000, 1.000000000000000000, 1.000000000000000000, 1.000000000000000000, 1.000000000001000089, 0.9999999999980000442, 1.000000000003000045, 0.9999999999949999996, 1.000000000005000000, 0.9999999999949999996, 1.000000000003000045, 0.9999999999980000442, 1.000000000001000089, 1.000000000000000000, 1.000000000000000000, 1.000000000000000000, 1.000000000000000000, 1.000000000000000000, 1.000000000000000000, 1.000000000000000000, 1.000000000000000000, 1.000000000000000000, 1.000000000000000000, 1.000000000000000000, 1.000000000000000000, 1.000000000000000000, 1.000000000000000000, 1.000000000000000000, 1.000000000000000000) ) ) 
 REPRESENTATION_ITEM ( '' )  SURFACE ( )  );
#2579 = VECTOR ( 'NONE', #3428, 1000.000000000000000 ) ;
#2580 = CARTESIAN_POINT ( 'NONE',  ( 11.00539264171677978, -8.322586107166896952, -7.499998971262979097 ) ) ;
#2581 = CIRCLE ( 'NONE', #2359, 8.400000000000000355 ) ;
#2582 = CARTESIAN_POINT ( 'NONE',  ( 9.104713691079000526, -3.379009612182999778, -1.963119682877999983 ) ) ;
#2583 = CARTESIAN_POINT ( 'NONE',  ( -8.530666936325999927, -2.343208881878999783, -0.7214051022849999883 ) ) ;
#2584 = CARTESIAN_POINT ( 'NONE',  ( 10.60099586470500022, -5.107149989046999572, -8.852688639875999854 ) ) ;
#2585 = CARTESIAN_POINT ( 'NONE',  ( 10.73782134218717488, -4.078901270815463498, -7.500022066052181025 ) ) ;
#2586 = MECHANICAL_DESIGN_GEOMETRIC_PRESENTATION_REPRESENTATION (  '', ( #3363 ), #167 ) ;
#2587 = APPLICATION_CONTEXT ( 'automotive_design' ) ;
#2588 = SURFACE_SIDE_STYLE ('',( #1482 ) ) ;
#2589 = CARTESIAN_POINT ( 'NONE',  ( -8.938689425882468953, 0.2936976811835521062, -2.488569683446206771 ) ) ;
#2590 = CARTESIAN_POINT ( 'NONE',  ( -8.304088105976999756, -1.763801528427999976, -0.1484293034029999792 ) ) ;
#2591 = CARTESIAN_POINT ( 'NONE',  ( -8.837323492962999794, 0.6137085648140001570, -1.919136792352000187 ) ) ;
#2592 = SURFACE_STYLE_USAGE ( .BOTH. , #2609 ) ;
#2593 = CARTESIAN_POINT ( 'NONE',  ( 8.264692015599999664, -1.664505140588000254, -0.05075833106620000063 ) ) ;
#2594 = EDGE_CURVE ( 'NONE', #64, #1946, #1895, .T. ) ;
#2595 = CARTESIAN_POINT ( 'NONE',  ( -10.49999999999919709, -3.899999999999999911, -24.85458550253733634 ) ) ;
#2596 = CARTESIAN_POINT ( 'NONE',  ( -8.251617628409999128, 1.599736956539000277, -0.01854190345669000026 ) ) ;
#2597 = EDGE_LOOP ( 'NONE', ( #1001, #1966, #3243, #578 ) ) ;
#2598 = CARTESIAN_POINT ( 'NONE',  ( 8.571421793143001011, -2.438052041685999871, -0.8162166402789999831 ) ) ;
#2599 = CARTESIAN_POINT ( 'NONE',  ( -9.890067769759999905, -4.512854611379999881, -3.736275880031000085 ) ) ;
#2600 = DIRECTION ( 'NONE',  ( 0.0000000000000000000, -2.220446049250000002E-16, 1.000000000000000000 ) ) ;
#2601 = CARTESIAN_POINT ( 'NONE',  ( 8.760246374401999603, -2.671934338567000022, -1.178384494629999946 ) ) ;
#2602 = CARTESIAN_POINT ( 'NONE',  ( -8.710238755015000223, -2.818403023966999932, -1.196148131628000044 ) ) ;
#2603 = CARTESIAN_POINT ( 'NONE',  ( 8.516926307643000627, 1.164868151722999956, -0.6297554527619999565 ) ) ;
#2604 = CARTESIAN_POINT ( 'NONE',  ( 8.247349999961999245, -1.653659727406000313, -0.01896318794145000070 ) ) ;
#2605 = CARTESIAN_POINT ( 'NONE',  ( 8.465217460939250316, 1.296637562383931019, -0.5764112796129494676 ) ) ;
#2606 = CARTESIAN_POINT ( 'NONE',  ( -9.267352236944438104, -1.056093801705195956, -4.328446644339337901 ) ) ;
#2607 = CARTESIAN_POINT ( 'NONE',  ( -8.243698300824000569, -1.612897493640000013, -7.401486830835000218E-17 ) ) ;
#2608 = CARTESIAN_POINT ( 'NONE',  ( -10.17028784731000002, -4.037336440697999684, -7.669582195649000234 ) ) ;
#2609 = SURFACE_SIDE_STYLE ('',( #323 ) ) ;
#2610 = PRESENTATION_STYLE_ASSIGNMENT (( #78 ) ) ;
#2611 = CARTESIAN_POINT ( 'NONE',  ( -10.11872685582974896, -3.882740234961145287, -7.499999822220637213 ) ) ;
#2612 = CARTESIAN_POINT ( 'NONE',  ( -10.35283814910000011, -3.045303550514999902, -4.778138434629999765 ) ) ;
#2613 = ORIENTED_EDGE ( 'NONE', *, *, #1510, .T. ) ;
#2614 = CARTESIAN_POINT ( 'NONE',  ( 8.764226556222000752, -2.944419046555000197, -1.323660412903000072 ) ) ;
#2615 = CARTESIAN_POINT ( 'NONE',  ( -8.340904941994999433, -1.781696729769999932, -0.2145039427160000123 ) ) ;
#2616 =( NAMED_UNIT ( * ) PLANE_ANGLE_UNIT ( ) SI_UNIT ( $, .RADIAN. ) );
#2617 = CARTESIAN_POINT ( 'NONE',  ( -9.083821877265046751, -3.082270793269279441, -1.880853531313921634 ) ) ;
#2618 = CARTESIAN_POINT ( 'NONE',  ( 8.262793893240999665, -1.634219314594000050, -0.03795904980665000539 ) ) ;
#2619 = AXIS2_PLACEMENT_3D ( 'NONE', #3152, #3464, #862 ) ;
#2620 = CARTESIAN_POINT ( 'NONE',  ( -10.69961351963999974, -8.493937469556000153, -7.639803193805000170 ) ) ;
#2621 = CARTESIAN_POINT ( 'NONE',  ( 8.662419847266999540, 0.9313686766690000285, -0.9654876131599999800 ) ) ;
#2622 = DIRECTION ( 'NONE',  ( 0.0000000000000000000, 0.0000000000000000000, 1.000000000000000000 ) ) ;
#2623 = CARTESIAN_POINT ( 'NONE',  ( 8.269264693465000704, -1.656802826295999953, -0.05571368884119000386 ) ) ;
#2624 = CARTESIAN_POINT ( 'NONE',  ( 8.390561823297870703, 1.405188456885525516, -0.3750516881841376438 ) ) ;
#2625 = CARTESIAN_POINT ( 'NONE',  ( -9.052612251407712307, -0.1646303294216280855, -3.185941822762196729 ) ) ;
#2626 = CARTESIAN_POINT ( 'NONE',  ( -10.67361521545435998, -4.059229706096708412, -7.500000036257412184 ) ) ;
#2627 = CARTESIAN_POINT ( 'NONE',  ( -8.570525650264999129, 1.130336534383000080, -0.8958887660060000924 ) ) ;
#2628 = FILL_AREA_STYLE_COLOUR ( '', #3181 ) ;
#2629 = CARTESIAN_POINT ( 'NONE',  ( -9.447388678731000411, -0.9531828784789999620, -2.656714096091000066 ) ) ;
#2630 = VERTEX_POINT ( 'NONE', #3151 ) ;
#2631 = CARTESIAN_POINT ( 'NONE',  ( 8.359140754714001531, -1.898697592575999904, -0.2815100041779999840 ) ) ;
#2632 = CARTESIAN_POINT ( 'NONE',  ( -9.014135562866000484, -2.959513011903000201, -1.722556441694000018 ) ) ;
#2633 = PLANE ( 'NONE',  #3059 ) ;
#2634 = CARTESIAN_POINT ( 'NONE',  ( -9.951908499408718356, -4.623540021490492258, -3.880432259809391660 ) ) ;
#2635 = AXIS2_PLACEMENT_3D ( 'NONE', #458, #2734, #1324 ) ;
#2636 = EDGE_CURVE ( 'NONE', #2657, #2029, #288, .T. ) ;
#2637 = PRESENTATION_LAYER_ASSIGNMENT (  '', '', ( #3353 ) ) ;
#2638 = CARTESIAN_POINT ( 'NONE',  ( 11.28173036250199956, -6.979278436277000175, -6.938216390582000237 ) ) ;
#2639 = CARTESIAN_POINT ( 'NONE',  ( 8.553124635601381698, 1.164498567700997800, -0.8292113332178568941 ) ) ;
#2640 = CARTESIAN_POINT ( 'NONE',  ( -10.73809351950781732, -4.100342657912934285, -7.499998836094693644 ) ) ;
#2641 = MECHANICAL_DESIGN_GEOMETRIC_PRESENTATION_REPRESENTATION (  '', ( #3127 ), #2016 ) ;
#2642 = CARTESIAN_POINT ( 'NONE',  ( 8.668128092314999478, 0.7737850525930000112, -0.9107647969230000529 ) ) ;
#2643 = STYLED_ITEM ( 'NONE', ( #2685 ), #2869 ) ;
#2644 = ORIENTED_EDGE ( 'NONE', *, *, #555, .T. ) ;
#2645 = CARTESIAN_POINT ( 'NONE',  ( -9.389856858958999908, -0.8210238535650000724, -2.525558248095999936 ) ) ;
#2646 = ORIENTED_EDGE ( 'NONE', *, *, #1227, .T. ) ;
#2647 = CARTESIAN_POINT ( 'NONE',  ( 8.472507537791999610, -2.184360516504999961, -0.5640503715940000662 ) ) ;
#2648 = CARTESIAN_POINT ( 'NONE',  ( -8.507465392332999699, -2.071711716051999996, -0.5840133541519999527 ) ) ;
#2649 = SURFACE_STYLE_FILL_AREA ( #2423 ) ;
#2650 = CARTESIAN_POINT ( 'NONE',  ( -10.57671811211442758, -5.749844355929893069, -5.347364837800899551 ) ) ;
#2651 = CARTESIAN_POINT ( 'NONE',  ( 10.53990095916300085, -6.345027162679000021, -5.237245612401999928 ) ) ;
#2652 =( NAMED_UNIT ( * ) SI_UNIT ( $, .STERADIAN. ) SOLID_ANGLE_UNIT ( ) );
#2653 = CARTESIAN_POINT ( 'NONE',  ( -10.91199842673329101, -4.247350746199751725, -7.500385279901898627 ) ) ;
#2654 = CARTESIAN_POINT ( 'NONE',  ( -9.074851692316000751, -0.2593790260020000238, -3.325887072502999864 ) ) ;
#2655 = CARTESIAN_POINT ( 'NONE',  ( 8.306024364431999985, -1.294342057419999970, 0.0000000000000000000 ) ) ;
#2656 = CARTESIAN_POINT ( 'NONE',  ( 9.577523980373420898, -3.930385495411126140, -2.976665778148976038 ) ) ;
#2657 = VERTEX_POINT ( 'NONE', #937 ) ;
#2658 = CARTESIAN_POINT ( 'NONE',  ( -8.385036484535000056, 1.336294364770000298, -0.3051762698039999777 ) ) ;
#2659 = CARTESIAN_POINT ( 'NONE',  ( -11.51803842099000086, -5.648615801230000066, -7.590609474785000366 ) ) ;
#2660 = EDGE_LOOP ( 'NONE', ( #2120, #892, #3106, #1844 ) ) ;
#2661 = CARTESIAN_POINT ( 'NONE',  ( 8.298466417946999130, -1.747868174067000124, -0.1328159142939999982 ) ) ;
#2662 = CARTESIAN_POINT ( 'NONE',  ( -8.891929464310999620, -2.744627857619999833, -1.445970734770000155 ) ) ;
#2663 = PRESENTATION_STYLE_ASSIGNMENT (( #1245 ) ) ;
#2664 = CARTESIAN_POINT ( 'NONE',  ( -8.311529496852864796, -1.730649272318832921, -0.1495899517710827520 ) ) ;
#2665 = CARTESIAN_POINT ( 'NONE',  ( 8.340038806247999759, -1.851070294216000001, -0.2345257356209999866 ) ) ;
#2666 = CARTESIAN_POINT ( 'NONE',  ( -8.279136075870997757, -1.686388610726000215, -0.08189840399454000053 ) ) ;
#2667 = FILL_AREA_STYLE_COLOUR ( '', #539 ) ;
#2668 = SURFACE_STYLE_USAGE ( .BOTH. , #1532 ) ;
#2669 = MECHANICAL_DESIGN_GEOMETRIC_PRESENTATION_REPRESENTATION (  '', ( #1759 ), #2498 ) ;
#2670 = CARTESIAN_POINT ( 'NONE',  ( 9.360515091454001180, -3.549739991037000220, -2.483194114180999890 ) ) ;
#2671 = CARTESIAN_POINT ( 'NONE',  ( -10.29151615728194358, -3.895814402227818274, -7.500349658897927263 ) ) ;
#2672 = DIRECTION ( 'NONE',  ( 0.0000000000000000000, 0.0000000000000000000, 1.000000000000000000 ) ) ;
#2673 = CARTESIAN_POINT ( 'NONE',  ( 7.799317672731000073, 3.884176259448000046, 0.0000000000000000000 ) ) ;
#2674 = CARTESIAN_POINT ( 'NONE',  ( 11.25475052567228929, -8.059375143196307434, -24.22235139004509819 ) ) ;
#2675 = SURFACE_SIDE_STYLE ('',( #218 ) ) ;
#2676 = CARTESIAN_POINT ( 'NONE',  ( -8.609476694227002014, 1.008813633009000066, -0.8534357074209999450 ) ) ;
#2677 = VERTEX_POINT ( 'NONE', #2534 ) ;
#2678 = SURFACE_STYLE_FILL_AREA ( #1575 ) ;
#2679 = CARTESIAN_POINT ( 'NONE',  ( -11.72479933454999923, -7.869440634893001274, -8.085158612285999524 ) ) ;
#2680 = FILL_AREA_STYLE ('',( #371 ) ) ;
#2681 = B_SPLINE_SURFACE_WITH_KNOTS ( 'NONE', 5, 1, ( 
 ( #2796, #540 ),
 ( #2774, #2249 ),
 ( #238, #2478 ),
 ( #1106, #2230 ),
 ( #1975, #3095 ),
 ( #281, #2535 ) ),
 .UNSPECIFIED., .F., .F., .F.,
 ( 6, 6 ),
 ( 2, 2 ),
 ( 0.0000000000000000000, 2.250000000000000000 ),
 ( 0.0000000000000000000, 1.000000000000000000 ),
 .UNSPECIFIED. ) ;
#2682 = CARTESIAN_POINT ( 'NONE',  ( -8.298073513272202106, -1.707277115096902387, -0.1198824811531725432 ) ) ;
#2683 = CARTESIAN_POINT ( 'NONE',  ( 8.285619526044003536, -1.716111398203000293, -0.1015468307379999990 ) ) ;
#2684 = CARTESIAN_POINT ( 'NONE',  ( -8.291540159279000122, -1.712112496541000395, -0.1105605815919999957 ) ) ;
#2685 = PRESENTATION_STYLE_ASSIGNMENT (( #3113 ) ) ;
#2686 =( GEOMETRIC_REPRESENTATION_CONTEXT ( 3 ) GLOBAL_UNCERTAINTY_ASSIGNED_CONTEXT ( ( #2288 ) ) GLOBAL_UNIT_ASSIGNED_CONTEXT ( ( #814, #1377, #1679 ) ) REPRESENTATION_CONTEXT ( 'NONE', 'WORKASPACE' ) );
#2687 = CARTESIAN_POINT ( 'NONE',  ( 8.866109318833258257, 0.5585814718670633061, -2.022808228640132988 ) ) ;
#2688 = CARTESIAN_POINT ( 'NONE',  ( -8.484492500659625236, 1.263182869919361462, -0.6402351755845752113 ) ) ;
#2689 = CARTESIAN_POINT ( 'NONE',  ( -11.16755327842058421, -4.558241054014912308, -7.500125459985249599 ) ) ;
#2690 =( BOUNDED_SURFACE ( )  B_SPLINE_SURFACE ( 3, 3, ( 
 ( #3110, #3637, #1123, #1380 ),
 ( #838, #590, #2768, #1458 ),
 ( #858, #1724, #1400, #3659 ),
 ( #897, #2834, #1440, #1701 ) ),
 .UNSPECIFIED., .F., .F., .T. ) 
 B_SPLINE_SURFACE_WITH_KNOTS ( ( 4, 4 ),
 ( 4, 4 ),
 ( 0.0000000000000000000, 1.000000000000000000 ),
 ( 0.0000000000000000000, 1.000000000000000000 ),
 .UNSPECIFIED. ) 
 GEOMETRIC_REPRESENTATION_ITEM ( )  RATIONAL_B_SPLINE_SURFACE ( (
 ( 1.000000000000000000, 0.3333333333333334259, 0.3333333333333334259, 1.000000000000000000),
 ( 0.8047378541243649375, 0.2682459513747884050, 0.2682459513747884050, 0.8047378541243649375),
 ( 0.8047378541243649375, 0.2682459513747884050, 0.2682459513747884050, 0.8047378541243649375),
 ( 1.000000000000000000, 0.3333333333333334259, 0.3333333333333334259, 1.000000000000000000) ) ) 
 REPRESENTATION_ITEM ( '' )  SURFACE ( )  );
#2691 = SURFACE_SIDE_STYLE ('',( #1628 ) ) ;
#2692 = CARTESIAN_POINT ( 'NONE',  ( 8.559398586878000259, 0.9942608359240000526, -0.6762149717800001181 ) ) ;
#2693 = AXIS2_PLACEMENT_3D ( 'NONE', #90, #2339, #975 ) ;
#2694 = MECHANICAL_DESIGN_GEOMETRIC_PRESENTATION_REPRESENTATION (  '', ( #2938 ), #3529 ) ;
#2695 = PRESENTATION_STYLE_ASSIGNMENT (( #494 ) ) ;
#2696 = COLOUR_RGB ( '',0.8000000000000000444, 0.8000000000000000444, 0.8000000000000000444 ) ;
#2697 =( GEOMETRIC_REPRESENTATION_CONTEXT ( 3 ) GLOBAL_UNCERTAINTY_ASSIGNED_CONTEXT ( ( #1695 ) ) GLOBAL_UNIT_ASSIGNED_CONTEXT ( ( #1523, #866, #638 ) ) REPRESENTATION_CONTEXT ( 'NONE', 'WORKASPACE' ) );
#2698 = CYLINDRICAL_SURFACE ( 'NONE', #1234, 6.000000000000000000 ) ;
#2699 = CARTESIAN_POINT ( 'NONE',  ( -8.481827303987000022, 1.217204367996999936, -0.5554060502590000281 ) ) ;
#2700 = CARTESIAN_POINT ( 'NONE',  ( 10.52171647318700209, -7.931969628669000905, -6.934567836779001127 ) ) ;
#2701 = CARTESIAN_POINT ( 'NONE',  ( -8.345911946042999574, 1.413398871439000226, -0.2205444225830000271 ) ) ;
#2702 = FILL_AREA_STYLE_COLOUR ( '', #3222 ) ;
#2703 = CARTESIAN_POINT ( 'NONE',  ( 8.362896164705000857, 1.382608289398999935, -0.2544720798919999916 ) ) ;
#2704 = CARTESIAN_POINT ( 'NONE',  ( 8.304880269188000597, -1.763746226604999912, -0.1484549492920000380 ) ) ;
#2705 = CARTESIAN_POINT ( 'NONE',  ( -9.718559338924999125, -4.678601482654999977, -3.401289472918999746 ) ) ;
#2706 = PRESENTATION_STYLE_ASSIGNMENT (( #2668 ) ) ;
#2707 = CARTESIAN_POINT ( 'NONE',  ( 11.04557098363100032, -6.548414896564000109, -6.381554735991000094 ) ) ;
#2708 = CARTESIAN_POINT ( 'NONE',  ( 8.863115463531428873, 0.5667347815941663480, -2.007544640581313988 ) ) ;
#2709 = CARTESIAN_POINT ( 'NONE',  ( -8.246455193535000561, -1.654956391637000035, -0.01808123751414000141 ) ) ;
#2710 = FACE_OUTER_BOUND ( 'NONE', #929, .T. ) ;
#2711 = CARTESIAN_POINT ( 'NONE',  ( 8.267837038665001970, 1.582212110164000318, -0.06202795031208999804 ) ) ;
#2712 = CARTESIAN_POINT ( 'NONE',  ( -7.799317672731000073, 3.884176259448000046, 0.0000000000000000000 ) ) ;
#2713 = SURFACE_STYLE_FILL_AREA ( #197 ) ;
#2714 =( BOUNDED_SURFACE ( )  B_SPLINE_SURFACE ( 3, 3, ( 
 ( #2520, #3398, #45, #2045 ),
 ( #2294, #2824, #3420, #869 ),
 ( #1415, #1189, #2254, #833 ),
 ( #564, #3119, #1115, #3651 ) ),
 .UNSPECIFIED., .F., .F., .T. ) 
 B_SPLINE_SURFACE_WITH_KNOTS ( ( 4, 4 ),
 ( 4, 4 ),
 ( 0.0000000000000000000, 1.000000000000000000 ),
 ( 0.0000000000000000000, 1.000000000000000000 ),
 .UNSPECIFIED. ) 
 GEOMETRIC_REPRESENTATION_ITEM ( )  RATIONAL_B_SPLINE_SURFACE ( (
 ( 1.000000000000000000, 0.3333333333333334259, 0.3333333333333334259, 1.000000000000000000),
 ( 0.8047378541243649375, 0.2682459513747884050, 0.2682459513747884050, 0.8047378541243649375),
 ( 0.8047378541243649375, 0.2682459513747884050, 0.2682459513747884050, 0.8047378541243649375),
 ( 1.000000000000000000, 0.3333333333333334259, 0.3333333333333334259, 1.000000000000000000) ) ) 
 REPRESENTATION_ITEM ( '' )  SURFACE ( )  );
#2715 = CARTESIAN_POINT ( 'NONE',  ( -11.49999999999923261, -7.400000000000000355, -23.99999999999525713 ) ) ;
#2716 = CARTESIAN_POINT ( 'NONE',  ( -8.710238755015000223, -2.818403023967000376, -1.196148131628000044 ) ) ;
#2717 = CARTESIAN_POINT ( 'NONE',  ( -8.497756473906999730, 1.191024837128999980, -0.5925843763770000105 ) ) ;
#2718 = CARTESIAN_POINT ( 'NONE',  ( 10.26731258593200025, -7.248794412278999566, -6.089262137795000029 ) ) ;
#2719 = CARTESIAN_POINT ( 'NONE',  ( -11.36725477148011620, -5.319591997083257695, -7.224701465707284775 ) ) ;
#2720 = FILL_AREA_STYLE ('',( #2702 ) ) ;
#2721 = CARTESIAN_POINT ( 'NONE',  ( 9.864291384670002216, -1.876309615417000254, -3.579465598836999884 ) ) ;
#2722 = CARTESIAN_POINT ( 'NONE',  ( -8.725932021487997403, -2.613192952422000115, -1.113189629827000093 ) ) ;
#2723 = SURFACE_STYLE_USAGE ( .BOTH. , #2787 ) ;
#2724 = CONTEXT_DEPENDENT_SHAPE_REPRESENTATION ( #2404, #2000 ) ;
#2725 = CARTESIAN_POINT ( 'NONE',  ( 8.263973661781999880, -1.618830246875000212, -0.03494843227450999956 ) ) ;
#2726 = CARTESIAN_POINT ( 'NONE',  ( 8.750704706882341810, 0.8256701669111218278, -1.502381003421619843 ) ) ;
#2727 = CARTESIAN_POINT ( 'NONE',  ( -8.261922722492000659, -1.622058158503999925, -0.03292441100468000703 ) ) ;
#2728 = CARTESIAN_POINT ( 'NONE',  ( -11.48069999999707846, -5.567139929301507806, -7.500000000000826006 ) ) ;
#2729 = CARTESIAN_POINT ( 'NONE',  ( 8.400764833842000456, 1.390285129437000000, -0.4019836651929999949 ) ) ;
#2730 = CARTESIAN_POINT ( 'NONE',  ( 11.40444011692598636, -5.323717190451972670, -7.224693696490969153 ) ) ;
#2731 = FILL_AREA_STYLE_COLOUR ( '', #1925 ) ;
#2732 = DIRECTION ( 'NONE',  ( 0.0000000000000000000, 0.0000000000000000000, 1.000000000000000000 ) ) ;
#2733 = COLOUR_RGB ( '',0.7921568627450980005, 0.8196078431372548767, 0.9333333333333333481 ) ;
#2734 = DIRECTION ( 'NONE',  ( 0.0000000000000000000, 1.000000000000000000, 2.220446049250000002E-16 ) ) ;
#2735 = CARTESIAN_POINT ( 'NONE',  ( -6.659631154436000067, -6.019416751019999623, 0.0000000000000000000 ) ) ;
#2736 = CARTESIAN_POINT ( 'NONE',  ( -9.044900939829000563, 0.3193593495320000142, -1.868475563172999676 ) ) ;
#2737 = CARTESIAN_POINT ( 'NONE',  ( 9.017989498824002581, -3.636872996392999990, -2.029780554309000173 ) ) ;
#2738 = CARTESIAN_POINT ( 'NONE',  ( -11.01426801416999979, -6.548251938372000147, -6.385131103806999775 ) ) ;
#2739 = CARTESIAN_POINT ( 'NONE',  ( -8.283225957599999134, 1.545284926858000007, -0.09141309606972999879 ) ) ;
#2740 =( LENGTH_UNIT ( ) NAMED_UNIT ( * ) SI_UNIT ( .MILLI., .METRE. ) );
#2741 = CARTESIAN_POINT ( 'NONE',  ( 9.167726478709999682, -0.2937628449060000202, -2.001534422023000026 ) ) ;
#2742 = CARTESIAN_POINT ( 'NONE',  ( 8.546867716483999899, -2.374657538007000301, -0.7530732514490000584 ) ) ;
#2743 = CARTESIAN_POINT ( 'NONE',  ( -8.335843997186001886, -1.803992073138000141, -0.2129169348330000600 ) ) ;
#2744 = FACE_OUTER_BOUND ( 'NONE', #1222, .T. ) ;
#2745 = CONTEXT_DEPENDENT_SHAPE_REPRESENTATION ( #1046, #6 ) ;
#2746 = CARTESIAN_POINT ( 'NONE',  ( 8.281340645909999409, -1.690051361455999768, -0.08597304888520999888 ) ) ;
#2747 = PRODUCT_DEFINITION_SHAPE ( 'NONE', 'NONE',  #3662 ) ;
#2748 = CARTESIAN_POINT ( 'NONE',  ( 9.562453857574558569, -2.060035086460374032, -5.487493440720877302 ) ) ;
#2749 = CARTESIAN_POINT ( 'NONE',  ( -8.246823282317999215, -1.627632058914000091, -0.009880620796915000684 ) ) ;
#2750 = CARTESIAN_POINT ( 'NONE',  ( -8.368350428039999400, 0.9757866212010000151, 0.0000000000000000000 ) ) ;
#2751 = CARTESIAN_POINT ( 'NONE',  ( -11.50000000000000000, -3.899999999999999911, -7.500000000000000000 ) ) ;
#2752 = CARTESIAN_POINT ( 'NONE',  ( 11.51268791443903794, -5.397515075901530679, -7.499613056211893891 ) ) ;
#2753 = CARTESIAN_POINT ( 'NONE',  ( 10.47979393093374867, -5.523442873567780076, -5.048883666214201149 ) ) ;
#2754 = CARTESIAN_POINT ( 'NONE',  ( -10.48463612964000191, -7.932041569388000646, -6.934533750972000199 ) ) ;
#2755 = CLOSED_SHELL ( 'NONE', ( #387, #3003, #1336, #1092, #41, #124, #3344, #1272, #3560, #630 ) ) ;
#2756 = CARTESIAN_POINT ( 'NONE',  ( -9.916185811274999651, -1.104691460546000092, -3.866391840113001521 ) ) ;
#2757 = STYLED_ITEM ( 'NONE', ( #2663 ), #1977 ) ;
#2758 =( GEOMETRIC_REPRESENTATION_CONTEXT ( 3 ) GLOBAL_UNCERTAINTY_ASSIGNED_CONTEXT ( ( #3122 ) ) GLOBAL_UNIT_ASSIGNED_CONTEXT ( ( #461, #562, #619 ) ) REPRESENTATION_CONTEXT ( 'NONE', 'WORKASPACE' ) );
#2759 = CARTESIAN_POINT ( 'NONE',  ( 10.50000000000000000, -4.900000000000000355, -7.500000000000000000 ) ) ;
#2760 = CARTESIAN_POINT ( 'NONE',  ( -8.400655478586001479, 1.305388463532000110, -0.3389953428590000151 ) ) ;
#2761 = CARTESIAN_POINT ( 'NONE',  ( 10.61990489699621065, -3.899999999999803180, -24.75991683696646106 ) ) ;
#2762 = CARTESIAN_POINT ( 'NONE',  ( 8.652658255291999723, 0.8054298492420001176, -0.8773388210170001145 ) ) ;
#2763 = CARTESIAN_POINT ( 'NONE',  ( -9.208573299040001103, -3.615742020258999823, -2.225646813600000051 ) ) ;
#2764 = FILL_AREA_STYLE_COLOUR ( '', #3179 ) ;
#2765 = APPLICATION_PROTOCOL_DEFINITION ( 'draft international standard', 'automotive_design', 1998, #3599 ) ;
#2766 = B_SPLINE_CURVE_WITH_KNOTS ( 'NONE', 5,
 ( #1406, #2817, #3375, #844, #3622, #1145 ),
 .UNSPECIFIED., .F., .F.,
 ( 6, 6 ),
 ( 0.0000000000000000000, 4.500000000000000000 ),
 .UNSPECIFIED. ) ;
#2767 = CARTESIAN_POINT ( 'NONE',  ( 8.263049026923999563, -1.653929889539000220, -0.04463538349440999975 ) ) ;
#2768 = CARTESIAN_POINT ( 'NONE',  ( 8.399999999999996803, 16.80000000000000071, 23.87573593128806948 ) ) ;
#2769 = DIRECTION ( 'NONE',  ( -0.0000000000000000000, -1.000000000000000000, -0.0000000000000000000 ) ) ;
#2770 = CARTESIAN_POINT ( 'NONE',  ( -11.36901259779709683, -4.960272068115472166, -7.499999976598737739 ) ) ;
#2771 = CARTESIAN_POINT ( 'NONE',  ( 8.910848675685999254, 0.4276477546910000260, -2.262118883307000061 ) ) ;
#2772 = CARTESIAN_POINT ( 'NONE',  ( 11.28975932735198562, -5.075088528741972027, -6.950001988133970521 ) ) ;
#2773 = B_SPLINE_CURVE_WITH_KNOTS ( 'NONE', 3,
 ( #1506, #127, #1555, #3198, #718, #2674, #1235, #1291, #1270, #3502, #419, #2927 ),
 .UNSPECIFIED., .F., .F.,
 ( 4, 2, 2, 2, 2, 4 ),
 ( 3.822546922990137151E-16, 0.0004537793468709856769, 0.0006806690203062906773, 0.0009075586937415955693, 0.001361338040612193861, 0.001815117387482791935 ),
 .UNSPECIFIED. ) ;
#2774 = CARTESIAN_POINT ( 'NONE',  ( 8.306024364431999985, 1.294342057419999970, 0.0000000000000000000 ) ) ;
#2775 = CARTESIAN_POINT ( 'NONE',  ( -9.753721141771999115, -5.845300043681999291, -4.423929659994000119 ) ) ;
#2776 = CARTESIAN_POINT ( 'NONE',  ( -8.383603708541999211, 1.412346510999999971, -0.3615219930710000251 ) ) ;
#2777 = SURFACE_STYLE_FILL_AREA ( #3608 ) ;
#2778 = CARTESIAN_POINT ( 'NONE',  ( 8.256297266281999114, -1.618403910872000084, -0.02229961720441999903 ) ) ;
#2779 = DIRECTION ( 'NONE',  ( 1.000000000000000000, 0.0000000000000000000, 0.0000000000000000000 ) ) ;
#2780 = CARTESIAN_POINT ( 'NONE',  ( -8.950445721595997384, 0.1644956382159999952, -1.541151692556999908 ) ) ;
#2781 = CARTESIAN_POINT ( 'NONE',  ( 11.06698757392089050, -4.066430103209550673, -24.38724094783572127 ) ) ;
#2782 = CARTESIAN_POINT ( 'NONE',  ( 8.606121838018999881, 0.9000649836159999584, -0.7768970392070000397 ) ) ;
#2783 = ORIENTED_EDGE ( 'NONE', *, *, #3235, .T. ) ;
#2784 = CARTESIAN_POINT ( 'NONE',  ( 10.96262963784099931, -2.867673060926000161, -6.215487277568000124 ) ) ;
#2785 = SURFACE_SIDE_STYLE ('',( #2526 ) ) ;
#2786 = CARTESIAN_POINT ( 'NONE',  ( -9.322223434393999142, -3.852190842596999953, -2.487545953580000191 ) ) ;
#2787 = SURFACE_SIDE_STYLE ('',( #1623 ) ) ;
#2788 = CARTESIAN_POINT ( 'NONE',  ( 8.301059648658000611, -1.730469013133999923, -0.1310026327130000001 ) ) ;
#2789 = SURFACE_STYLE_USAGE ( .BOTH. , #230 ) ;
#2790 = CARTESIAN_POINT ( 'NONE',  ( -8.280317437332000097, -1.704236015952000027, -0.08980800602768000684 ) ) ;
#2791 =( LENGTH_UNIT ( ) NAMED_UNIT ( * ) SI_UNIT ( .MILLI., .METRE. ) );
#2792 = SURFACE_SIDE_STYLE ('',( #554 ) ) ;
#2793 = CARTESIAN_POINT ( 'NONE',  ( 10.50719151812199925, -4.857675344755000069, -8.576189686529000156 ) ) ;
#2794 = CARTESIAN_POINT ( 'NONE',  ( 9.634729941934001118, -1.350403073902000317, -3.051162234188000255 ) ) ;
#2795 = CARTESIAN_POINT ( 'NONE',  ( 9.795105204091189677, -4.313423335230074152, -3.474321099794377865 ) ) ;
#2796 = CARTESIAN_POINT ( 'NONE',  ( 8.243698300824000569, 1.612897493640000013, 0.0000000000000000000 ) ) ;
#2797 = CARTESIAN_POINT ( 'NONE',  ( -8.849282312463998323, -3.197284999463999799, -1.579083287486000131 ) ) ;
#2798 = CARTESIAN_POINT ( 'NONE',  ( -10.93043348806999759, -2.868428429598000040, -6.215129881222000385 ) ) ;
#2799 = UNCERTAINTY_MEASURE_WITH_UNIT (LENGTH_MEASURE( 1.000000000000000082E-05 ), #448, 'distance_accuracy_value', 'NONE');
#2800 = CARTESIAN_POINT ( 'NONE',  ( 8.302669201144000866, -1.714203401717999897, -0.1285952027829999900 ) ) ;
#2801 = PRESENTATION_LAYER_ASSIGNMENT (  '', '', ( #1099 ) ) ;
#2802 = EDGE_CURVE ( 'NONE', #2855, #2348, #2832, .T. ) ;
#2803 = EDGE_LOOP ( 'NONE', ( #1754, #625, #131, #1435 ) ) ;
#2804 = CARTESIAN_POINT ( 'NONE',  ( -11.33581488838853168, -7.991378615229239202, -7.499909664083930672 ) ) ;
#2805 = CARTESIAN_POINT ( 'NONE',  ( -8.439620122084999565, 1.227946763543999786, -0.4234491218259999745 ) ) ;
#2806 =( NAMED_UNIT ( * ) PLANE_ANGLE_UNIT ( ) SI_UNIT ( $, .RADIAN. ) );
#2807 = CARTESIAN_POINT ( 'NONE',  ( 6.659631154436000067, -6.019416751019999623, 0.0000000000000000000 ) ) ;
#2808 = CARTESIAN_POINT ( 'NONE',  ( 12.00541446644900034, -4.697831191651999916, -8.657678985524999149 ) ) ;
#2809 = CARTESIAN_POINT ( 'NONE',  ( 9.062875497078000109, -3.762190557834999893, -2.159239539388000395 ) ) ;
#2810 = CARTESIAN_POINT ( 'NONE',  ( -8.272889853039000485, -1.663551764678000033, -0.06432533622859000488 ) ) ;
#2811 = CARTESIAN_POINT ( 'NONE',  ( 11.34484362134521263, -8.042307483051514438, -7.500001490882674204 ) ) ;
#2812 = DIRECTION ( 'NONE',  ( 0.0000000000000000000, 0.0000000000000000000, 1.000000000000000000 ) ) ;
#2813 = CARTESIAN_POINT ( 'NONE',  ( 8.243698300824000569, -1.612897493640000013, -3.996802888650999786E-15 ) ) ;
#2814 = CARTESIAN_POINT ( 'NONE',  ( 8.243698300824000569, -1.612897493639833479, -1.258252789737392716E-15 ) ) ;
#2815 = CARTESIAN_POINT ( 'NONE',  ( -9.431293388510999520, -4.877158291188999684, -3.343798348533000286 ) ) ;
#2816 = DIRECTION ( 'NONE',  ( 0.0000000000000000000, -2.047542463448088522E-16, 1.000000000000000000 ) ) ;
#2817 = CARTESIAN_POINT ( 'NONE',  ( -8.368350428039999400, -0.9757866212010000151, 0.0000000000000000000 ) ) ;
#2818 = FILL_AREA_STYLE_COLOUR ( '', #2461 ) ;
#2819 = CARTESIAN_POINT ( 'NONE',  ( -8.444803130165999150, -2.121078883415000060, -0.5010854609079999911 ) ) ;
#2820 = CARTESIAN_POINT ( 'NONE',  ( -11.85200520078999809, -4.504475975772999519, -8.398125160236000752 ) ) ;
#2821 = CARTESIAN_POINT ( 'NONE',  ( 8.314451766169000280, -1.734458805078999966, -0.1543245318739999983 ) ) ;
#2822 = AXIS2_PLACEMENT_3D ( 'NONE', #3001, #1323, #3333 ) ;
#2823 = CARTESIAN_POINT ( 'NONE',  ( -8.602072334643999341, 0.9000105875860000548, -0.7767080738099999548 ) ) ;
#2824 = CARTESIAN_POINT ( 'NONE',  ( 8.400000000000000355, -16.79999999999999716, 23.87573593128806948 ) ) ;
#2825 = CARTESIAN_POINT ( 'NONE',  ( 11.53189378097200013, -5.598557510357000666, -7.530185885566999637 ) ) ;
#2826 = STYLED_ITEM ( 'NONE', ( #2928 ), #792 ) ;
#2827 =( GEOMETRIC_REPRESENTATION_CONTEXT ( 3 ) GLOBAL_UNCERTAINTY_ASSIGNED_CONTEXT ( ( #870 ) ) GLOBAL_UNIT_ASSIGNED_CONTEXT ( ( #3580, #3563, #3300 ) ) REPRESENTATION_CONTEXT ( 'NONE', 'WORKASPACE' ) );
#2828 = UNCERTAINTY_MEASURE_WITH_UNIT (LENGTH_MEASURE( 1.000000000000000082E-05 ), #1164, 'distance_accuracy_value', 'NONE');
#2829 = CARTESIAN_POINT ( 'NONE',  ( 8.307253936533999905, 1.482017938829000014, -0.1298206881529999912 ) ) ;
#2830 = CARTESIAN_POINT ( 'NONE',  ( 10.02081187961898934, -6.554018217457965534, -5.250976322047962164 ) ) ;
#2831 = CARTESIAN_POINT ( 'NONE',  ( -8.267105811878000310, -1.653333510771000103, -0.05151573730892999858 ) ) ;
#2832 = CIRCLE ( 'NONE', #1731, 6.000000000000000000 ) ;
#2833 = CARTESIAN_POINT ( 'NONE',  ( 8.422981117714000376, -1.980381184785999782, -0.4093096594250000275 ) ) ;
#2834 = CARTESIAN_POINT ( 'NONE',  ( -8.100000000000001421, 16.19999999999999574, 24.00000000000000000 ) ) ;
#2835 = CARTESIAN_POINT ( 'NONE',  ( -9.094817197649000207, -3.887887657474999870, -2.288802239009999795 ) ) ;
#2836 = CARTESIAN_POINT ( 'NONE',  ( 8.615227700965000679, 1.066345718672000009, -1.021502880682999992 ) ) ;
#2837 = PRESENTATION_STYLE_ASSIGNMENT (( #2355 ) ) ;
#2838 = SURFACE_STYLE_FILL_AREA ( #2211 ) ;
#2839 = CARTESIAN_POINT ( 'NONE',  ( -8.310411454917998597, -1.779685073767999892, -0.1640688712070000332 ) ) ;
#2840 = CARTESIAN_POINT ( 'NONE',  ( -11.42095697408999833, -3.737016289035000050, -7.372386701167999767 ) ) ;
#2841 = CARTESIAN_POINT ( 'NONE',  ( -8.400000000000000355, 1.028703311283776783E-15, 0.0000000000000000000 ) ) ;
#2842 = CARTESIAN_POINT ( 'NONE',  ( -8.540435800472000238, 1.025510399553000163, -0.6424442720460000755 ) ) ;
#2843 = FILL_AREA_STYLE_COLOUR ( '', #210 ) ;
#2844 = ORIENTED_EDGE ( 'NONE', *, *, #507, .F. ) ;
#2845 = CARTESIAN_POINT ( 'NONE',  ( 9.195012290652002207, -4.136552468458999599, -2.550153526392000547 ) ) ;
#2846 = CARTESIAN_POINT ( 'NONE',  ( -8.282614810227000746, -1.680433813252000030, -0.08577195952195999784 ) ) ;
#2847 = CARTESIAN_POINT ( 'NONE',  ( -2.280699999999999950, -3.882740000000000080, -7.500000000000000000 ) ) ;
#2848 = CARTESIAN_POINT ( 'NONE',  ( 9.449552791427997533, -4.088124713537999888, -2.748532400263000053 ) ) ;
#2849 = EDGE_CURVE ( 'NONE', #3365, #3531, #487, .T. ) ;
#2850 = DIRECTION ( 'NONE',  ( 0.0000000000000000000, 2.220446049250000002E-16, -1.000000000000000000 ) ) ;
#2851 = CARTESIAN_POINT ( 'NONE',  ( -8.894697971458999319, -3.323221883881000593, -1.707453015832999910 ) ) ;
#2852 = CARTESIAN_POINT ( 'NONE',  ( 8.810319014413000360, 0.7030606888520000153, -1.747392307384999954 ) ) ;
#2853 = CARTESIAN_POINT ( 'NONE',  ( 8.384321129191999233, 0.6491905868980000216, 0.0000000000000000000 ) ) ;
#2854 = CARTESIAN_POINT ( 'NONE',  ( -8.345418621633999834, 1.467614834096000020, -0.2604841784610000821 ) ) ;
#2855 = VERTEX_POINT ( 'NONE', #3444 ) ;
#2856 = CARTESIAN_POINT ( 'NONE',  ( -8.663378497904000497, 0.7737373369940000467, -0.9105477252760000306 ) ) ;
#2857 = CARTESIAN_POINT ( 'NONE',  ( -8.739662091617001138, 0.6150776274400001631, -1.077398467677999960 ) ) ;
#2858 = VECTOR ( 'NONE', #3612, 1000.000000000000000 ) ;
#2859 = CARTESIAN_POINT ( 'NONE',  ( 11.51929999999999943, -8.382740000000000080, -7.500000000000000000 ) ) ;
#2860 = UNCERTAINTY_MEASURE_WITH_UNIT (LENGTH_MEASURE( 1.000000000000000082E-05 ), #1273, 'distance_accuracy_value', 'NONE');
#2861 = ORIENTED_EDGE ( 'NONE', *, *, #1052, .F. ) ;
#2862 = CARTESIAN_POINT ( 'NONE',  ( 9.351872452511999612, -0.1442439527499999596, -2.546356630139000377 ) ) ;
#2863 = CARTESIAN_POINT ( 'NONE',  ( -8.243698300824000569, -1.612897493640000013, 0.0000000000000000000 ) ) ;
#2864 = CARTESIAN_POINT ( 'NONE',  ( 10.90026243831638730, -8.357866114553328174, -7.499878910975946944 ) ) ;
#2865 = CARTESIAN_POINT ( 'NONE',  ( 9.678578023139998265, -4.560212872555999830, -3.270395926653999918 ) ) ;
#2866 = CARTESIAN_POINT ( 'NONE',  ( -8.639125123728000233, -2.628480178670999923, -1.005802544220999906 ) ) ;
#2867 = CARTESIAN_POINT ( 'NONE',  ( 10.58015045435299939, -5.051711179205000235, -8.791244428021000701 ) ) ;
#2868 = CARTESIAN_POINT ( 'NONE',  ( 11.17597565645027302, -4.517993559802306436, -7.500118156694599136 ) ) ;
#2869 = ADVANCED_FACE ( 'NONE', ( #2057 ), #1776, .T. ) ;
#2870 = CYLINDRICAL_SURFACE ( 'NONE', #2693, 4.250000000000000000 ) ;
#2871 =( NAMED_UNIT ( * ) PLANE_ANGLE_UNIT ( ) SI_UNIT ( $, .RADIAN. ) );
#2872 = CARTESIAN_POINT ( 'NONE',  ( -8.481776234750000754, -2.216301217664000234, -0.5954114732970000601 ) ) ;
#2873 = CARTESIAN_POINT ( 'NONE',  ( -8.900114619217999845, 0.4268378433539999905, -2.260758975934000325 ) ) ;
#2874 = CARTESIAN_POINT ( 'NONE',  ( 8.400000000000000355, -2.220446049250000248E-16, 0.0000000000000000000 ) ) ;
#2875 = ORIENTED_EDGE ( 'NONE', *, *, #774, .F. ) ;
#2876 = CARTESIAN_POINT ( 'NONE',  ( -11.25475052567229106, -4.240624856803691500, -24.22235139004509463 ) ) ;
#2877 = ORIENTED_EDGE ( 'NONE', *, *, #3214, .F. ) ;
#2878 = AXIS2_PLACEMENT_3D ( 'NONE', #1632, #495, #3536 ) ;
#2879 = CARTESIAN_POINT ( 'NONE',  ( 8.280796358244000288, -1.704202429745000025, -0.08982352322153001889 ) ) ;
#2880 = CARTESIAN_POINT ( 'NONE',  ( -8.522920530904000813, -2.098669711378000624, -0.6184212751659999840 ) ) ;
#2881 =( NAMED_UNIT ( * ) PLANE_ANGLE_UNIT ( ) SI_UNIT ( $, .RADIAN. ) );
#2882 = PRESENTATION_LAYER_ASSIGNMENT (  '', '', ( #1888 ) ) ;
#2883 = CARTESIAN_POINT ( 'NONE',  ( 4.871484326709000001, 7.779158573560000178, 0.0000000000000000000 ) ) ;
#2884 = CARTESIAN_POINT ( 'NONE',  ( 8.544941927280998328, -2.230407186938999420, -0.6875403510929999351 ) ) ;
#2885 = PRESENTATION_LAYER_ASSIGNMENT (  '', '', ( #950 ) ) ;
#2886 = CARTESIAN_POINT ( 'NONE',  ( -9.390324296843001406, -4.754759491037000352, -3.210315844270000163 ) ) ;
#2887 = CARTESIAN_POINT ( 'NONE',  ( 8.500798551120000823, 1.191012618233000087, -0.5925563844740000530 ) ) ;
#2888 = CARTESIAN_POINT ( 'NONE',  ( 11.12829743139468874, -4.452676439580422141, -7.500000119276576172 ) ) ;
#2889 = AXIS2_PLACEMENT_3D ( 'NONE', #3530, #713, #958 ) ;
#2890 = CARTESIAN_POINT ( 'NONE',  ( 8.273196289817999372, -1.663556656880000206, -0.06428652038564000581 ) ) ;
#2891 = CARTESIAN_POINT ( 'NONE',  ( 2.576003697126000080, -8.942378205011999981, 0.0000000000000000000 ) ) ;
#2892 = CARTESIAN_POINT ( 'NONE',  ( -8.506279957442000494, -2.279763827972000279, -0.6583751708780000156 ) ) ;
#2893 = CARTESIAN_POINT ( 'NONE',  ( -9.101795980548999410, -0.3756509964790000211, -3.481885771717999845 ) ) ;
#2894 = VERTEX_POINT ( 'NONE', #1828 ) ;
#2895 = FILL_AREA_STYLE ('',( #3199 ) ) ;
#2896 = CARTESIAN_POINT ( 'NONE',  ( -8.275291337300002326, 1.553621374360999896, -0.06934509434902999536 ) ) ;
#2897 = CARTESIAN_POINT ( 'NONE',  ( 8.692776033070000352, -2.754741415459000198, -1.132807659994000238 ) ) ;
#2898 = CARTESIAN_POINT ( 'NONE',  ( -8.476533475363000392, -2.017784375811999986, -0.5152170964660000019 ) ) ;
#2899 = CARTESIAN_POINT ( 'NONE',  ( 11.42881582318760181, -7.886102024196764759, -7.499908418405665245 ) ) ;
#2900 = CARTESIAN_POINT ( 'NONE',  ( 8.631030347017999205, -2.406926227626000614, -0.8838425120549999736 ) ) ;
#2901 = CARTESIAN_POINT ( 'NONE',  ( -10.67820314579000041, -8.438338734778000116, -7.569901596901999596 ) ) ;
#2902 = CARTESIAN_POINT ( 'NONE',  ( 8.630037778812001292, 0.9829540131020000349, -0.8907483161280000949 ) ) ;
#2903 = CARTESIAN_POINT ( 'NONE',  ( 8.361540879725000153, -1.815459663284999969, -0.2572785535589999784 ) ) ;
#2904 = CARTESIAN_POINT ( 'NONE',  ( 8.321204896801674522, 1.504620246126232352, -0.1947342644365145092 ) ) ;
#2905 = CARTESIAN_POINT ( 'NONE',  ( -9.211091456980986081, -0.8304471733600307104, -4.054676328205670366 ) ) ;
#2906 = CARTESIAN_POINT ( 'NONE',  ( -11.07577231220583336, -4.430286388399827580, -7.500007461588088731 ) ) ;
#2907 = CARTESIAN_POINT ( 'NONE',  ( -8.885285565479000169, 0.4748296005330000513, -2.175912068829000123 ) ) ;
#2908 = FACE_OUTER_BOUND ( 'NONE', #2660, .T. ) ;
#2909 = SURFACE_STYLE_FILL_AREA ( #2895 ) ;
#2910 = CARTESIAN_POINT ( 'NONE',  ( -8.275158344548000144, 1.546453295384000226, -0.06414791111043000038 ) ) ;
#2911 = ORIENTED_EDGE ( 'NONE', *, *, #409, .F. ) ;
#2912 = CARTESIAN_POINT ( 'NONE',  ( -8.430091903897999117, -1.936870594863999928, -0.4120621229429999866 ) ) ;
#2913 =( NAMED_UNIT ( * ) SI_UNIT ( $, .STERADIAN. ) SOLID_ANGLE_UNIT ( ) );
#2914 = CARTESIAN_POINT ( 'NONE',  ( 9.792685401692999392, -4.795832377584999584, -3.530552667637000042 ) ) ;
#2915 = PRESENTATION_LAYER_ASSIGNMENT (  '', '', ( #1041 ) ) ;
#2916 = CARTESIAN_POINT ( 'NONE',  ( -10.75313945425999940, -8.632934306500999355, -7.814557186060000049 ) ) ;
#2917 = CARTESIAN_POINT ( 'NONE',  ( 8.412244102707997939, 1.335268350138999915, -0.3883628161349999552 ) ) ;
#2918 = DIRECTION ( 'NONE',  ( 0.0000000000000000000, -2.303485271379099403E-16, 1.000000000000000000 ) ) ;
#2919 =( NAMED_UNIT ( * ) PLANE_ANGLE_UNIT ( ) SI_UNIT ( $, .RADIAN. ) );
#2920 = CARTESIAN_POINT ( 'NONE',  ( 9.237856977863000196, -3.335305669667000039, -2.205962556850999956 ) ) ;
#2921 = DIRECTION ( 'NONE',  ( 0.0000000000000000000, 1.000000000000000000, 2.220446049250000002E-16 ) ) ;
#2922 = CARTESIAN_POINT ( 'NONE',  ( -9.017349114948403965, -0.01604872221683019060, -2.972678999815310252 ) ) ;
#2923 = CARTESIAN_POINT ( 'NONE',  ( 8.400000000000000355, 0.0000000000000000000, 0.0000000000000000000 ) ) ;
#2924 = CARTESIAN_POINT ( 'NONE',  ( -10.45691632467000076, -4.825211267173000529, -8.540958343098999705 ) ) ;
#2925 = CARTESIAN_POINT ( 'NONE',  ( 8.386624188441002659, 1.336327513308000148, -0.3052518583839999855 ) ) ;
#2926 = CARTESIAN_POINT ( 'NONE',  ( 9.230158503941520820, -3.321660867616890389, -2.188072360847229003 ) ) ;
#2927 = CARTESIAN_POINT ( 'NONE',  ( 10.49999999999919709, -8.399999999999998579, -24.85458550253733634 ) ) ;
#2928 = PRESENTATION_STYLE_ASSIGNMENT (( #1507 ) ) ;
#2929 = SURFACE_STYLE_USAGE ( .BOTH. , #1789 ) ;
#2930 = ORIENTED_EDGE ( 'NONE', *, *, #2802, .F. ) ;
#2931 = CARTESIAN_POINT ( 'NONE',  ( 8.292045739395000226, -1.731989876812999984, -0.1171800820120000031 ) ) ;
#2932 = CARTESIAN_POINT ( 'NONE',  ( -8.538368516317000001, -2.125623936000999858, -0.6528356871689999785 ) ) ;
#2933 = CARTESIAN_POINT ( 'NONE',  ( -9.630241624957122326, -4.049305317680964578, -3.133025088569208805 ) ) ;
#2934 = PRESENTATION_LAYER_ASSIGNMENT (  '', '', ( #2122 ) ) ;
#2935 = CARTESIAN_POINT ( 'NONE',  ( 11.45605360436900000, -8.261371576947000861, -7.342800794807999409 ) ) ;
#2936 = CARTESIAN_POINT ( 'NONE',  ( -8.262863136566000577, -1.647189663038999718, -0.04253966571067000629 ) ) ;
#2937 = AXIS2_PLACEMENT_3D ( 'NONE', #1199, #941, #1501 ) ;
#2938 = STYLED_ITEM ( 'NONE', ( #990 ), #1871 ) ;
#2939 =( LENGTH_UNIT ( ) NAMED_UNIT ( * ) SI_UNIT ( .MILLI., .METRE. ) );
#2940 = CARTESIAN_POINT ( 'NONE',  ( 10.68928108115500031, -5.904243978172001306, -5.545540376964999574 ) ) ;
#2941 = VECTOR ( 'NONE', #2179, 1000.000000000000000 ) ;
#2942 = CARTESIAN_POINT ( 'NONE',  ( -8.663843264832600255, 0.9745508000895176659, -1.204031842075684144 ) ) ;
#2943 = PRESENTATION_STYLE_ASSIGNMENT (( #2362 ) ) ;
#2944 = AXIS2_PLACEMENT_3D ( 'NONE', #381, #2110, #1841 ) ;
#2945 = CARTESIAN_POINT ( 'NONE',  ( 8.251678095023999404, 1.597705768121000069, -0.01706816580532000138 ) ) ;
#2946 = STYLED_ITEM ( 'NONE', ( #191 ), #3021 ) ;
#2947 = CARTESIAN_POINT ( 'NONE',  ( 9.679096127745742351, -4.108941197785914490, -3.208487215856080432 ) ) ;
#2948 = EDGE_LOOP ( 'NONE', ( #2221, #1875, #2047, #2330 ) ) ;
#2949 = CARTESIAN_POINT ( 'NONE',  ( 8.248204710427000208, -1.618685301676000110, -0.009193759708318000740 ) ) ;
#2950 = SURFACE_STYLE_FILL_AREA ( #701 ) ;
#2951 = CARTESIAN_POINT ( 'NONE',  ( -9.618897690050999927, -1.349152296348999913, -3.051022537911999954 ) ) ;
#2952 = ORIENTED_EDGE ( 'NONE', *, *, #914, .F. ) ;
#2953 = CARTESIAN_POINT ( 'NONE',  ( 8.287226398545000094, -1.720081028160999947, -0.1054549948670000098 ) ) ;
#2954 = CARTESIAN_POINT ( 'NONE',  ( -9.044626017347999536, -3.013201563272999817, -1.791758776425000033 ) ) ;
#2955 = SURFACE_STYLE_FILL_AREA ( #2680 ) ;
#2956 = CARTESIAN_POINT ( 'NONE',  ( -8.383695525950180638, -1.856091242263504304, -0.3091495865593423820 ) ) ;
#2957 = CARTESIAN_POINT ( 'NONE',  ( 8.571421793143001011, -2.438052041685999871, -0.8162166402789999831 ) ) ;
#2958 = FILL_AREA_STYLE ('',( #19 ) ) ;
#2959 = CARTESIAN_POINT ( 'NONE',  ( 8.774929663958001669, -2.529612099099999956, -1.169049239335000268 ) ) ;
#2960 = CARTESIAN_POINT ( 'NONE',  ( -8.243698300824000569, -1.612897493640000013, -7.401486830835000218E-17 ) ) ;
#2961 = CARTESIAN_POINT ( 'NONE',  ( -8.747692342589418857, 0.8160699963945999835, -1.520797549604875787 ) ) ;
#2962 = CARTESIAN_POINT ( 'NONE',  ( 8.299895215265999937, 1.549857841869999975, -0.1510593105449999918 ) ) ;
#2963 = CARTESIAN_POINT ( 'NONE',  ( 8.496818153926000150, 1.119200030388999956, -0.5416155578539999516 ) ) ;
#2964 = SURFACE_SIDE_STYLE ('',( #3516 ) ) ;
#2965 = CARTESIAN_POINT ( 'NONE',  ( 10.15176661702981598, -3.882740196014938583, -7.499999821792775911 ) ) ;
#2966 = CARTESIAN_POINT ( 'NONE',  ( -11.49313899949000195, -5.594282971318000008, -7.530185829535000153 ) ) ;
#2967 = VERTEX_POINT ( 'NONE', #2119 ) ;
#2968 = CARTESIAN_POINT ( 'NONE',  ( 9.614960413142000561, -5.363287908454999808, -3.881236651109000402 ) ) ;
#2969 = CARTESIAN_POINT ( 'NONE',  ( -10.89717972240000243, -6.333250528478999719, -6.106441488031000731 ) ) ;
#2970 = CARTESIAN_POINT ( 'NONE',  ( 11.51929996110082755, -7.556018869640335645, -7.499999950639199220 ) ) ;
#2971 = CARTESIAN_POINT ( 'NONE',  ( 8.371840580027999579, -1.930446905938000057, -0.3128500545880000816 ) ) ;
#2972 = PRESENTATION_LAYER_ASSIGNMENT (  '', '', ( #3452 ) ) ;
#2973 = PRESENTATION_STYLE_ASSIGNMENT (( #1029 ) ) ;
#2974 = CARTESIAN_POINT ( 'NONE',  ( 10.56994127766400027, -5.689960787324999991, -5.266723140769999922 ) ) ;
#2975 = EDGE_LOOP ( 'NONE', ( #422, #309, #3217, #345 ) ) ;
#2976 = CARTESIAN_POINT ( 'NONE',  ( 8.753184393861001666, 0.8207346370791477330, -1.512252926103501149 ) ) ;
#2977 = CARTESIAN_POINT ( 'NONE',  ( -11.48070000000000235, -8.382740000000000080, -7.500000000000000000 ) ) ;
#2978 = EDGE_CURVE ( 'NONE', #1946, #64, #3002, .T. ) ;
#2979 = CARTESIAN_POINT ( 'NONE',  ( 8.323251263190000415, 1.498470233433000010, -0.1982595083969999894 ) ) ;
#2980 = CARTESIAN_POINT ( 'NONE',  ( 8.259638994118999378, 1.581665729400000053, -0.03352298107036000285 ) ) ;
#2981 = CARTESIAN_POINT ( 'NONE',  ( 11.51929999252312342, -7.416319716651003979, -7.500000003160502970 ) ) ;
#2982 = DIRECTION ( 'NONE',  ( 0.0000000000000000000, 1.000000000000000000, 2.220446049250000002E-16 ) ) ;
#2983 = CARTESIAN_POINT ( 'NONE',  ( -8.418196155268999448, 1.322131401300999931, -0.4069217721080000127 ) ) ;
#2984 = ORIENTED_EDGE ( 'NONE', *, *, #1850, .T. ) ;
#2985 = CARTESIAN_POINT ( 'NONE',  ( -8.267384750187002140, 1.569196452106000228, -0.05256478967420000897 ) ) ;
#2986 = CARTESIAN_POINT ( 'NONE',  ( 10.49999999999999822, -3.899999999999999911, -7.500000000000000000 ) ) ;
#2987 = CARTESIAN_POINT ( 'NONE',  ( 9.577046307592999241, -1.218430420637000022, -2.919577937345999796 ) ) ;
#2988 = CARTESIAN_POINT ( 'NONE',  ( 11.61094660996399952, -8.586344620883000545, -7.699962795281000361 ) ) ;
#2989 = CARTESIAN_POINT ( 'NONE',  ( -9.378998390216999326, -3.970388545413999548, -2.618389338342999917 ) ) ;
#2990 = DIRECTION ( 'NONE',  ( 0.0000000000000000000, 0.0000000000000000000, 1.000000000000000000 ) ) ;
#2991 = B_SPLINE_CURVE_WITH_KNOTS ( 'NONE', 3,
 ( #693, #1546, #1825, #2650, #3204, #677, #933, #3221, #2634, #117, #3459, #1008, #407, #1262, #2933, #955, #970, #2131, #444, #991, #2116, #2617, #709, #3236, #1514, #1848, #1862, #2956, #1246, #86, #2664, #1811, #426, #2103, #2682, #723, #153, #3494, #136, #2401, #3523, #3255, #1300, #809, #3570, #224 ),
 .UNSPECIFIED., .F., .F.,
 ( 4, 2, 2, 1, 1, 1, 1, 2, 2, 2, 1, 1, 1, 2, 2, 2, 2, 2, 1, 1, 1, 2, 2, 1, 1, 1, 1, 2, 2, 4 ),
 ( 0.0000000000000000000, 0.2499999999999937828, 0.3749999999999906741, 0.4374999999999890088, 0.4687499999999881761, 0.4843749999999878431, 0.4921874999999877320, 0.4960937499999876765, 0.4999999999999875655, 0.6249999999999905631, 0.6874999999999918954, 0.7187499999999925615, 0.7343749999999928946, 0.7421874999999931166, 0.7499999999999932276, 0.8749999999999948930, 0.9374999999999957812, 0.9687499999999962252, 0.9765624999999963363, 0.9804687499999964473, 0.9824218749999966693, 0.9833984374999966693, 0.9843749999999965583, 0.9882812499999966693, 0.9902343749999966693, 0.9912109374999965583, 0.9916992187499963363, 0.9919433593749964473, 0.9921874999999965583, 1.000000000000000000 ),
 .UNSPECIFIED. ) ;
#2992 = APPLICATION_CONTEXT ( 'automotive_design' ) ;
#2993 = CARTESIAN_POINT ( 'NONE',  ( 10.45030279114400074, -5.475834148758999653, -4.987895042087999720 ) ) ;
#2994 =( GEOMETRIC_REPRESENTATION_CONTEXT ( 3 ) GLOBAL_UNCERTAINTY_ASSIGNED_CONTEXT ( ( #2523 ) ) GLOBAL_UNIT_ASSIGNED_CONTEXT ( ( #3225, #1781, #73 ) ) REPRESENTATION_CONTEXT ( 'NONE', 'WORKASPACE' ) );
#2995 = CARTESIAN_POINT ( 'NONE',  ( 9.069196092058708913, -0.1740005710090259117, -3.204930495122478629 ) ) ;
#2996 = CARTESIAN_POINT ( 'NONE',  ( -8.244936225835999721, -1.644183026596000241, -0.01210838556843000201 ) ) ;
#2997 = CARTESIAN_POINT ( 'NONE',  ( -8.439157574500708137, 1.330799114838715713, -0.5129009255777146059 ) ) ;
#2998 = CARTESIAN_POINT ( 'NONE',  ( 8.251747707511999153, 1.601769678501999916, -0.02001559986800000024 ) ) ;
#2999 = CARTESIAN_POINT ( 'NONE',  ( 8.590567956026001539, 0.9315117134020001188, -0.7433626358120000166 ) ) ;
#3000 = PRESENTATION_LAYER_ASSIGNMENT (  '', '', ( #469 ) ) ;
#3001 = CARTESIAN_POINT ( 'NONE',  ( 0.0000000000000000000, 0.0000000000000000000, 0.0000000000000000000 ) ) ;
#3002 = CIRCLE ( 'NONE', #2889, 8.400000000000000355 ) ;
#3003 = ADVANCED_FACE ( 'NONE', ( #2091 ), #2374, .T. ) ;
#3004 = CARTESIAN_POINT ( 'NONE',  ( 9.151371419079000091, -4.012050313308000327, -2.419414713151999852 ) ) ;
#3005 = CARTESIAN_POINT ( 'NONE',  ( -8.447398715457001828, 1.212427253050000209, -0.4403232245160000335 ) ) ;
#3006 = CARTESIAN_POINT ( 'NONE',  ( 8.099999999999999645, 0.0000000000000000000, 23.69999999999999929 ) ) ;
#3007 = CARTESIAN_POINT ( 'NONE',  ( 9.519210260601001394, -1.086312512721999912, -2.788166641785000621 ) ) ;
#3008 = CARTESIAN_POINT ( 'NONE',  ( 8.484973147469000665, -2.216087025724000625, -0.5955132989369998908 ) ) ;
#3009 = CARTESIAN_POINT ( 'NONE',  ( -8.350022398261000234, -1.833396463001000010, -0.2456683138079999995 ) ) ;
#3010 = CARTESIAN_POINT ( 'NONE',  ( 8.286718447053999625, -1.701074099489999991, -0.09825406923240999346 ) ) ;
#3011 = FACE_OUTER_BOUND ( 'NONE', #3215, .T. ) ;
#3012 =( NAMED_UNIT ( * ) SI_UNIT ( $, .STERADIAN. ) SOLID_ANGLE_UNIT ( ) );
#3013 = CARTESIAN_POINT ( 'NONE',  ( 10.83270172365299011, -4.070379737181970548, -5.857977505444969424 ) ) ;
#3014 = CARTESIAN_POINT ( 'NONE',  ( 9.905023038315549755, -4.507517620700560279, -3.726823481802462812 ) ) ;
#3015 = PLANE ( 'NONE',  #655 ) ;
#3016 = DIRECTION ( 'NONE',  ( 1.000000000000000000, 0.0000000000000000000, 0.0000000000000000000 ) ) ;
#3017 = CARTESIAN_POINT ( 'NONE',  ( -8.530666936325998151, -2.343208881879000227, -0.7214051022850000994 ) ) ;
#3018 = CARTESIAN_POINT ( 'NONE',  ( -8.753818587858999578, 0.7769846949509999767, -1.190556795056999961 ) ) ;
#3019 = FACE_OUTER_BOUND ( 'NONE', #2558, .T. ) ;
#3020 = CARTESIAN_POINT ( 'NONE',  ( -11.36393706502000178, -7.195132301832002142, -7.220195225762001456 ) ) ;
#3021 = ADVANCED_FACE ( 'NONE', ( #3047 ), #1950, .T. ) ;
#3022 =( NAMED_UNIT ( * ) SI_UNIT ( $, .STERADIAN. ) SOLID_ANGLE_UNIT ( ) );
#3023 = CARTESIAN_POINT ( 'NONE',  ( 8.928299875232999838, 0.2293406731850000102, -1.475485715620000082 ) ) ;
#3024 = CARTESIAN_POINT ( 'NONE',  ( 8.497409962865999589, -2.247809738842999838, -0.6269922288190000748 ) ) ;
#3025 = CARTESIAN_POINT ( 'NONE',  ( -8.669154175124001327, -2.495376869702000011, -0.9822402584220000232 ) ) ;
#3026 = CARTESIAN_POINT ( 'NONE',  ( 8.277755487563998926, -1.682702972079000103, -0.07778556889517998507 ) ) ;
#3027 = CARTESIAN_POINT ( 'NONE',  ( -9.472034211087999367, -4.999156777078000324, -3.477740715692000162 ) ) ;
#3028 = CARTESIAN_POINT ( 'NONE',  ( 9.188467415449188991, -0.6687508535212286498, -3.856894614345825367 ) ) ;
#3029 = CARTESIAN_POINT ( 'NONE',  ( -8.323037376373999763, -1.811451213121000325, -0.1953578326010000088 ) ) ;
#3030 = DIRECTION ( 'NONE',  ( 1.000000000000000000, -0.0000000000000000000, -0.0000000000000000000 ) ) ;
#3031 = CARTESIAN_POINT ( 'NONE',  ( -11.50000000000000000, -8.400000000000000355, -7.500000000000000888 ) ) ;
#3032 = CARTESIAN_POINT ( 'NONE',  ( 11.39532376246464551, -4.931279352395291582, -7.500000226896730737 ) ) ;
#3033 = VECTOR ( 'NONE', #635, 1000.000000000000000 ) ;
#3034 = FILL_AREA_STYLE_COLOUR ( '', #402 ) ;
#3035 =( GEOMETRIC_REPRESENTATION_CONTEXT ( 3 ) GLOBAL_UNCERTAINTY_ASSIGNED_CONTEXT ( ( #2176 ) ) GLOBAL_UNIT_ASSIGNED_CONTEXT ( ( #2224, #1154, #2032 ) ) REPRESENTATION_CONTEXT ( 'NONE', 'WORKASPACE' ) );
#3036 = LINE ( 'NONE', #198, #528 ) ;
#3037 = CARTESIAN_POINT ( 'NONE',  ( -8.579088150042000649, -2.470038092982000055, -0.8476721776769999828 ) ) ;
#3038 = CARTESIAN_POINT ( 'NONE',  ( -8.593494217491999265, 1.034722271157000328, -0.8161098584489999697 ) ) ;
#3039 = CARTESIAN_POINT ( 'NONE',  ( 9.365982672784999963, -4.631293140930999641, -3.077627855667000034 ) ) ;
#3040 = CARTESIAN_POINT ( 'NONE',  ( -11.63876356461000050, -7.708482135387000334, -7.878856687605000353 ) ) ;
#3041 = CARTESIAN_POINT ( 'NONE',  ( -8.392848331732999156, 1.320846365204999984, -0.3220884198849999769 ) ) ;
#3042 = CARTESIAN_POINT ( 'NONE',  ( 11.37219288602032918, -4.405746994985602072, -24.11696954369742940 ) ) ;
#3043 = CARTESIAN_POINT ( 'NONE',  ( 8.714473313296000612, 0.6786992722950000445, -1.010959871592999937 ) ) ;
#3044 = ORIENTED_EDGE ( 'NONE', *, *, #914, .T. ) ;
#3045 = CARTESIAN_POINT ( 'NONE',  ( 9.939736539218985811, -6.319299551603966947, -4.973893193367960208 ) ) ;
#3046 = CARTESIAN_POINT ( 'NONE',  ( -8.981293598664999323, -3.143374465068999868, -1.701874606354000008 ) ) ;
#3047 = FACE_OUTER_BOUND ( 'NONE', #1170, .T. ) ;
#3048 = CARTESIAN_POINT ( 'NONE',  ( 8.245408265753001231, -1.616710749495000154, -0.004004289229929999805 ) ) ;
#3049 = ADVANCED_FACE ( 'NONE', ( #2744 ), #274, .T. ) ;
#3050 = CARTESIAN_POINT ( 'NONE',  ( 9.639078180754083292, -2.317008219153454451, -5.774328886768119062 ) ) ;
#3051 = CARTESIAN_POINT ( 'NONE',  ( -8.281904722772999605, -1.708207137098000317, -0.09371490302255999771 ) ) ;
#3052 = CARTESIAN_POINT ( 'NONE',  ( -10.61996973313442005, -8.400000000000190425, -24.75986564680794544 ) ) ;
#3053 = CARTESIAN_POINT ( 'NONE',  ( 9.772365202153000752, -2.760385019721999900, -6.267054492495000240 ) ) ;
#3054 = CARTESIAN_POINT ( 'NONE',  ( 9.807045866557002611, -1.745169409352000267, -3.447079978995000182 ) ) ;
#3055 = STYLED_ITEM ( 'NONE', ( #260 ), #1389 ) ;
#3056 = DIRECTION ( 'NONE',  ( 0.0000000000000000000, 0.0000000000000000000, 1.000000000000000000 ) ) ;
#3057 = CARTESIAN_POINT ( 'NONE',  ( -8.243698300824000569, -1.612897493640000013, 0.0000000000000000000 ) ) ;
#3058 = CARTESIAN_POINT ( 'NONE',  ( -11.54237730930000083, -3.952875001143000500, -7.660637899322000344 ) ) ;
#3059 = AXIS2_PLACEMENT_3D ( 'NONE', #2102, #442, #3507 ) ;
#3060 = CARTESIAN_POINT ( 'NONE',  ( 8.326230054686000415, -1.754712060691000053, -0.1800576674340000072 ) ) ;
#3061 = PRESENTATION_LAYER_ASSIGNMENT (  '', '', ( #1007 ) ) ;
#3062 = DIRECTION ( 'NONE',  ( 0.0000000000000000000, 0.0000000000000000000, 1.000000000000000000 ) ) ;
#3063 = CARTESIAN_POINT ( 'NONE',  ( -9.561887629078999140, -1.217293774905999992, -2.919421304200000566 ) ) ;
#3064 = DIRECTION ( 'NONE',  ( -0.0000000000000000000, 1.000000000000000000, 2.220446049250000002E-16 ) ) ;
#3065 = CARTESIAN_POINT ( 'NONE',  ( 8.559398586878000259, 0.9942608359240000526, -0.6762149717800000071 ) ) ;
#3066 = ORIENTED_EDGE ( 'NONE', *, *, #266, .F. ) ;
#3067 = CARTESIAN_POINT ( 'NONE',  ( 9.285555324398000465, -0.03966444854301999501, -2.395842446451999841 ) ) ;
#3068 = CARTESIAN_POINT ( 'NONE',  ( -8.303944720781002431, -1.737837491789000044, -0.1392220013530000022 ) ) ;
#3069 = DIRECTION ( 'NONE',  ( 0.0000000000000000000, 0.0000000000000000000, 1.000000000000000000 ) ) ;
#3070 = SHAPE_DEFINITION_REPRESENTATION ( #177, #438 ) ;
#3071 = CARTESIAN_POINT ( 'NONE',  ( 8.270585279423000813, -1.668006451112000077, -0.06141030138417000878 ) ) ;
#3072 = CARTESIAN_POINT ( 'NONE',  ( 8.254090539043000163, -1.622135241283999996, -0.01989532924980999887 ) ) ;
#3073 = CARTESIAN_POINT ( 'NONE',  ( -8.273964020396000763, -1.688351405911000080, -0.07418237664316001956 ) ) ;
#3074 = CARTESIAN_POINT ( 'NONE',  ( 10.39128722907000046, -4.549425435914000282, -8.234548645589999438 ) ) ;
#3075 = CARTESIAN_POINT ( 'NONE',  ( 8.898020027074000637, 0.2941174512300000488, -1.409435323984000066 ) ) ;
#3076 = EDGE_CURVE ( 'NONE', #1750, #111, #3522, .T. ) ;
#3077 = CARTESIAN_POINT ( 'NONE',  ( -9.833178857844998788, -6.083396413804001313, -4.698014075032999948 ) ) ;
#3078 = CARTESIAN_POINT ( 'NONE',  ( -8.501278092041999912, 1.237795132611000160, -0.6884835695580001635 ) ) ;
#3079 = CARTESIAN_POINT ( 'NONE',  ( 8.266867058726999673, -1.627339654497000021, -0.04239000279499000740 ) ) ;
#3080 = CARTESIAN_POINT ( 'NONE',  ( -11.01774418815345946, -8.297996385269026831, -7.499999030497058961 ) ) ;
#3081 = CARTESIAN_POINT ( 'NONE',  ( -8.524976265645001661, 1.056768619502000073, -0.6088145384310000852 ) ) ;
#3082 = ADVANCED_BREP_SHAPE_REPRESENTATION ( '', ( #1410, #2619 ), #321 ) ;
#3083 = UNCERTAINTY_MEASURE_WITH_UNIT (LENGTH_MEASURE( 1.000000000000000082E-05 ), #1, 'distance_accuracy_value', 'NONE');
#3084 = CARTESIAN_POINT ( 'NONE',  ( 9.054531528032001120, 0.3197753638629999839, -1.868646013460000033 ) ) ;
#3085 = CARTESIAN_POINT ( 'NONE',  ( 9.491122340761000586, -4.998493526526000430, -3.478062135076999795 ) ) ;
#3086 = CARTESIAN_POINT ( 'NONE',  ( -10.40046331411999958, -6.107848825083999955, -4.976573635147000907 ) ) ;
#3087 = CARTESIAN_POINT ( 'NONE',  ( 11.20630001291389632, -8.197119489627175071, -7.499886929614087983 ) ) ;
#3088 = CARTESIAN_POINT ( 'NONE',  ( 0.0000000000000000000, 0.0000000000000000000, 0.0000000000000000000 ) ) ;
#3089 = CARTESIAN_POINT ( 'NONE',  ( 8.254875622302998650, -1.654318830288999953, -0.03146771932255999771 ) ) ;
#3090 = CARTESIAN_POINT ( 'NONE',  ( -9.181048055253999252, -4.137211558167999570, -2.549828882883999892 ) ) ;
#3091 = CARTESIAN_POINT ( 'NONE',  ( 6.515201656323000735E-16, -8.400000000000003908, -11.55555555555000247 ) ) ;
#3092 = CARTESIAN_POINT ( 'NONE',  ( 8.982708433224999567, 0.1798966345640000131, -2.682895877671000573 ) ) ;
#3093 = CARTESIAN_POINT ( 'NONE',  ( 10.37749253192498600, -3.047943954660971677, -4.778135216678969677 ) ) ;
#3094 = CARTESIAN_POINT ( 'NONE',  ( -10.50000000000000000, -4.900000000000003908, -7.500000000000000000 ) ) ;
#3095 = CARTESIAN_POINT ( 'NONE',  ( 11.51929999999999943, -5.682740000000000791, -7.500000000000000000 ) ) ;
#3096 = CARTESIAN_POINT ( 'NONE',  ( -9.390324296842999630, -4.754759491037000352, -3.210315844270000163 ) ) ;
#3097 =( GEOMETRIC_REPRESENTATION_CONTEXT ( 3 ) GLOBAL_UNCERTAINTY_ASSIGNED_CONTEXT ( ( #1959 ) ) GLOBAL_UNIT_ASSIGNED_CONTEXT ( ( #695, #2919, #393 ) ) REPRESENTATION_CONTEXT ( 'NONE', 'WORKASPACE' ) );
#3098 = CARTESIAN_POINT ( 'NONE',  ( -11.94732649940000258, -4.674376157749000171, -8.625334927066999668 ) ) ;
#3099 = CARTESIAN_POINT ( 'NONE',  ( 8.557096344889000505, -2.152626723098999939, -0.6868409236910000271 ) ) ;
#3100 = COLOUR_RGB ( '',0.7921568627450980005, 0.8196078431372548767, 0.9333333333333333481 ) ;
#3101 = ORIENTED_EDGE ( 'NONE', *, *, #689, .F. ) ;
#3102 = CARTESIAN_POINT ( 'NONE',  ( -11.09564301657084684, -8.251599121411668847, -7.499907244912890292 ) ) ;
#3103 = CARTESIAN_POINT ( 'NONE',  ( -9.732532441850999305, -1.612317004477999971, -3.314796055339999992 ) ) ;
#3104 = CARTESIAN_POINT ( 'NONE',  ( 8.270176025431922540, -1.658365283055649897, -0.05769992156393256855 ) ) ;
#3105 = CARTESIAN_POINT ( 'NONE',  ( 11.63290489558900020, -5.816377274606000292, -7.772298238759001165 ) ) ;
#3106 = ORIENTED_EDGE ( 'NONE', *, *, #1618, .T. ) ;
#3107 = CARTESIAN_POINT ( 'NONE',  ( 9.549262964380000440, -0.4613263978100000107, -2.992625137874000529 ) ) ;
#3108 = CARTESIAN_POINT ( 'NONE',  ( -8.296224633860001418, -1.704066172797999990, -0.1158017046350000023 ) ) ;
#3109 = CARTESIAN_POINT ( 'NONE',  ( 8.530592624710001459, -2.200987903312999983, -0.6548133840969999619 ) ) ;
#3110 = CARTESIAN_POINT ( 'NONE',  ( -8.400000000000000355, -1.028703311283776586E-15, 23.69999999999999929 ) ) ;
#3111 = CARTESIAN_POINT ( 'NONE',  ( -9.992230000178000893, -6.554416319842000682, -5.250793569115001169 ) ) ;
#3112 = CARTESIAN_POINT ( 'NONE',  ( 8.790754677035000242, 0.7466020495870000495, -1.661101662357000075 ) ) ;
#3113 = SURFACE_STYLE_USAGE ( .BOTH. , #1993 ) ;
#3114 = FILL_AREA_STYLE_COLOUR ( '', #1891 ) ;
#3115 = CARTESIAN_POINT ( 'NONE',  ( -8.283491580047000369, -1.712178244833999941, -0.09762199684898001384 ) ) ;
#3116 = CARTESIAN_POINT ( 'NONE',  ( -8.314592986676000663, 1.518198932453999950, -0.1844409418010000135 ) ) ;
#3117 = CARTESIAN_POINT ( 'NONE',  ( -11.39095053840415162, -7.885606059661325773, -7.499887436095581172 ) ) ;
#3118 = CARTESIAN_POINT ( 'NONE',  ( -8.571294714773999956, 0.9628551375320000272, -0.7096279801129999898 ) ) ;
#3119 = CARTESIAN_POINT ( 'NONE',  ( 8.099999999999999645, -16.19999999999999574, 24.00000000000000000 ) ) ;
#3120 = EDGE_CURVE ( 'NONE', #987, #720, #187, .T. ) ;
#3121 = VECTOR ( 'NONE', #716, 1000.000000000000000 ) ;
#3122 = UNCERTAINTY_MEASURE_WITH_UNIT (LENGTH_MEASURE( 1.000000000000000082E-05 ), #461, 'distance_accuracy_value', 'NONE');
#3123 = ORIENTED_EDGE ( 'NONE', *, *, #3439, .T. ) ;
#3124 = CARTESIAN_POINT ( 'NONE',  ( 9.417957018337000719, -0.2494246846850000365, -2.695995773163000209 ) ) ;
#3125 = CARTESIAN_POINT ( 'NONE',  ( 10.69665200744297628, -8.382739999999920144, -7.500000000000066613 ) ) ;
#3126 = CARTESIAN_POINT ( 'NONE',  ( -10.05949317700999934, -5.391839776577000976, -4.188202316104000289 ) ) ;
#3127 = STYLED_ITEM ( 'NONE', ( #1876 ), #843 ) ;
#3128 = CARTESIAN_POINT ( 'NONE',  ( 8.516243239576999358, -2.171569217180000066, -0.6220840493439999674 ) ) ;
#3129 = CARTESIAN_POINT ( 'NONE',  ( 9.466882873995000836, -1.734754007986000213, -5.124160770760999739 ) ) ;
#3130 = DIRECTION ( 'NONE',  ( -0.0000000000000000000, -0.0000000000000000000, -1.000000000000000000 ) ) ;
#3131 =( LENGTH_UNIT ( ) NAMED_UNIT ( * ) SI_UNIT ( .MILLI., .METRE. ) );
#3132 = PRESENTATION_STYLE_ASSIGNMENT (( #3623 ) ) ;
#3133 = CARTESIAN_POINT ( 'NONE',  ( -8.262873188458000229, -1.660479669352000309, -0.04689208944862999218 ) ) ;
#3134 = CARTESIAN_POINT ( 'NONE',  ( -10.42877341494000198, -1.988190679277999973, -5.045944971766998854 ) ) ;
#3135 = FILL_AREA_STYLE ('',( #2080 ) ) ;
#3136 = UNCERTAINTY_MEASURE_WITH_UNIT (LENGTH_MEASURE( 1.000000000000000082E-05 ), #1081, 'distance_accuracy_value', 'NONE');
#3137 = ORIENTED_EDGE ( 'NONE', *, *, #3414, .T. ) ;
#3138 = CARTESIAN_POINT ( 'NONE',  ( -11.28128309518223560, -8.072560987394789223, -7.499997418438951513 ) ) ;
#3139 = CARTESIAN_POINT ( 'NONE',  ( -8.617430252771997701, 0.8685159574030000273, -0.8102084351399999607 ) ) ;
#3140 = CARTESIAN_POINT ( 'NONE',  ( -8.950445721595999160, 0.1644956382159999952, -1.541151692556999908 ) ) ;
#3141 = CARTESIAN_POINT ( 'NONE',  ( 8.256748189069378796, -1.635312950012336453, -0.02843248856471863872 ) ) ;
#3142 = ORIENTED_EDGE ( 'NONE', *, *, #2802, .T. ) ;
#3143 = CARTESIAN_POINT ( 'NONE',  ( 11.85396718814599737, -4.431091952906999865, -8.301015493600001349 ) ) ;
#3144 = CARTESIAN_POINT ( 'NONE',  ( -11.54434223244999913, -8.528876927844001088, -7.636958656732001138 ) ) ;
#3145 = EDGE_CURVE ( 'NONE', #583, #2327, #2991, .T. ) ;
#3146 = CARTESIAN_POINT ( 'NONE',  ( -6.880700000000000038, -3.882740000000000080, -7.500000000000000000 ) ) ;
#3147 = CARTESIAN_POINT ( 'NONE',  ( 8.961170988801999471, -3.084240215684000308, -1.636164845703999893 ) ) ;
#3148 = CARTESIAN_POINT ( 'NONE',  ( 8.247407177895997421, -1.620034363825999968, -0.008324354459612000323 ) ) ;
#3149 = CARTESIAN_POINT ( 'NONE',  ( -8.494042649801999190, -2.248034588762000130, -0.6268851757830000704 ) ) ;
#3150 = CARTESIAN_POINT ( 'NONE',  ( 8.283958533594997675, 1.557305448646999713, -0.1001099703189999857 ) ) ;
#3151 = CARTESIAN_POINT ( 'NONE',  ( -10.49999999999919709, -3.899999999999999911, -24.85458550253733634 ) ) ;
#3152 = CARTESIAN_POINT ( 'NONE',  ( 0.0000000000000000000, 0.0000000000000000000, 0.0000000000000000000 ) ) ;
#3153 = CARTESIAN_POINT ( 'NONE',  ( -8.864468069083466517, 0.5346906246634994808, -2.064972113245570284 ) ) ;
#3154 = CARTESIAN_POINT ( 'NONE',  ( -9.217078295124000675, -0.8572886765470000281, -4.090514446876000854 ) ) ;
#3155 = FILL_AREA_STYLE_COLOUR ( '', #1185 ) ;
#3156 = EDGE_LOOP ( 'NONE', ( #1574, #2268, #1191, #3 ) ) ;
#3157 = CARTESIAN_POINT ( 'NONE',  ( -8.586693767874999494, 0.9314568113280000672, -0.7431811544480001475 ) ) ;
#3158 = CARTESIAN_POINT ( 'NONE',  ( 8.314481418944517088, -1.734505158646661993, -0.1543776369001280679 ) ) ;
#3159 = ORIENTED_EDGE ( 'NONE', *, *, #728, .T. ) ;
#3160 = CARTESIAN_POINT ( 'NONE',  ( 8.559159386696000738, -2.406357451648999835, -0.7846361527540000047 ) ) ;
#3161 = CARTESIAN_POINT ( 'NONE',  ( -8.247172819540999456, -1.653749206914000069, -0.01886116996323999873 ) ) ;
#3162 = CARTESIAN_POINT ( 'NONE',  ( -11.49999999999923261, -7.400000000000000355, -23.99999999999525713 ) ) ;
#3163 = CARTESIAN_POINT ( 'NONE',  ( 6.659631154435000866, 6.019416751019999623, 0.0000000000000000000 ) ) ;
#3164 = CARTESIAN_POINT ( 'NONE',  ( 8.387118694962000021, -1.906868319226999731, -0.3274666066160000222 ) ) ;
#3165 = ADVANCED_FACE ( 'NONE', ( #754, #188 ), #1639, .T. ) ;
#3166 = CARTESIAN_POINT ( 'NONE',  ( -8.826400644976999388, -3.134243500561000317, -1.515039396153000428 ) ) ;
#3167 = CARTESIAN_POINT ( 'NONE',  ( 8.243698300824000569, 1.612897493640000013, 0.0000000000000000000 ) ) ;
#3168 = CARTESIAN_POINT ( 'NONE',  ( 10.84160307737161055, -4.154878977296378118, -7.500292636098922827 ) ) ;
#3169 =( NAMED_UNIT ( * ) SI_UNIT ( $, .STERADIAN. ) SOLID_ANGLE_UNIT ( ) );
#3170 = CARTESIAN_POINT ( 'NONE',  ( 8.341927824699000737, -1.781713061709000012, -0.2143744183519999957 ) ) ;
#3171 = EDGE_CURVE ( 'NONE', #2381, #737, #2180, .T. ) ;
#3172 = CARTESIAN_POINT ( 'NONE',  ( -9.525391170027507570, -2.018437985640204602, -5.440348072736430396 ) ) ;
#3173 = CARTESIAN_POINT ( 'NONE',  ( -8.262638787614001501, -1.634191345380999971, -0.03801635857856999756 ) ) ;
#3174 = CARTESIAN_POINT ( 'NONE',  ( -8.782408901810001112, 0.7462328759050000926, -1.660705841851000120 ) ) ;
#3175 =( NAMED_UNIT ( * ) SI_UNIT ( $, .STERADIAN. ) SOLID_ANGLE_UNIT ( ) );
#3176 = ORIENTED_EDGE ( 'NONE', *, *, #3076, .T. ) ;
#3177 = CARTESIAN_POINT ( 'NONE',  ( -8.298986478314999360, 1.516818060397999934, -0.1269582930010000332 ) ) ;
#3178 = CARTESIAN_POINT ( 'NONE',  ( -10.69000095346000201, -3.813304394552000431, -5.586823034976999836 ) ) ;
#3179 = COLOUR_RGB ( '',0.8000000000000000444, 0.8000000000000000444, 0.8000000000000000444 ) ;
#3180 = ORIENTED_EDGE ( 'NONE', *, *, #2528, .F. ) ;
#3181 = COLOUR_RGB ( '',0.8000000000000000444, 0.8000000000000000444, 0.8000000000000000444 ) ;
#3182 = CARTESIAN_POINT ( 'NONE',  ( 8.330467041433999853, -1.827255479830000029, -0.2110437333340000055 ) ) ;
#3183 = CARTESIAN_POINT ( 'NONE',  ( -8.325371111595000428, -1.754698345970999940, -0.1801664415760000082 ) ) ;
#3184 = CARTESIAN_POINT ( 'NONE',  ( 0.0000000000000000000, 0.0000000000000000000, 0.0000000000000000000 ) ) ;
#3185 = AXIS2_PLACEMENT_3D ( 'NONE', #1494, #2600, #1209 ) ;
#3186 = CARTESIAN_POINT ( 'NONE',  ( 8.487544644063001797, -2.112734333042999957, -0.5566190250190000688 ) ) ;
#3187 = CARTESIAN_POINT ( 'NONE',  ( 8.274359528177001266, -1.688323635848999915, -0.07419519335547999916 ) ) ;
#3188 = COLOUR_RGB ( '',0.8000000000000000444, 0.8000000000000000444, 0.8000000000000000444 ) ;
#3189 = CARTESIAN_POINT ( 'NONE',  ( -10.72102389349000084, -8.549536204334000189, -7.709704790707000654 ) ) ;
#3190 = CARTESIAN_POINT ( 'NONE',  ( 8.581516082473999774, 1.060668501224000027, -0.7787710296700001145 ) ) ;
#3191 = FILL_AREA_STYLE_COLOUR ( '', #103 ) ;
#3192 = CARTESIAN_POINT ( 'NONE',  ( 8.572695540709000639, -2.179576042906000488, -0.7212473762900001306 ) ) ;
#3193 = CARTESIAN_POINT ( 'NONE',  ( -4.871484326707999912, -7.779158573561000267, 0.0000000000000000000 ) ) ;
#3194 = CARTESIAN_POINT ( 'NONE',  ( -9.616774012362077073, -2.325872663958196362, -5.782730520923047735 ) ) ;
#3195 = EDGE_CURVE ( 'NONE', #64, #987, #637, .T. ) ;
#3196 = CARTESIAN_POINT ( 'NONE',  ( -10.55953854176999940, -5.102197161508001066, -8.848140833365999214 ) ) ;
#3197 = SURFACE_STYLE_FILL_AREA ( #3135 ) ;
#3198 = CARTESIAN_POINT ( 'NONE',  ( 11.37219288602033274, -7.894253005014392421, -24.11696954369742585 ) ) ;
#3199 = FILL_AREA_STYLE_COLOUR ( '', #759 ) ;
#3200 = CARTESIAN_POINT ( 'NONE',  ( -8.306942079637000376, 1.497089819898000052, -0.1406783780020000318 ) ) ;
#3201 = ORIENTED_EDGE ( 'NONE', *, *, #2218, .F. ) ;
#3202 = CARTESIAN_POINT ( 'NONE',  ( 8.314488205496999740, -1.787562790735000018, -0.1719195743120000008 ) ) ;
#3203 = CARTESIAN_POINT ( 'NONE',  ( -8.492003055513000831, -2.044749940628999951, -0.5496119519480000548 ) ) ;
#3204 = CARTESIAN_POINT ( 'NONE',  ( -10.44243864372924335, -5.506285461487205879, -5.030280491154038636 ) ) ;
#3205 = CARTESIAN_POINT ( 'NONE',  ( -10.48463612964000191, -7.932041569388001534, -6.934533750972001087 ) ) ;
#3206 = CARTESIAN_POINT ( 'NONE',  ( 8.678620095528000178, 0.9056460814329999609, -1.002879164736000028 ) ) ;
#3207 = SURFACE_STYLE_FILL_AREA ( #139 ) ;
#3208 = CARTESIAN_POINT ( 'NONE',  ( 8.836953281388000292, -2.637202613772000603, -1.307024664444000228 ) ) ;
#3209 = CARTESIAN_POINT ( 'NONE',  ( 8.368610589109625408, 1.436815919935392705, -0.3175297885178265389 ) ) ;
#3210 = CARTESIAN_POINT ( 'NONE',  ( -8.955641802299831866, 0.2303476979810237524, -2.591978197995596478 ) ) ;
#3211 = CARTESIAN_POINT ( 'NONE',  ( -11.30243396551943214, -4.798832285350261628, -7.499934840316762497 ) ) ;
#3212 = CARTESIAN_POINT ( 'NONE',  ( -8.672339957851999515, 0.9600116221340001532, -1.232792504989000282 ) ) ;
#3213 = CARTESIAN_POINT ( 'NONE',  ( 11.51929999999999943, -7.932740000000000791, -7.500000000000000000 ) ) ;
#3214 = EDGE_CURVE ( 'NONE', #1259, #690, #1690, .T. ) ;
#3215 = EDGE_LOOP ( 'NONE', ( #673, #1374, #1788, #1821 ) ) ;
#3216 = CARTESIAN_POINT ( 'NONE',  ( -8.322368677063002096, 1.457831838538000024, -0.1684541558819999951 ) ) ;
#3217 = ORIENTED_EDGE ( 'NONE', *, *, #2096, .F. ) ;
#3218 = CARTESIAN_POINT ( 'NONE',  ( 8.434938725330999532, -2.089160757475000185, -0.4697549642740000420 ) ) ;
#3219 = CARTESIAN_POINT ( 'NONE',  ( -8.333138982880999635, -1.768198015022000025, -0.1973343488010000368 ) ) ;
#3220 = DIRECTION ( 'NONE',  ( 1.000000000000000000, 0.0000000000000000000, 0.0000000000000000000 ) ) ;
#3221 = CARTESIAN_POINT ( 'NONE',  ( -10.01311759366273790, -4.733159865918294074, -4.023203710750435036 ) ) ;
#3222 = COLOUR_RGB ( '',0.8000000000000000444, 0.8000000000000000444, 0.8000000000000000444 ) ;
#3223 = CARTESIAN_POINT ( 'NONE',  ( -10.71031870656000073, -8.521736836944999283, -7.674753992255999968 ) ) ;
#3224 =( NAMED_UNIT ( * ) SI_UNIT ( $, .STERADIAN. ) SOLID_ANGLE_UNIT ( ) );
#3225 =( LENGTH_UNIT ( ) NAMED_UNIT ( * ) SI_UNIT ( .MILLI., .METRE. ) );
#3226 = CARTESIAN_POINT ( 'NONE',  ( -9.311814879682239976, -1.230197953185532489, -4.535598938143407644 ) ) ;
#3227 = CARTESIAN_POINT ( 'NONE',  ( -10.65419953291528721, -4.047092408603184310, -7.500007110979669989 ) ) ;
#3228 = CARTESIAN_POINT ( 'NONE',  ( -10.56980076347999997, -5.129895750941000365, -8.878859082392999369 ) ) ;
#3229 = CARTESIAN_POINT ( 'NONE',  ( 8.418195742309000806, 1.274481545165000007, -0.3728856573640000338 ) ) ;
#3230 = CARTESIAN_POINT ( 'NONE',  ( 8.243698300824000569, -1.612897493640000013, 7.105427357601000281E-15 ) ) ;
#3231 = ORIENTED_EDGE ( 'NONE', *, *, #1758, .T. ) ;
#3232 = CARTESIAN_POINT ( 'NONE',  ( 8.522196897744001021, -2.311242758201000669, -0.6899991515370001993 ) ) ;
#3233 = CARTESIAN_POINT ( 'NONE',  ( -9.166421517073999325, -3.227867512465000033, -2.068719562454000016 ) ) ;
#3234 = CARTESIAN_POINT ( 'NONE',  ( -11.50000000000000000, -4.900000000000000355, -24.00000000000000000 ) ) ;
#3235 = EDGE_CURVE ( 'NONE', #1946, #720, #443, .T. ) ;
#3236 = CARTESIAN_POINT ( 'NONE',  ( -8.800851794379211057, -2.584536486903652008, -1.239982180727085881 ) ) ;
#3237 = MECHANICAL_DESIGN_GEOMETRIC_PRESENTATION_REPRESENTATION (  '', ( #596 ), #208 ) ;
#3238 = CARTESIAN_POINT ( 'NONE',  ( 11.62483572179499980, -8.615484651654000459, -7.731989179863999695 ) ) ;
#3239 = CARTESIAN_POINT ( 'NONE',  ( 8.269527461288999959, -1.676414426792000256, -0.06247598951446999699 ) ) ;
#3240 = CARTESIAN_POINT ( 'NONE',  ( -8.270276281612002123, -1.668015034758000059, -0.06142462075492000767 ) ) ;
#3241 =( NAMED_UNIT ( * ) PLANE_ANGLE_UNIT ( ) SI_UNIT ( $, .RADIAN. ) );
#3242 = AXIS2_PLACEMENT_3D ( 'NONE', #926, #1219, #2343 ) ;
#3243 = ORIENTED_EDGE ( 'NONE', *, *, #1248, .F. ) ;
#3244 = CARTESIAN_POINT ( 'NONE',  ( 8.581277663241293041, 1.120695767810808707, -0.9145723607280177303 ) ) ;
#3245 = CARTESIAN_POINT ( 'NONE',  ( -8.763240332503134056, 0.7837108089104298791, -1.585413761706062408 ) ) ;
#3246 = CARTESIAN_POINT ( 'NONE',  ( -11.12699073982641096, -4.498010897426482302, -7.500106643560060071 ) ) ;
#3247 = CARTESIAN_POINT ( 'NONE',  ( 6.000000000000000000, 0.0000000000000000000, 0.0000000000000000000 ) ) ;
#3248 = CARTESIAN_POINT ( 'NONE',  ( 2.576003697123999903, 8.942378205015000248, 0.0000000000000000000 ) ) ;
#3249 = CYLINDRICAL_SURFACE ( 'NONE', #3645, 8.400000000000000355 ) ;
#3250 = CARTESIAN_POINT ( 'NONE',  ( -10.91516901095999970, -4.319621586530000279, -6.129941045146000356 ) ) ;
#3251 = ORIENTED_EDGE ( 'NONE', *, *, #1741, .F. ) ;
#3252 = CARTESIAN_POINT ( 'NONE',  ( 10.81632042747900080, -8.688644709142000266, -7.884520956165999905 ) ) ;
#3253 = CARTESIAN_POINT ( 'NONE',  ( -8.584670004443001545, -2.206464078594000178, -0.7561175900000002281 ) ) ;
#3254 = DIRECTION ( 'NONE',  ( 1.000000000000000000, 0.0000000000000000000, 0.0000000000000000000 ) ) ;
#3255 = CARTESIAN_POINT ( 'NONE',  ( -8.270161528586086774, -1.658812767259910448, -0.05830903801603262021 ) ) ;
#3256 = CARTESIAN_POINT ( 'NONE',  ( 8.245052497008002135, -1.644132396818000386, -0.01218015890288000162 ) ) ;
#3257 = PRODUCT_RELATED_PRODUCT_CATEGORY ( 'part', '', ( #237 ) ) ;
#3258 = CARTESIAN_POINT ( 'NONE',  ( 8.764226556222000752, -2.944419046555000641, -1.323660412903000072 ) ) ;
#3259 = CARTESIAN_POINT ( 'NONE',  ( -10.57016096351999934, -8.157773403227999154, -7.217160391746000769 ) ) ;
#3260 = CARTESIAN_POINT ( 'NONE',  ( 9.726395105006002240, -4.192167708899999568, -3.316593514331000137 ) ) ;
#3261 = VERTEX_POINT ( 'NONE', #3595 ) ;
#3262 = CARTESIAN_POINT ( 'NONE',  ( 9.212666564263622959, -0.7666408389335057638, -3.979003076148520890 ) ) ;
#3263 = CARTESIAN_POINT ( 'NONE',  ( -11.48070000000000235, -7.482739999999999725, -7.500000000000000000 ) ) ;
#3264 = CARTESIAN_POINT ( 'NONE',  ( 8.315533525384999791, 1.518243227296000031, -0.1844338223120000342 ) ) ;
#3265 = CARTESIAN_POINT ( 'NONE',  ( 8.528148201925001004, 1.056821691204000269, -0.6089647380139999733 ) ) ;
#3266 = DIRECTION ( 'NONE',  ( 0.0000000000000000000, 2.153159805334000109E-16, -1.000000000000000000 ) ) ;
#3267 = CARTESIAN_POINT ( 'NONE',  ( -8.394360753682999388, 1.361601488395000059, -0.3513160289339999909 ) ) ;
#3268 = B_SPLINE_CURVE_WITH_KNOTS ( 'NONE', 10,
 ( #1231, #960, #376, #1518, #2891, #2077, #122, #3193, #2092, #651, #2960 ),
 .UNSPECIFIED., .F., .F.,
 ( 11, 11 ),
 ( 0.0000000000000000000, 23.00000000000000000 ),
 .UNSPECIFIED. ) ;
#3269 = EDGE_LOOP ( 'NONE', ( #2911, #1692 ) ) ;
#3270 = SURFACE_STYLE_USAGE ( .BOTH. , #2144 ) ;
#3271 = SURFACE_STYLE_FILL_AREA ( #1656 ) ;
#3272 = CARTESIAN_POINT ( 'NONE',  ( 10.96189005325745036, -4.005009845256767953, -24.47733994598268126 ) ) ;
#3273 = CARTESIAN_POINT ( 'NONE',  ( 11.10627063659100244, -7.528004906351000614, -6.536981690990002036 ) ) ;
#3274 = CARTESIAN_POINT ( 'NONE',  ( 8.327274723861002315, -1.819317115335000512, -0.2032172384770000173 ) ) ;
#3275 = CARTESIAN_POINT ( 'NONE',  ( -9.549046600794998341, -4.324757285479000402, -3.010361557083000239 ) ) ;
#3276 = SHAPE_REPRESENTATION_RELATIONSHIP ( 'NONE' , 'NONE' ,  #1337, #1019 ) ;
#3277 =( GEOMETRIC_REPRESENTATION_CONTEXT ( 3 ) GLOBAL_UNCERTAINTY_ASSIGNED_CONTEXT ( ( #285 ) ) GLOBAL_UNIT_ASSIGNED_CONTEXT ( ( #2740, #2425, #3022 ) ) REPRESENTATION_CONTEXT ( 'NONE', 'WORKASPACE' ) );
#3278 = CARTESIAN_POINT ( 'NONE',  ( 10.92708903960700439, -6.333436305513000519, -6.102990532180001537 ) ) ;
#3279 = CARTESIAN_POINT ( 'NONE',  ( 8.839759550941714394, 0.6277695804779223065, -1.892014206606663640 ) ) ;
#3280 =( LENGTH_UNIT ( ) NAMED_UNIT ( * ) SI_UNIT ( .MILLI., .METRE. ) );
#3281 = PRESENTATION_STYLE_ASSIGNMENT (( #2512 ) ) ;
#3282 = LINE ( 'NONE', #3247, #1779 ) ;
#3283 = CARTESIAN_POINT ( 'NONE',  ( 8.574993482846000603, 0.9629101347240001108, -0.7098018275410000744 ) ) ;
#3284 = EDGE_CURVE ( 'NONE', #690, #852, #1619, .T. ) ;
#3285 = CARTESIAN_POINT ( 'NONE',  ( -10.50000000000000000, -8.400000000000000355, -7.500000000000000000 ) ) ;
#3286 =( LENGTH_UNIT ( ) NAMED_UNIT ( * ) SI_UNIT ( .MILLI., .METRE. ) );
#3287 = CARTESIAN_POINT ( 'NONE',  ( -9.109534422949000287, 0.2179409171140000157, -2.018057714091000321 ) ) ;
#3288 = UNCERTAINTY_MEASURE_WITH_UNIT (LENGTH_MEASURE( 1.000000000000000082E-05 ), #1264, 'distance_accuracy_value', 'NONE');
#3289 = CARTESIAN_POINT ( 'NONE',  ( 10.75104674382300018, -8.521787595064999721, -7.674782252803000304 ) ) ;
#3290 = CARTESIAN_POINT ( 'NONE',  ( -11.62444160881000244, -7.681688157523000271, -7.844514610484999650 ) ) ;
#3291 = CARTESIAN_POINT ( 'NONE',  ( -8.439620122084999565, 1.227946763544000008, -0.4234491218259999745 ) ) ;
#3292 = DIRECTION ( 'NONE',  ( 0.0000000000000000000, 1.000000000000000000, 2.220446049250000002E-16 ) ) ;
#3293 = CARTESIAN_POINT ( 'NONE',  ( 8.331215292436999320, 1.444657949917000028, -0.1870352813160000016 ) ) ;
#3294 = CARTESIAN_POINT ( 'NONE',  ( 8.409771609362000078, -2.025681758924999798, -0.4069555873730000273 ) ) ;
#3295 = CARTESIAN_POINT ( 'NONE',  ( -8.321666262092001887, -1.774589299440000323, -0.1801647900400000502 ) ) ;
#3296 = CARTESIAN_POINT ( 'NONE',  ( 0.0000000000000000000, 0.0000000000000000000, 0.0000000000000000000 ) ) ;
#3297 =( NAMED_UNIT ( * ) SI_UNIT ( $, .STERADIAN. ) SOLID_ANGLE_UNIT ( ) );
#3298 = CARTESIAN_POINT ( 'NONE',  ( 8.308230480067001267, -1.745167018650000124, -0.1473764898180000005 ) ) ;
#3299 = CARTESIAN_POINT ( 'NONE',  ( 9.268224633983630056, -0.9897884739982533153, -4.255054587836411883 ) ) ;
#3300 =( NAMED_UNIT ( * ) SI_UNIT ( $, .STERADIAN. ) SOLID_ANGLE_UNIT ( ) );
#3301 = CARTESIAN_POINT ( 'NONE',  ( 10.71878904790298570, -3.816497871260972286, -5.586799619838970443 ) ) ;
#3302 = CARTESIAN_POINT ( 'NONE',  ( 9.050181018405799804, -3.008014306677988525, -1.783853041253589122 ) ) ;
#3303 = AXIS2_PLACEMENT_3D ( 'NONE', #3091, #1953, #2816 ) ;
#3304 = EDGE_CURVE ( 'NONE', #2967, #1661, #1094, .T. ) ;
#3305 = STYLED_ITEM ( 'NONE', ( #669 ), #2477 ) ;
#3306 = FACE_OUTER_BOUND ( 'NONE', #927, .T. ) ;
#3307 = CARTESIAN_POINT ( 'NONE',  ( -8.542816450540001938, -2.374924182392999850, -0.7529455705800000009 ) ) ;
#3308 = CARTESIAN_POINT ( 'NONE',  ( -11.48069999280971842, -7.413140773055836519, -7.500000004218271066 ) ) ;
#3309 = CARTESIAN_POINT ( 'NONE',  ( -11.50000000000000000, -8.400000000000000355, -7.500000000000000000 ) ) ;
#3310 = CARTESIAN_POINT ( 'NONE',  ( 10.14986293907900006, -2.529744557431000018, -4.243340699785999703 ) ) ;
#3311 = CARTESIAN_POINT ( 'NONE',  ( 8.384512414120999679, -1.962194185772000221, -0.3442041656310000364 ) ) ;
#3312 = CARTESIAN_POINT ( 'NONE',  ( -8.811090823872998357, -2.789939295716999723, -1.309547935423999832 ) ) ;
#3313 = DIRECTION ( 'NONE',  ( 1.000000000000000000, 0.0000000000000000000, 0.0000000000000000000 ) ) ;
#3314 = CARTESIAN_POINT ( 'NONE',  ( 8.272377817419000579, -1.671680548332999949, -0.06550415587336001766 ) ) ;
#3315 = CARTESIAN_POINT ( 'NONE',  ( 9.630135690247485059, -2.287370230177691255, -5.741338295603507724 ) ) ;
#3316 = CARTESIAN_POINT ( 'NONE',  ( -8.275553015350002539, -1.692322576557000025, -0.07808849112530000247 ) ) ;
#3317 = CARTESIAN_POINT ( 'NONE',  ( 11.32014185668779938, -4.761644752956973647, -7.499970601007469817 ) ) ;
#3318 =( NAMED_UNIT ( * ) PLANE_ANGLE_UNIT ( ) SI_UNIT ( $, .RADIAN. ) );
#3319 = DIRECTION ( 'NONE',  ( 1.000000000000000000, 0.0000000000000000000, 0.0000000000000000000 ) ) ;
#3320 = CARTESIAN_POINT ( 'NONE',  ( -8.803402579732001243, -3.071156550028999899, -1.451086768806000071 ) ) ;
#3321 = CARTESIAN_POINT ( 'NONE',  ( -9.726152693605000010, -0.7827760874989999618, -3.431583152513000279 ) ) ;
#3322 = CARTESIAN_POINT ( 'NONE',  ( -6.999999999891315383, 8.572527593898371647E-16, 23.99999999994406608 ) ) ;
#3323 = CARTESIAN_POINT ( 'NONE',  ( 8.903988113404999183, -3.322693376206999893, -1.707712780040000267 ) ) ;
#3324 = CARTESIAN_POINT ( 'NONE',  ( 9.807045866557002611, -1.745169409352000267, -3.447079978995000182 ) ) ;
#3325 = CARTESIAN_POINT ( 'NONE',  ( 10.60863328128498573, -8.157740431889967780, -7.217176472015959909 ) ) ;
#3326 = CARTESIAN_POINT ( 'NONE',  ( -8.952942894461999757, -3.084483114894000622, -1.636533228278000296 ) ) ;
#3327 = CARTESIAN_POINT ( 'NONE',  ( 9.637258203517939492, -2.310983746906873026, -5.767624738879204571 ) ) ;
#3328 = CARTESIAN_POINT ( 'NONE',  ( -8.270784750972000055, -1.680409030896999889, -0.06637073044487000473 ) ) ;
#3329 = LINE ( 'NONE', #840, #286 ) ;
#3330 = CARTESIAN_POINT ( 'NONE',  ( -11.35301922715383327, -4.917933472632684655, -7.499975430161805789 ) ) ;
#3331 = CARTESIAN_POINT ( 'NONE',  ( 9.145210665141000561, -0.4935959798710000679, -3.639304456490000117 ) ) ;
#3332 = CARTESIAN_POINT ( 'NONE',  ( 11.51929999999982002, -5.571400356287102618, -7.499999999999992895 ) ) ;
#3333 = DIRECTION ( 'NONE',  ( 1.000000000000000000, 0.0000000000000000000, 0.0000000000000000000 ) ) ;
#3334 = CARTESIAN_POINT ( 'NONE',  ( -8.426144156744999947, 1.308990826585000100, -0.4254655698879999948 ) ) ;
#3335 = DIRECTION ( 'NONE',  ( 0.0000000000000000000, 0.0000000000000000000, 1.000000000000000000 ) ) ;
#3336 = CARTESIAN_POINT ( 'NONE',  ( 10.50000000000000000, -4.900000000000000355, -7.500000000000000000 ) ) ;
#3337 = CARTESIAN_POINT ( 'NONE',  ( -8.275158344548000144, 1.546453295384000004, -0.06414791111043000038 ) ) ;
#3338 = CARTESIAN_POINT ( 'NONE',  ( 11.21047390417655443, -4.193384650649223389, -24.26159797574886667 ) ) ;
#3339 = CARTESIAN_POINT ( 'NONE',  ( 8.528148201925001004, 1.056821691204000047, -0.6089647380139999733 ) ) ;
#3340 = ORIENTED_EDGE ( 'NONE', *, *, #1140, .F. ) ;
#3341 = CARTESIAN_POINT ( 'NONE',  ( 11.08758361603699960, -3.085745155174000054, -6.505584922306001161 ) ) ;
#3342 = CARTESIAN_POINT ( 'NONE',  ( 0.0000000000000000000, 0.0000000000000000000, 0.0000000000000000000 ) ) ;
#3343 = CARTESIAN_POINT ( 'NONE',  ( -9.151713190206999471, -3.497514747954999947, -2.094618392650999361 ) ) ;
#3344 = ADVANCED_FACE ( 'NONE', ( #1599 ), #2714, .T. ) ;
#3345 = DIRECTION ( 'NONE',  ( 0.0000000000000000000, 0.0000000000000000000, 1.000000000000000000 ) ) ;
#3346 = CARTESIAN_POINT ( 'NONE',  ( 11.73561108999600044, -7.815756783381000439, -8.012161142606000652 ) ) ;
#3347 = CARTESIAN_POINT ( 'NONE',  ( 8.261134716165999592, -1.657127568506000292, -0.04258504407277000081 ) ) ;
#3348 = CARTESIAN_POINT ( 'NONE',  ( 8.400000000000000355, 0.0000000000000000000, 0.0000000000000000000 ) ) ;
#3349 = CARTESIAN_POINT ( 'NONE',  ( 10.20558965675700058, -4.041439661976999886, -7.673956399517999571 ) ) ;
#3350 = CARTESIAN_POINT ( 'NONE',  ( 9.285900493056999494, -0.5574016176549999591, -2.263701791446000033 ) ) ;
#3351 =( NAMED_UNIT ( * ) PLANE_ANGLE_UNIT ( ) SI_UNIT ( $, .RADIAN. ) );
#3352 = CARTESIAN_POINT ( 'NONE',  ( -9.307580230198997384, -4.508809130846000102, -2.944739188909000660 ) ) ;
#3353 = STYLED_ITEM ( 'NONE', ( #259 ), #172 ) ;
#3354 = CARTESIAN_POINT ( 'NONE',  ( -8.398704965687999291, 1.390338645945000007, -0.4020845723120000659 ) ) ;
#3355 = PRODUCT_DEFINITION_CONTEXT ( 'detailed design', #2992, 'design' ) ;
#3356 =( GEOMETRIC_REPRESENTATION_CONTEXT ( 3 ) GLOBAL_UNCERTAINTY_ASSIGNED_CONTEXT ( ( #2041 ) ) GLOBAL_UNIT_ASSIGNED_CONTEXT ( ( #2939, #726, #2105 ) ) REPRESENTATION_CONTEXT ( 'NONE', 'WORKASPACE' ) );
#3357 = CARTESIAN_POINT ( 'NONE',  ( 8.478995054905999140, -2.017823625725000181, -0.5149056521129999897 ) ) ;
#3358 =( GEOMETRIC_REPRESENTATION_CONTEXT ( 3 ) GLOBAL_UNCERTAINTY_ASSIGNED_CONTEXT ( ( #1134 ) ) GLOBAL_UNIT_ASSIGNED_CONTEXT ( ( #1987, #608, #3388 ) ) REPRESENTATION_CONTEXT ( 'NONE', 'WORKASPACE' ) );
#3359 =( GEOMETRIC_REPRESENTATION_CONTEXT ( 3 ) GLOBAL_UNCERTAINTY_ASSIGNED_CONTEXT ( ( #2237 ) ) GLOBAL_UNIT_ASSIGNED_CONTEXT ( ( #1609, #1320, #194 ) ) REPRESENTATION_CONTEXT ( 'NONE', 'WORKASPACE' ) );
#3360 = CARTESIAN_POINT ( 'NONE',  ( -11.41442012196458222, -7.826681828046555545, -7.500001070446222329 ) ) ;
#3361 = CARTESIAN_POINT ( 'NONE',  ( -10.46519549322011677, -3.302465673973264959, -5.046861685398277508 ) ) ;
#3362 = CARTESIAN_POINT ( 'NONE',  ( -8.632767360347999741, 0.8369724650169999558, -0.8436819745029999762 ) ) ;
#3363 = STYLED_ITEM ( 'NONE', ( #392 ), #3003 ) ;
#3364 = CARTESIAN_POINT ( 'NONE',  ( 8.457552859259999778, 1.196942271701999960, -0.4573049185879999867 ) ) ;
#3365 = VERTEX_POINT ( 'NONE', #890 ) ;
#3366 = CARTESIAN_POINT ( 'NONE',  ( 8.759930493495000192, 0.7770471658940000248, -1.190544230071000076 ) ) ;
#3367 = CARTESIAN_POINT ( 'NONE',  ( 8.972660835525999801, -3.511325480875000071, -1.900722468866000048 ) ) ;
#3368 = CARTESIAN_POINT ( 'NONE',  ( -8.276780202428000166, -1.670304763310000107, -0.07290366560437000487 ) ) ;
#3369 = CARTESIAN_POINT ( 'NONE',  ( 10.98113695644347310, -8.332221795141327547, -7.499961899082960848 ) ) ;
#3370 = ITEM_DEFINED_TRANSFORMATION ( 'NONE', 'NONE', #1393,  #2619 ) ;
#3371 = CARTESIAN_POINT ( 'NONE',  ( 8.265255275481999675, -1.656903807655000227, -0.04918053944534001021 ) ) ;
#3372 = CARTESIAN_POINT ( 'NONE',  ( -8.579088150042000649, -2.470038092982000055, -0.8476721776769999828 ) ) ;
#3373 = CARTESIAN_POINT ( 'NONE',  ( 10.29766461048100012, -4.295825995725000013, -7.954302192689000073 ) ) ;
#3374 = CARTESIAN_POINT ( 'NONE',  ( 9.749713533154999112, -1.613793784677000076, -3.314904778834999899 ) ) ;
#3375 = CARTESIAN_POINT ( 'NONE',  ( -8.431454867747000037, -0.3266336581150000029, 0.0000000000000000000 ) ) ;
#3376 =( NAMED_UNIT ( * ) PLANE_ANGLE_UNIT ( ) SI_UNIT ( $, .RADIAN. ) );
#3377 = CARTESIAN_POINT ( 'NONE',  ( -8.733706204383999250, -2.881647384798000644, -1.259756086909999961 ) ) ;
#3378 = CARTESIAN_POINT ( 'NONE',  ( -8.486964768792999436, 1.259440223819999982, -0.6473150946950000373 ) ) ;
#3379 = CARTESIAN_POINT ( 'NONE',  ( 8.439885580606000914, -1.950390825289999963, -0.4289919191259999875 ) ) ;
#3380 = APPLICATION_CONTEXT ( 'automotive_design' ) ;
#3381 = ORIENTED_EDGE ( 'NONE', *, *, #2594, .T. ) ;
#3382 = CARTESIAN_POINT ( 'NONE',  ( -10.77724882235682280, -8.382739999341975334, -7.499999999172596077 ) ) ;
#3383 = CARTESIAN_POINT ( 'NONE',  ( -9.068988281721999556, -0.09664711984405000011, -1.804288586123999893 ) ) ;
#3384 = CARTESIAN_POINT ( 'NONE',  ( 11.64556389327099950, -5.843675061598999854, -7.802640441490000356 ) ) ;
#3385 = UNCERTAINTY_MEASURE_WITH_UNIT (LENGTH_MEASURE( 1.000000000000000082E-05 ), #1707, 'distance_accuracy_value', 'NONE');
#3386 = ORIENTED_EDGE ( 'NONE', *, *, #1824, .T. ) ;
#3387 = CARTESIAN_POINT ( 'NONE',  ( 9.936263581011999690, -1.103652767552000258, -3.866833268984000149 ) ) ;
#3388 =( NAMED_UNIT ( * ) SI_UNIT ( $, .STERADIAN. ) SOLID_ANGLE_UNIT ( ) );
#3389 = CARTESIAN_POINT ( 'NONE',  ( -9.774916490952000103, -4.796386592488000922, -3.531316834653000392 ) ) ;
#3390 = CARTESIAN_POINT ( 'NONE',  ( -9.912600277575002394, -6.319755764733000269, -4.973682068569000414 ) ) ;
#3391 = CARTESIAN_POINT ( 'NONE',  ( -11.06638927846862508, -8.233714889166758866, -24.38774240091839118 ) ) ;
#3392 = CARTESIAN_POINT ( 'NONE',  ( 8.575131533030001307, 1.130304346905999902, -0.8957700789610002490 ) ) ;
#3393 = CARTESIAN_POINT ( 'NONE',  ( 8.400000000000000355, 1.271552307891101166E-15, 0.0000000000000000000 ) ) ;
#3394 = CARTESIAN_POINT ( 'NONE',  ( 11.51929999999999943, -6.132740000000000080, -7.500000000000000000 ) ) ;
#3395 = CARTESIAN_POINT ( 'NONE',  ( -8.428564123883001358, 1.346501336096000312, -0.4834886611520000654 ) ) ;
#3396 = CARTESIAN_POINT ( 'NONE',  ( -11.28936477337432009, -8.061614028013655897, -7.499989776421099208 ) ) ;
#3397 = CARTESIAN_POINT ( 'NONE',  ( -8.860639548211000971, 0.3587390737830001286, -1.343004748160000261 ) ) ;
#3398 = CARTESIAN_POINT ( 'NONE',  ( 8.399999999999998579, -16.79999999999999361, 23.69999999999999929 ) ) ;
#3399 = CARTESIAN_POINT ( 'NONE',  ( 11.68358436412299994, -5.925662177859001289, -7.893771261127001004 ) ) ;
#3400 = CARTESIAN_POINT ( 'NONE',  ( 8.857934689842000608, 0.6237655170110000258, -1.416635714981000049 ) ) ;
#3401 = CARTESIAN_POINT ( 'NONE',  ( 10.26731258593198959, -7.248794412278967592, -6.089262137794960061 ) ) ;
#3402 = CARTESIAN_POINT ( 'NONE',  ( -8.266728820072000161, -1.627269629798999917, -0.04249895628138000009 ) ) ;
#3403 = CARTESIAN_POINT ( 'NONE',  ( -11.48070000000000235, -3.882740000000000080, -7.500000000000000000 ) ) ;
#3404 = CARTESIAN_POINT ( 'NONE',  ( 9.277259673284001806, -3.733608372839000378, -2.356098389406999782 ) ) ;
#3405 = CARTESIAN_POINT ( 'NONE',  ( -8.413804908942999816, -2.041706293854000265, -0.4225799242070000239 ) ) ;
#3406 = CARTESIAN_POINT ( 'NONE',  ( 9.234768421923000403, -0.8575604736349999868, -4.093936674759000027 ) ) ;
#3407 = CARTESIAN_POINT ( 'NONE',  ( 10.51405281901101141, -3.935992917674971725, -7.499996379053823325 ) ) ;
#3408 = LINE ( 'NONE', #1499, #3033 ) ;
#3409 = SURFACE_STYLE_FILL_AREA ( #597 ) ;
#3410 = CARTESIAN_POINT ( 'NONE',  ( -8.264421527317999505, -1.664524165703999969, -0.05074956394596000231 ) ) ;
#3411 = CARTESIAN_POINT ( 'NONE',  ( -11.05390562838000257, -3.086471276162999544, -6.505243212720999146 ) ) ;
#3412 = CARTESIAN_POINT ( 'NONE',  ( 8.384321129191999233, -0.6491905868980000216, 0.0000000000000000000 ) ) ;
#3413 = MECHANICAL_DESIGN_GEOMETRIC_PRESENTATION_REPRESENTATION (  '', ( #2122 ), #1721 ) ;
#3414 = EDGE_CURVE ( 'NONE', #2630, #690, #2053, .T. ) ;
#3415 = VERTEX_POINT ( 'NONE', #1132 ) ;
#3416 = DIRECTION ( 'NONE',  ( 0.0000000000000000000, 1.000000000000000000, 0.0000000000000000000 ) ) ;
#3417 = COLOUR_RGB ( '',0.8000000000000000444, 0.8000000000000000444, 0.8000000000000000444 ) ;
#3418 = COLOUR_RGB ( '',0.8000000000000000444, 0.8000000000000000444, 0.8000000000000000444 ) ;
#3419 = CARTESIAN_POINT ( 'NONE',  ( -8.648083495794001152, 0.8053797079640001577, -0.8771284666490001269 ) ) ;
#3420 = CARTESIAN_POINT ( 'NONE',  ( -8.399999999999998579, -16.79999999999999716, 23.87573593128806948 ) ) ;
#3421 = CIRCLE ( 'NONE', #3479, 1.000000000000000000 ) ;
#3422 = UNCERTAINTY_MEASURE_WITH_UNIT (LENGTH_MEASURE( 1.000000000000000082E-05 ), #2791, 'distance_accuracy_value', 'NONE');
#3423 = VERTEX_POINT ( 'NONE', #2026 ) ;
#3424 = CARTESIAN_POINT ( 'NONE',  ( 10.71055723637200074, -2.429232171885000735, -5.632992266923000813 ) ) ;
#3425 = CARTESIAN_POINT ( 'NONE',  ( -11.47464120030000068, -8.380874580950997910, -7.474295308440001229 ) ) ;
#3426 = PRESENTATION_LAYER_ASSIGNMENT (  '', '', ( #2946 ) ) ;
#3427 = CARTESIAN_POINT ( 'NONE',  ( 9.334728646600000346, -3.851805033929000199, -2.486987868176999683 ) ) ;
#3428 = DIRECTION ( 'NONE',  ( -0.0000000000000000000, -2.153159805334000109E-16, 1.000000000000000000 ) ) ;
#3429 = CARTESIAN_POINT ( 'NONE',  ( 10.62184127505699927, -5.162588798889999886, -8.914132851731000784 ) ) ;
#3430 = CARTESIAN_POINT ( 'NONE',  ( -8.883201530910582733, 0.4792245406015372411, -2.166259858087390633 ) ) ;
#3431 = CARTESIAN_POINT ( 'NONE',  ( -8.413804908942999816, -2.041706293854000265, -0.4225799242070000239 ) ) ;
#3432 = CARTESIAN_POINT ( 'NONE',  ( -8.314605629974000323, 1.479414335810999903, -0.1560160071380000124 ) ) ;
#3433 = CARTESIAN_POINT ( 'NONE',  ( 8.285237686018547265, -1.684243561403388156, -0.09055031390948210801 ) ) ;
#3434 = DIRECTION ( 'NONE',  ( 0.3064764529747370791, -0.6025519835271665459, -0.7368875700671718709 ) ) ;
#3435 = EDGE_LOOP ( 'NONE', ( #1286, #1303, #1255, #403 ) ) ;
#3436 = CARTESIAN_POINT ( 'NONE',  ( 8.311287275135999408, -1.779624008933000212, -0.1640972178479999932 ) ) ;
#3437 = B_SPLINE_CURVE_WITH_KNOTS ( 'NONE', 3,
 ( #863, #1765, #2106, #666, #1535, #59, #2059, #2323, #35, #340, #1251, #1802, #3194, #3172, #3498, #1502, #3226, #2606, #652, #961, #2905, #2093, #1782, #1216, #1181, #976, #1232, #1519, #2340, #2625, #3466, #396, #2361, #2922, #942, #91, #3485, #2306, #3210, #683, #697, #1832, #2589, #319, #1463, #1200, #3430, #903, #2038, #3153, #1484, #2410, #490, #2136, #1587, #3548, #3245, #2189, #1550, #1627, #2961, #123, #163, #3533, #746, #2942, #1340, #1032, #2153, #1884, #1568, #2688, #2456, #1070, #2997, #474, #1868, #1608, #1305, #432 ),
 .UNSPECIFIED., .F., .F.,
 ( 4, 2, 2, 1, 1, 1, 1, 2, 2, 2, 2, 1, 1, 1, 1, 2, 2, 2, 1, 1, 2, 2, 2, 1, 1, 1, 2, 2, 2, 2, 1, 1, 2, 2, 2, 2, 1, 1, 1, 2, 2, 2, 2, 2, 1, 1, 1, 1, 2, 2, 4 ),
 ( 0.0000000000000000000, 0.1250000000000054123, 0.1875000000000081046, 0.2187500000000094091, 0.2343750000000099087, 0.2421875000000100198, 0.2460937500000100198, 0.2480468750000100198, 0.2500000000000099920, 0.3750000000000092704, 0.4375000000000089928, 0.4687500000000090483, 0.4843750000000090483, 0.4921875000000091038, 0.4960937500000093259, 0.4980468750000093814, 0.5000000000000094369, 0.5625000000000128786, 0.5937500000000146549, 0.6093750000000154321, 0.6171875000000157652, 0.6250000000000160982, 0.6562500000000173195, 0.6718750000000178746, 0.6796875000000179856, 0.6835937500000180966, 0.6855468750000179856, 0.6875000000000179856, 0.7187500000000163203, 0.7343750000000154321, 0.7421875000000149880, 0.7460937500000148770, 0.7480468750000147660, 0.7500000000000145439, 0.7812500000000131006, 0.7968750000000123235, 0.8046875000000118794, 0.8085937500000116573, 0.8105468750000116573, 0.8115234375000116573, 0.8125000000000117684, 0.8437500000000105471, 0.8593750000000099920, 0.8750000000000094369, 0.9062500000000082157, 0.9218750000000077716, 0.9296875000000074385, 0.9335937500000073275, 0.9355468750000073275, 0.9375000000000073275, 1.000000000000000000 ),
 .UNSPECIFIED. ) ;
#3438 = CARTESIAN_POINT ( 'NONE',  ( -11.48861032693999995, -8.410536459159999367, -7.506895470041999197 ) ) ;
#3439 = EDGE_CURVE ( 'NONE', #2420, #111, #633, .T. ) ;
#3440 = CARTESIAN_POINT ( 'NONE',  ( 11.22898410274075687, -8.176622768748892156, -7.499907437831518031 ) ) ;
#3441 = CARTESIAN_POINT ( 'NONE',  ( 8.351258105808000209, -1.833361871315000169, -0.2456113234129999601 ) ) ;
#3442 = CARTESIAN_POINT ( 'NONE',  ( -8.432421070576999966, -2.089331555449999822, -0.4696742686429999925 ) ) ;
#3443 = CARTESIAN_POINT ( 'NONE',  ( 8.428328958611000843, 1.308978485904999989, -0.4254444156910000552 ) ) ;
#3444 = CARTESIAN_POINT ( 'NONE',  ( 6.000000000000000000, 0.0000000000000000000, 23.00000000000000000 ) ) ;
#3445 =( LENGTH_UNIT ( ) NAMED_UNIT ( * ) SI_UNIT ( .MILLI., .METRE. ) );
#3446 = CARTESIAN_POINT ( 'NONE',  ( 8.322304432323999634, -1.747961214032000221, -0.1714795332770000236 ) ) ;
#3447 = CARTESIAN_POINT ( 'NONE',  ( 8.423769416102414809, 1.356987021755853728, -0.4638451840787467528 ) ) ;
#3448 =( LENGTH_UNIT ( ) NAMED_UNIT ( * ) SI_UNIT ( .MILLI., .METRE. ) );
#3449 = CARTESIAN_POINT ( 'NONE',  ( -8.286664009044999446, -1.720120418825000108, -0.1054367768490000051 ) ) ;
#3450 = CARTESIAN_POINT ( 'NONE',  ( -10.35306135963999985, -4.544898083726000237, -8.230085827541000043 ) ) ;
#3451 = ORIENTED_EDGE ( 'NONE', *, *, #1931, .F. ) ;
#3452 = STYLED_ITEM ( 'NONE', ( #2973 ), #1019 ) ;
#3453 = CARTESIAN_POINT ( 'NONE',  ( -8.290810723156997852, 1.509528757306000113, -0.09354240918465001053 ) ) ;
#3454 = CIRCLE ( 'NONE', #740, 1.000000000000000000 ) ;
#3455 = VERTEX_POINT ( 'NONE', #516 ) ;
#3456 = CARTESIAN_POINT ( 'NONE',  ( 8.397156132175000565, -1.993939210591000100, -0.3755725917519999735 ) ) ;
#3457 = CARTESIAN_POINT ( 'NONE',  ( -10.42595299783000051, -5.475594940840999847, -4.990801988193999783 ) ) ;
#3458 = CARTESIAN_POINT ( 'NONE',  ( -8.431454867747000037, 0.3266336581150000029, 0.0000000000000000000 ) ) ;
#3459 = CARTESIAN_POINT ( 'NONE',  ( -9.908035317238233830, -4.545047484897291490, -3.778215197572142081 ) ) ;
#3460 = CARTESIAN_POINT ( 'NONE',  ( 8.271138572925002208, -1.680384173203000042, -0.06638219711300000214 ) ) ;
#3461 = CARTESIAN_POINT ( 'NONE',  ( -8.296856338298999489, -1.723137350884999863, -0.1228441433309999664 ) ) ;
#3462 = CARTESIAN_POINT ( 'NONE',  ( 8.267785410559000070, 1.575728700121000081, -0.05730094303931999866 ) ) ;
#3463 = DIRECTION ( 'NONE',  ( 1.000000000000000000, 0.0000000000000000000, 0.0000000000000000000 ) ) ;
#3464 = DIRECTION ( 'NONE',  ( 0.0000000000000000000, 0.0000000000000000000, 1.000000000000000000 ) ) ;
#3465 = CARTESIAN_POINT ( 'NONE',  ( 8.385063657401001791, -1.855949005929000029, -0.3087750835160000262 ) ) ;
#3466 = CARTESIAN_POINT ( 'NONE',  ( -9.043063202346003138, -0.1242454060580236164, -3.128603620636297045 ) ) ;
#3467 = CARTESIAN_POINT ( 'NONE',  ( -8.277141583311999895, -1.696293735280999915, -0.08199480056724001154 ) ) ;
#3468 = CARTESIAN_POINT ( 'NONE',  ( -10.47744076809000013, -4.880608446040000103, -8.602394841151999927 ) ) ;
#3469 = ORIENTED_EDGE ( 'NONE', *, *, #1006, .T. ) ;
#3470 = CARTESIAN_POINT ( 'NONE',  ( -8.377219953750000059, 1.351732566880000208, -0.2882589620520000229 ) ) ;
#3471 = CARTESIAN_POINT ( 'NONE',  ( -11.61792174037000080, -5.866570399220999654, -7.832997204838000549 ) ) ;
#3472 =( GEOMETRIC_REPRESENTATION_CONTEXT ( 3 ) GLOBAL_UNCERTAINTY_ASSIGNED_CONTEXT ( ( #2018 ) ) GLOBAL_UNIT_ASSIGNED_CONTEXT ( ( #2415, #95, #1220 ) ) REPRESENTATION_CONTEXT ( 'NONE', 'WORKASPACE' ) );
#3473 = CARTESIAN_POINT ( 'NONE',  ( 8.403467408681999373, -2.009810808150000128, -0.3912622524859999951 ) ) ;
#3474 = CARTESIAN_POINT ( 'NONE',  ( -8.344787206540999591, -1.788445729365000014, -0.2230893712210000324 ) ) ;
#3475 = SURFACE_STYLE_USAGE ( .BOTH. , #2387 ) ;
#3476 = CONICAL_SURFACE ( 'NONE', #2358, 6.999999999891315383, 0.7853981634258699884 ) ;
#3477 = CARTESIAN_POINT ( 'NONE',  ( 11.51929999252312342, -7.416319716651003979, -7.500000003160502970 ) ) ;
#3478 = CARTESIAN_POINT ( 'NONE',  ( 8.247407177895999197, -1.620034363825999968, -0.008324354459612000323 ) ) ;
#3479 = AXIS2_PLACEMENT_3D ( 'NONE', #2759, #2482, #3416 ) ;
#3480 = COLOUR_RGB ( '',0.8000000000000000444, 0.8000000000000000444, 0.8000000000000000444 ) ;
#3481 = CARTESIAN_POINT ( 'NONE',  ( -10.40020163011000243, -7.705427177396999561, -6.652233158872999930 ) ) ;
#3482 = CARTESIAN_POINT ( 'NONE',  ( 8.565356972635999711, 1.086658773649999965, -0.7414849174759999828 ) ) ;
#3483 = CARTESIAN_POINT ( 'NONE',  ( 8.281058277155999292, -1.677063721017000297, -0.08143324884461999869 ) ) ;
#3484 = B_SPLINE_CURVE_WITH_KNOTS ( 'NONE', 3,
 ( #3332, #1382, #2752, #2493, #492, #1650, #1903, #1687, #213, #1405, #2459, #3582, #3032, #1071, #803, #2191, #3317, #515, #1937, #536, #1728, #279, #71, #2868, #1443, #2570, #1178, #316, #1498, #1214, #2888, #3660, #1479, #2551, #17, #3168, #337, #1746, #2585, #1424, #1762, #1157, #919, #3407, #2304, #2265 ),
 .UNSPECIFIED., .F., .F.,
 ( 4, 2, 2, 1, 1, 1, 2, 2, 2, 2, 1, 2, 2, 2, 2, 1, 1, 1, 2, 2, 2, 2, 1, 1, 1, 2, 2, 4 ),
 ( 0.0000000000000000000, 0.1249999999999693301, 0.1874999999999539813, 0.2187499999999465428, 0.2343749999999431011, 0.2421874999999412414, 0.2460937499999404365, 0.2499999999999396039, 0.3124999999999342748, 0.3437499999999325540, 0.3593749999999312772, 0.3671874999999309996, 0.3749999999999307221, 0.4374999999999323319, 0.4687499999999331091, 0.4843749999999326095, 0.4921874999999316658, 0.4960937499999323874, 0.4980468749999328315, 0.4999999999999331646, 0.6249999999999310552, 0.6874999999999296119, 0.7187499999999278355, 0.7343749999999280575, 0.7421874999999289457, 0.7460937499999289457, 0.7499999999999289457, 1.000000000000000000 ),
 .UNSPECIFIED. ) ;
#3485 = CARTESIAN_POINT ( 'NONE',  ( -8.973854776571153380, 0.1604450311366976134, -2.703861293409541400 ) ) ;
#3486 = PLANE ( 'NONE',  #1600 ) ;
#3487 = CARTESIAN_POINT ( 'NONE',  ( -8.719174680185000526, 0.8749655361389999664, -1.403087307192999900 ) ) ;
#3488 = CARTESIAN_POINT ( 'NONE',  ( 2.200017945597000174E-12, 9.349786777486000844, 0.0000000000000000000 ) ) ;
#3489 = FILL_AREA_STYLE_COLOUR ( '', #2075 ) ;
#3490 = SURFACE_STYLE_FILL_AREA ( #2063 ) ;
#3491 = ORIENTED_EDGE ( 'NONE', *, *, #342, .F. ) ;
#3492 = CARTESIAN_POINT ( 'NONE',  ( 8.271138572925000432, -1.680384173203000042, -0.06638219711300000214 ) ) ;
#3493 = CARTESIAN_POINT ( 'NONE',  ( -8.830675993975999560, -2.637103904682999822, -1.307816256573000047 ) ) ;
#3494 = CARTESIAN_POINT ( 'NONE',  ( -8.273744488182359191, -1.665030668991021034, -0.06620833806637926866 ) ) ;
#3495 = CARTESIAN_POINT ( 'NONE',  ( -8.245118691577998149, -1.643881297733999824, -0.01230200820420999930 ) ) ;
#3496 = CARTESIAN_POINT ( 'NONE',  ( 11.64858014337599990, -7.654903939679999603, -7.806036349406000774 ) ) ;
#3497 = CARTESIAN_POINT ( 'NONE',  ( 8.743484209328091339, 0.8399212703409396630, -1.473863685535756973 ) ) ;
#3498 = CARTESIAN_POINT ( 'NONE',  ( -9.446857373825356063, -1.737578629207532588, -5.123537035996740485 ) ) ;
#3499 =( NAMED_UNIT ( * ) SI_UNIT ( $, .STERADIAN. ) SOLID_ANGLE_UNIT ( ) );
#3500 = CARTESIAN_POINT ( 'NONE',  ( -10.53901409835000180, -5.046799982640999715, -8.786704335313000769 ) ) ;
#3501 = CARTESIAN_POINT ( 'NONE',  ( 8.267657282596001522, 1.569231210772000118, -0.05259468257699000115 ) ) ;
#3502 = CARTESIAN_POINT ( 'NONE',  ( 10.73743202839210120, -8.378762397254353900, -24.66444943749877439 ) ) ;
#3503 = CARTESIAN_POINT ( 'NONE',  ( -10.80252570656000266, -4.067015509398000717, -5.858002764425000564 ) ) ;
#3504 = ORIENTED_EDGE ( 'NONE', *, *, #3304, .F. ) ;
#3505 = CARTESIAN_POINT ( 'NONE',  ( 8.295256930961000919, -1.739929054433000166, -0.1249975997419999901 ) ) ;
#3506 = CARTESIAN_POINT ( 'NONE',  ( -8.445577914782999684, -1.963844700658999853, -0.4464421774349999761 ) ) ;
#3507 = DIRECTION ( 'NONE',  ( 0.0000000000000000000, 0.0000000000000000000, -1.000000000000000000 ) ) ;
#3508 = VECTOR ( 'NONE', #3292, 1000.000000000000000 ) ;
#3509 = CARTESIAN_POINT ( 'NONE',  ( 8.099999999999999645, 16.19999999999999574, 24.00000000000000355 ) ) ;
#3510 = CARTESIAN_POINT ( 'NONE',  ( 11.51243564680000198, -8.379663838639000772, -7.472810042081000859 ) ) ;
#3511 = CARTESIAN_POINT ( 'NONE',  ( -8.264691772595000430, -1.630732010877999683, -0.04025288157686999352 ) ) ;
#3512 = CARTESIAN_POINT ( 'NONE',  ( 10.08954117590399946, -4.833970085468999756, -4.151751417046000370 ) ) ;
#3513 = CARTESIAN_POINT ( 'NONE',  ( 3.851859888774000017E-34, -3.899999999999999911, -18.25000000000000000 ) ) ;
#3514 = CARTESIAN_POINT ( 'NONE',  ( -11.08686999480630320, -4.444656614702235942, -7.500000588295923087 ) ) ;
#3515 = CARTESIAN_POINT ( 'NONE',  ( -8.853983438714001508, 0.5682237269040000260, -2.005030435357000318 ) ) ;
#3516 = SURFACE_STYLE_FILL_AREA ( #2397 ) ;
#3517 = CARTESIAN_POINT ( 'NONE',  ( -11.64296397855999921, -5.921214868305000323, -7.893767424615000472 ) ) ;
#3518 = EDGE_CURVE ( 'NONE', #2327, #1511, #2766, .T. ) ;
#3519 = ORIENTED_EDGE ( 'NONE', *, *, #2502, .T. ) ;
#3520 = CARTESIAN_POINT ( 'NONE',  ( 10.10230966502400030, -6.787108462351000071, -5.529344836282000131 ) ) ;
#3521 = CARTESIAN_POINT ( 'NONE',  ( -9.710310064435999422, -4.191948358699000288, -3.318581424611000585 ) ) ;
#3522 = B_SPLINE_CURVE_WITH_KNOTS ( 'NONE', 3,
 ( #837, #628, #3657, #2864, #1474, #3369, #2580, #1194, #2051, #3087, #3440, #1138, #645, #354, #569, #1698, #2811, #272, #856, #2899, #1562, #1795, #1225, #1578, #2089, #2334, #2069, #2970, #3477 ),
 .UNSPECIFIED., .F., .F.,
 ( 4, 2, 2, 2, 2, 2, 1, 2, 2, 2, 2, 1, 1, 2, 2, 4 ),
 ( 0.0000000000000000000, 0.1250000000000059674, 0.1875000000000089373, 0.2500000000000119349, 0.3750000000000145439, 0.4375000000000158762, 0.4687500000000164868, 0.4843750000000181521, 0.5000000000000197620, 0.6250000000000104361, 0.6875000000000042188, 0.7187500000000009992, 0.7343749999999986677, 0.7421874999999974465, 0.7499999999999962252, 1.000000000000000000 ),
 .UNSPECIFIED. ) ;
#3523 = CARTESIAN_POINT ( 'NONE',  ( -8.270360866641658149, -1.659158565859832013, -0.05874845299193855869 ) ) ;
#3524 = AXIS2_PLACEMENT_3D ( 'NONE', #62, #2445, #3016 ) ;
#3525 = CARTESIAN_POINT ( 'NONE',  ( 8.254090539043000163, -1.622135241283999996, -0.01989532924980999887 ) ) ;
#3526 = CARTESIAN_POINT ( 'NONE',  ( 8.509817905688999318, -2.279528401144999883, -0.6584874249259999868 ) ) ;
#3527 = CARTESIAN_POINT ( 'NONE',  ( -8.287996094300000394, -1.704762715433000064, -0.1023715266360000070 ) ) ;
#3528 = VECTOR ( 'NONE', #3266, 1000.000000000000000 ) ;
#3529 =( GEOMETRIC_REPRESENTATION_CONTEXT ( 3 ) GLOBAL_UNCERTAINTY_ASSIGNED_CONTEXT ( ( #582 ) ) GLOBAL_UNIT_ASSIGNED_CONTEXT ( ( #969, #2115, #2913 ) ) REPRESENTATION_CONTEXT ( 'NONE', 'WORKASPACE' ) );
#3530 = CARTESIAN_POINT ( 'NONE',  ( 0.0000000000000000000, 0.0000000000000000000, 23.69999999999999929 ) ) ;
#3531 = VERTEX_POINT ( 'NONE', #1974 ) ;
#3532 = CARTESIAN_POINT ( 'NONE',  ( 8.848336325714026174, 0.6060584536302102698, -1.933467649577029768 ) ) ;
#3533 = CARTESIAN_POINT ( 'NONE',  ( -8.723576190223395699, 0.8652450706667393909, -1.422705391344199155 ) ) ;
#3534 = CARTESIAN_POINT ( 'NONE',  ( 8.370038379921000526, 1.434368455393999930, -0.3209651657529999924 ) ) ;
#3535 = CARTESIAN_POINT ( 'NONE',  ( -6.659631154436000067, 6.019416751021000600, 0.0000000000000000000 ) ) ;
#3536 = DIRECTION ( 'NONE',  ( 1.000000000000000000, 0.0000000000000000000, 0.0000000000000000000 ) ) ;
#3537 = CARTESIAN_POINT ( 'NONE',  ( -8.818336812368999134, 0.6746059863379999522, -1.341193112850999958 ) ) ;
#3538 = ORIENTED_EDGE ( 'NONE', *, *, #2636, .F. ) ;
#3539 = CARTESIAN_POINT ( 'NONE',  ( 10.84895726930700022, -8.772073266180999696, -7.989390307847000550 ) ) ;
#3540 = CARTESIAN_POINT ( 'NONE',  ( -8.243698300824000569, 1.612897493640000013, -2.042810365309999942E-14 ) ) ;
#3541 = DIRECTION ( 'NONE',  ( -1.000000000000000000, -1.224646799147353207E-16, 0.0000000000000000000 ) ) ;
#3542 = CARTESIAN_POINT ( 'NONE',  ( 10.08056924919899799, -5.391150383948000169, -4.187284511166000200 ) ) ;
#3543 = CARTESIAN_POINT ( 'NONE',  ( 8.279187786487000267, -1.700232748582000131, -0.08591614729705000786 ) ) ;
#3544 = CARTESIAN_POINT ( 'NONE',  ( -8.325210658499999639, -1.781939889768999974, -0.1883530079780000310 ) ) ;
#3545 = EDGE_CURVE ( 'NONE', #2543, #2677, #3454, .T. ) ;
#3546 = CARTESIAN_POINT ( 'NONE',  ( 8.805954327542000470, -2.583414519614999794, -1.238024871753000022 ) ) ;
#3547 = CARTESIAN_POINT ( 'NONE',  ( 8.951029184569568642, 0.2913458539365156863, -2.495148937717203363 ) ) ;
#3548 = CARTESIAN_POINT ( 'NONE',  ( -8.775211258489955313, 0.7580337341603912149, -1.636541891152397676 ) ) ;
#3549 = CARTESIAN_POINT ( 'NONE',  ( -11.23145164173790178, -4.663075909133843844, -7.500013611668311597 ) ) ;
#3550 = DIRECTION ( 'NONE',  ( 0.0000000000000000000, 0.0000000000000000000, -1.000000000000000000 ) ) ;
#3551 = CARTESIAN_POINT ( 'NONE',  ( -8.243698300824000569, 1.612897493640000013, -2.649732285438333549E-14 ) ) ;
#3552 =( LENGTH_UNIT ( ) NAMED_UNIT ( * ) SI_UNIT ( .MILLI., .METRE. ) );
#3553 = DIRECTION ( 'NONE',  ( 0.0000000000000000000, 0.0000000000000000000, 1.000000000000000000 ) ) ;
#3554 = CARTESIAN_POINT ( 'NONE',  ( -8.513693451232001053, 1.164879679860999939, -0.6297847121170001561 ) ) ;
#3555 = CARTESIAN_POINT ( 'NONE',  ( 8.972660835525999801, -3.511325480875000071, -1.900722468866000048 ) ) ;
#3556 = SURFACE_STYLE_FILL_AREA ( #501 ) ;
#3557 = CARTESIAN_POINT ( 'NONE',  ( 8.402419424646002000, 1.305424637140000010, -0.3390793606579999842 ) ) ;
#3558 = CARTESIAN_POINT ( 'NONE',  ( 8.378180003789999830, -1.946320813828000151, -0.3285253366870000136 ) ) ;
#3559 = CARTESIAN_POINT ( 'NONE',  ( -8.584036341326999775, -2.318780023146000069, -0.7858852435530000458 ) ) ;
#3560 = ADVANCED_FACE ( 'NONE', ( #1425, #2475 ), #1630, .T. ) ;
#3561 = CARTESIAN_POINT ( 'NONE',  ( 8.889828705621917848, 0.4930156186046588673, -2.145065356162776826 ) ) ;
#3562 = CARTESIAN_POINT ( 'NONE',  ( -8.262638787613999725, -1.634191345380999971, -0.03801635857856999756 ) ) ;
#3563 =( NAMED_UNIT ( * ) PLANE_ANGLE_UNIT ( ) SI_UNIT ( $, .RADIAN. ) );
#3564 = CARTESIAN_POINT ( 'NONE',  ( 8.415962960923000225, 1.368334076046999970, -0.4426314160900000072 ) ) ;
#3565 = CARTESIAN_POINT ( 'NONE',  ( 11.51929999999982002, -5.571400356287102618, -7.499999999999992895 ) ) ;
#3566 =( NAMED_UNIT ( * ) SI_UNIT ( $, .STERADIAN. ) SOLID_ANGLE_UNIT ( ) );
#3567 = CARTESIAN_POINT ( 'NONE',  ( -10.15297590915000114, -7.018941442994000468, -5.808704089201000897 ) ) ;
#3568 = CARTESIAN_POINT ( 'NONE',  ( -8.402304445522000620, 1.348436923478999905, -0.3698469904939999942 ) ) ;
#3569 = CARTESIAN_POINT ( 'NONE',  ( 11.49999999999846523, -7.399999999999998579, -23.99999999999525713 ) ) ;
#3570 = CARTESIAN_POINT ( 'NONE',  ( -8.243767571780692194, -1.613029227374829233, -0.0001562712858489496623 ) ) ;
#3571 = CARTESIAN_POINT ( 'NONE',  ( 8.394524162726000327, 1.320881048863000062, -0.3221682249489999927 ) ) ;
#3572 = CARTESIAN_POINT ( 'NONE',  ( 8.365494158478000486, -1.914572489561000124, -0.2971782877460000249 ) ) ;
#3573 = PRESENTATION_LAYER_ASSIGNMENT (  '', '', ( #2409 ) ) ;
#3574 = APPLICATION_PROTOCOL_DEFINITION ( 'draft international standard', 'automotive_design', 1998, #2587 ) ;
#3575 = CARTESIAN_POINT ( 'NONE',  ( 8.318986967253001907, -1.767214638510999913, -0.1719364804790000367 ) ) ;
#3576 = STYLED_ITEM ( 'NONE', ( #2610 ), #41 ) ;
#3577 = CARTESIAN_POINT ( 'NONE',  ( 8.867825970505819555, 0.5538664016035791393, -2.031615140671537478 ) ) ;
#3578 = COLOUR_RGB ( '',0.8000000000000000444, 0.8000000000000000444, 0.8000000000000000444 ) ;
#3579 = CARTESIAN_POINT ( 'NONE',  ( -8.283491580047000369, -1.712178244833999941, -0.09762199684897999996 ) ) ;
#3580 =( LENGTH_UNIT ( ) NAMED_UNIT ( * ) SI_UNIT ( .MILLI., .METRE. ) );
#3581 = FILL_AREA_STYLE_COLOUR ( '', #3578 ) ;
#3582 = CARTESIAN_POINT ( 'NONE',  ( 11.40883045521447414, -4.968339118857065806, -7.499999985819574277 ) ) ;
#3583 = SURFACE_STYLE_USAGE ( .BOTH. , #2460 ) ;
#3584 = COLOUR_RGB ( '',0.8000000000000000444, 0.8000000000000000444, 0.8000000000000000444 ) ;
#3585 = SURFACE_STYLE_USAGE ( .BOTH. , #1053 ) ;
#3586 = VECTOR ( 'NONE', #790, 1000.000000000000114 ) ;
#3587 = LINE ( 'NONE', #1887, #344 ) ;
#3588 = CARTESIAN_POINT ( 'NONE',  ( -9.265749733242001795, -4.385284441470999717, -2.812644746471999913 ) ) ;
#3589 = CARTESIAN_POINT ( 'NONE',  ( -9.273152037525999702, -0.04041578559768999740, -2.395476907043999848 ) ) ;
#3590 = DIRECTION ( 'NONE',  ( 0.0000000000000000000, 2.153159805334000109E-16, -1.000000000000000000 ) ) ;
#3591 = CARTESIAN_POINT ( 'NONE',  ( 9.107331311682999697, -3.887256517531000100, -2.289113513060999860 ) ) ;
#3592 = CARTESIAN_POINT ( 'NONE',  ( -11.73915596872999956, -7.896299490198001259, -8.119583843393000322 ) ) ;
#3593 = CARTESIAN_POINT ( 'NONE',  ( -8.298986478314999360, 1.516818060397999934, -0.1269582930010000055 ) ) ;
#3594 =( BOUNDED_CURVE ( )  B_SPLINE_CURVE ( 14, ( #1034, #2945, #2980, #3501, #1835, #166, #979, #1590, #417, #1553, #2412, #684, #699, #1308, #1269, #996, #1856, #2925, #476, #399, #2431, #3229, #1538, #2124, #2395, #1017, #1233, #2155, #2963, #2139, #3265, #455, #2692, #3283, #2999, #747, #1885, #1610, #2364, #2642, #1253, #110, #2380, #1105, #787, #768, #3075, #1051, #1955, #2474, #842, #2247, #573, #2171, #1322, #3350, #823, #1629, #256, #1126, #1920, #2794, #181, #3374, #3054, #1973, #234, #557, #2209, #3093, #1704, #195, #3301, #3013, #3604, #2444, #1341, #2772, #2730, #3565 ),
 .UNSPECIFIED., .F., .T. ) 
 B_SPLINE_CURVE_WITH_KNOTS ( ( 15, 13, 13, 13, 13, 13, 15 ),
 ( 0.0000000000000000000, 0.03124999999997974884, 0.06249999999995949768, 0.1250000000000115741, 0.2500000000000231482, 0.5000000000000462963, 1.000000000000000000 ),
 .UNSPECIFIED. ) 
 CURVE ( )  GEOMETRIC_REPRESENTATION_ITEM ( )  RATIONAL_B_SPLINE_CURVE ( ( 1.000000000000000000, 1.000000000000000000, 1.000000000001000089, 0.9999999999959999775, 1.000000000008000045, 0.9999999999859999766, 1.000000000018000046, 0.9999999999819999541, 1.000000000015000001, 0.9999999999899999992, 1.000000000006000089, 0.9999999999980000442, 1.000000000001000089, 1.000000000000000000, 1.000000000000000000, 1.000000000000000000, 1.000000000000000000, 0.9999999999990000221, 1.000000000001999956, 0.9999999999969999553, 1.000000000003000045, 0.9999999999969999553, 1.000000000001999956, 0.9999999999990000221, 1.000000000001000089, 1.000000000000000000, 1.000000000000000000, 1.000000000000000000, 1.000000000000000000, 1.000000000000000000, 0.9999999999990000221, 1.000000000003000045, 0.9999999999949999996, 1.000000000006000089, 0.9999999999940000217, 1.000000000005000000, 0.9999999999969999553, 1.000000000001999956, 0.9999999999990000221, 1.000000000000000000, 1.000000000000000000, 1.000000000000000000, 1.000000000000000000, 1.000000000000000000, 1.000000000000000000, 1.000000000000000000, 1.000000000000000000, 1.000000000000000000, 1.000000000000000000, 1.000000000000000000, 1.000000000000000000, 1.000000000000000000, 1.000000000000000000, 1.000000000000000000, 1.000000000000000000, 1.000000000000000000, 1.000000000001000089, 0.9999999999990000221, 1.000000000001000089, 0.9999999999990000221, 1.000000000001000089, 0.9999999999990000221, 1.000000000000000000, 1.000000000000000000, 1.000000000000000000, 1.000000000000000000, 1.000000000000000000, 1.000000000000000000, 1.000000000001000089, 0.9999999999980000442, 1.000000000003000045, 0.9999999999949999996, 1.000000000005000000, 0.9999999999949999996, 1.000000000003000045, 0.9999999999980000442, 1.000000000001000089, 1.000000000000000000, 1.000000000000000000, 1.000000000000000000 ) ) 
 REPRESENTATION_ITEM ( '' )  );
#3595 = CARTESIAN_POINT ( 'NONE',  ( 11.51929999999982002, -5.571400356287102618, -7.499999999999992895 ) ) ;
#3596 = CARTESIAN_POINT ( 'NONE',  ( 9.634729941934001118, -1.350403073902000317, -3.051162234188000255 ) ) ;
#3597 = CARTESIAN_POINT ( 'NONE',  ( 8.275969371158000243, -1.692293351258000289, -0.07810198284225999821 ) ) ;
#3598 = CARTESIAN_POINT ( 'NONE',  ( -8.867847886220999953, -2.907768743335000128, -1.440391558208999889 ) ) ;
#3599 = APPLICATION_CONTEXT ( 'automotive_design' ) ;
#3600 = CARTESIAN_POINT ( 'NONE',  ( 8.858642195017166543, 0.5788240538517220868, -1.984866124553388511 ) ) ;
#3601 = CARTESIAN_POINT ( 'NONE',  ( -8.326189515087000004, -1.819392530987999912, -0.2031821426569999922 ) ) ;
#3602 = SURFACE_STYLE_USAGE ( .BOTH. , #253 ) ;
#3603 = CARTESIAN_POINT ( 'NONE',  ( 8.702935574993000856, 0.9176359541409999654, -1.317820507840999911 ) ) ;
#3604 = CARTESIAN_POINT ( 'NONE',  ( 10.94673779362498678, -4.323150101871972240, -6.129915953277970786 ) ) ;
#3605 = PRESENTATION_STYLE_ASSIGNMENT (( #3583 ) ) ;
#3606 = CARTESIAN_POINT ( 'NONE',  ( 0.01930000000000000118, -8.382740000000000080, -7.500000000000000000 ) ) ;
#3607 = CARTESIAN_POINT ( 'NONE',  ( -8.561551089211000942, 1.086666031308000324, -0.7415167679380000321 ) ) ;
#3608 = FILL_AREA_STYLE ('',( #1091 ) ) ;
#3609 = CARTESIAN_POINT ( 'NONE',  ( -10.50000000000000000, -8.399999999999998579, -24.85458550253670396 ) ) ;
#3610 = CARTESIAN_POINT ( 'NONE',  ( -11.47999220216999916, -7.411447538245999667, -7.498144831598000160 ) ) ;
#3611 = CARTESIAN_POINT ( 'NONE',  ( -8.424048549801000263, 1.258954300267999926, -0.3896840550969999928 ) ) ;
#3612 = DIRECTION ( 'NONE',  ( -0.0000000000000000000, -2.153159805334000109E-16, 1.000000000000000000 ) ) ;
#3613 = CARTESIAN_POINT ( 'NONE',  ( 8.512493051109000675, 1.088033283139999918, -0.5753022658619999508 ) ) ;
#3614 = FILL_AREA_STYLE_COLOUR ( '', #2696 ) ;
#3615 = CARTESIAN_POINT ( 'NONE',  ( -8.357111937443999494, -1.848099445269000052, -0.2620439932479999845 ) ) ;
#3616 = APPLICATION_PROTOCOL_DEFINITION ( 'draft international standard', 'automotive_design', 1998, #1857 ) ;
#3617 = CARTESIAN_POINT ( 'NONE',  ( 8.297474285584998555, -1.723120140485999929, -0.1228155533000000049 ) ) ;
#3618 = AXIS2_PLACEMENT_3D ( 'NONE', #1729, #2812, #3313 ) ;
#3619 = CARTESIAN_POINT ( 'NONE',  ( 8.262031698994000806, -1.622104930419999924, -0.03284067221550000110 ) ) ;
#3620 = FACE_OUTER_BOUND ( 'NONE', #2384, .T. ) ;
#3621 = CARTESIAN_POINT ( 'NONE',  ( 10.02651052123500008, -3.530536159452000167, -7.112611542214000160 ) ) ;
#3622 = CARTESIAN_POINT ( 'NONE',  ( -8.368350428039999400, 0.9757866212010000151, 0.0000000000000000000 ) ) ;
#3623 = SURFACE_STYLE_USAGE ( .BOTH. , #1428 ) ;
#3624 = CARTESIAN_POINT ( 'NONE',  ( -10.07229068852999987, -6.787446737465000268, -5.529190501291999738 ) ) ;
#3625 = CARTESIAN_POINT ( 'NONE',  ( -8.290869132781999440, 1.529759692470000099, -0.1083414509979999940 ) ) ;
#3626 = CARTESIAN_POINT ( 'NONE',  ( 8.264932487563999786, -1.650726077384000012, -0.04670465744593999685 ) ) ;
#3627 = CARTESIAN_POINT ( 'NONE',  ( -10.80252570656011635, -4.067015509398262729, -5.858002764425279452 ) ) ;
#3628 = EDGE_CURVE ( 'NONE', #1395, #3261, #3408, .T. ) ;
#3629 =( NAMED_UNIT ( * ) SI_UNIT ( $, .STERADIAN. ) SOLID_ANGLE_UNIT ( ) );
#3630 = CARTESIAN_POINT ( 'NONE',  ( 8.441824443679999845, 1.227989636111999960, -0.4235541066030000246 ) ) ;
#3631 = UNCERTAINTY_MEASURE_WITH_UNIT (LENGTH_MEASURE( 1.000000000000000082E-05 ), #2567, 'distance_accuracy_value', 'NONE');
#3632 = ORIENTED_EDGE ( 'NONE', *, *, #1850, .F. ) ;
#3633 = CARTESIAN_POINT ( 'NONE',  ( 8.251678095023999404, 1.597705768121000069, -0.01706816580532000138 ) ) ;
#3634 = CARTESIAN_POINT ( 'NONE',  ( -11.46067849852000009, -8.351226345229999737, -7.441710140741000679 ) ) ;
#3635 = FILL_AREA_STYLE_COLOUR ( '', #1361 ) ;
#3636 = B_SPLINE_SURFACE_WITH_KNOTS ( 'NONE', 10, 1, ( 
 ( #1190, #2859 ),
 ( #2027, #623 ),
 ( #2807, #267 ),
 ( #2521, #3653 ),
 ( #2001, #1670 ),
 ( #1367, #3606 ),
 ( #261, #2514 ),
 ( #2446, #239 ),
 ( #2735, #1957 ),
 ( #519, #1385 ),
 ( #3057, #1976 ) ),
 .UNSPECIFIED., .F., .F., .F.,
 ( 11, 11 ),
 ( 2, 2 ),
 ( 0.0000000000000000000, 23.00000000000000000 ),
 ( 0.0000000000000000000, 1.000000000000000000 ),
 .UNSPECIFIED. ) ;
#3637 = CARTESIAN_POINT ( 'NONE',  ( -8.400000000000000355, 16.79999999999999361, 23.69999999999999929 ) ) ;
#3638 = CARTESIAN_POINT ( 'NONE',  ( -8.254014551899000907, -1.622115849459000003, -0.01993253475228999941 ) ) ;
#3639 = DIRECTION ( 'NONE',  ( 0.0000000000000000000, 0.0000000000000000000, 1.000000000000000000 ) ) ;
#3640 = CARTESIAN_POINT ( 'NONE',  ( 8.490289669677000717, 1.259380407657999967, -0.6471842580259999922 ) ) ;
#3641 = STYLED_ITEM ( 'NONE', ( #2202 ), #3049 ) ;
#3642 = PRESENTATION_LAYER_ASSIGNMENT (  '', '', ( #1421 ) ) ;
#3643 = DIRECTION ( 'NONE',  ( 0.0000000000000000000, 0.0000000000000000000, 1.000000000000000000 ) ) ;
#3644 = CARTESIAN_POINT ( 'NONE',  ( -10.31682427281000081, -7.477798035857000869, -6.370392263368001018 ) ) ;
#3645 = AXIS2_PLACEMENT_3D ( 'NONE', #182, #3056, #216 ) ;
#3646 = CARTESIAN_POINT ( 'NONE',  ( -8.435953305630000898, 1.335578841437000008, -0.5038993050129999540 ) ) ;
#3647 = COLOUR_RGB ( '',0.8000000000000000444, 0.8000000000000000444, 0.8000000000000000444 ) ;
#3648 = CARTESIAN_POINT ( 'NONE',  ( 5.204748896376250699E-16, -3.899999999999999023, -22.50000000000000000 ) ) ;
#3649 = CARTESIAN_POINT ( 'NONE',  ( -8.416255604358999776, 1.274442535656999942, -0.3727932298789999876 ) ) ;
#3650 = CARTESIAN_POINT ( 'NONE',  ( -8.663378497904000497, 0.7737373369940000467, -0.9105477252760000306 ) ) ;
#3651 = CARTESIAN_POINT ( 'NONE',  ( -8.099999999999999645, -9.919639073093559228E-16, 24.00000000000000000 ) ) ;
#3652 = PRESENTATION_LAYER_ASSIGNMENT (  '', '', ( #2643 ) ) ;
#3653 = CARTESIAN_POINT ( 'NONE',  ( 4.619299999999999962, -8.382740000000000080, -7.500000000000000000 ) ) ;
#3654 = CARTESIAN_POINT ( 'NONE',  ( 8.291299818419000545, 1.509392004693000056, -0.09347683542380999522 ) ) ;
#3655 = B_SPLINE_CURVE_WITH_KNOTS ( 'NONE', 3,
 ( #453, #977, #2671, #397, #2107, #2137, #1536, #732, #3227, #1833, #1289, #2626, #2640, #1869, #2653, #1267, #2393, #962, #2429, #2906, #1588, #3514, #378, #994, #3246, #2689, #667, #164, #1306, #3549, #1033, #1520, #2094, #3211, #254, #1086, #3330, #2190, #2207, #1648, #2169, #2770, #1685, #1381, #2728 ),
 .UNSPECIFIED., .F., .F.,
 ( 4, 2, 2, 1, 1, 1, 2, 2, 2, 2, 1, 1, 1, 2, 2, 2, 2, 1, 2, 2, 2, 2, 1, 1, 2, 2, 4 ),
 ( 0.0000000000000000000, 0.1249999999999631406, 0.1874999999999448774, 0.2187499999999357458, 0.2343749999999303335, 0.2421874999999270583, 0.2460937499999254208, 0.2499999999999237554, 0.3749999999999216183, 0.4374999999999205080, 0.4687499999999192868, 0.4843749999999186762, 0.4921874999999183431, 0.4960937499999184541, 0.4999999999999185096, 0.5624999999999296119, 0.5937499999999351630, 0.6093749999999373834, 0.6171874999999386047, 0.6249999999999397149, 0.6874999999999517053, 0.7187499999999572564, 0.7343749999999594769, 0.7421874999999602540, 0.7460937499999604761, 0.7499999999999608091, 1.000000000000000000 ),
 .UNSPECIFIED. ) ;
#3656 = CARTESIAN_POINT ( 'NONE',  ( -8.302055959018000308, -1.714193610334000306, -0.1286728707750000034 ) ) ;
#3657 = CARTESIAN_POINT ( 'NONE',  ( 10.81573852871686370, -8.376344215978761554, -7.499878453061588068 ) ) ;
#3658 = CARTESIAN_POINT ( 'NONE',  ( 8.340500656840999838, -1.811311829352999947, -0.2210533376900000180 ) ) ;
#3659 = CARTESIAN_POINT ( 'NONE',  ( 8.275735931288069835, 2.026970703768135076E-15, 24.00000000000000000 ) ) ;
#3660 = CARTESIAN_POINT ( 'NONE',  ( 11.12854939848219438, -4.453006399147965588, -7.500000007424741710 ) ) ;
#3661 = NEXT_ASSEMBLY_USAGE_OCCURRENCE ( 'NAUO1', ' ', ' ', #430, #2025, $ ) ;
#3662 = NEXT_ASSEMBLY_USAGE_OCCURRENCE ( 'NAUO2', ' ', ' ', #430, #1529, $ ) ;
#3663 = NEXT_ASSEMBLY_USAGE_OCCURRENCE ( 'NAUO3', ' ', ' ', #430, #1866, $ ) ;
ENDSEC;
END-ISO-10303-21;
